Date,DY_TCI_HC
2015-04-29,76.8729010547442
2015-04-30,76.7815155644913
2015-05-04,76.9351621786189
2015-05-05,76.5114679191116
2015-05-06,76.2875080970441
2015-05-07,76.626660946356
2015-05-08,76.4389438347771
2015-05-11,76.4920952737104
2015-05-12,75.949204931027
2015-05-13,75.9403497744505
2015-05-14,75.7625077275561
2015-05-15,76.1537305125063
2015-05-18,76.1410241233562
2015-05-19,76.1886708898382
2015-05-20,76.1040520894308
2015-05-21,76.113649421534
2015-05-22,76.3362575029172
2015-05-25,76.4032224389597
2015-05-26,76.4049832809764
2015-05-27,76.4408796374638
2015-05-28,81.3497162878115
2015-05-29,80.0416734497876
2015-06-01,80.7475490585493
2015-06-02,80.5851096011164
2015-06-03,80.3677351339247
2015-06-04,80.4590255472016
2015-06-05,80.684180660095
2015-06-08,80.5756521539069
2015-06-09,80.5484439624625
2015-06-10,80.543642724981
2015-06-11,80.4151747428316
2015-06-12,80.4072513981363
2015-06-15,80.2204878489525
2015-06-16,80.6741539399676
2015-06-17,80.4969813503379
2015-06-18,80.4690780472172
2015-06-19,81.6566393667008
2015-06-23,81.2789312804786
2015-06-24,81.2627970116182
2015-06-25,81.1264178446388
2015-06-26,83.1945881425387
2015-06-29,83.7276567151697
2015-06-30,82.72044257554
2015-07-01,83.2021601317456
2015-07-02,83.9890270464644
2015-07-03,83.483104467421
2015-07-06,83.7584684460068
2015-07-07,84.6208473093682
2015-07-08,84.4045437262872
2015-07-09,84.1273894323666
2015-07-10,84.1904727221119
2015-07-13,84.0534741122047
2015-07-14,84.1162909555032
2015-07-15,84.5533020441621
2015-07-16,84.1957600984617
2015-07-17,84.4865826102652
2015-07-20,84.5443744396667
2015-07-21,84.6823030472175
2015-07-22,84.4022104588562
2015-07-23,84.1646262596752
2015-07-24,84.2430230434035
2015-07-27,86.3266629267736
2015-07-28,85.6003062452644
2015-07-29,85.6564002258561
2015-07-30,85.5839952856003
2015-07-31,85.8317694228099
2015-08-03,85.6216951282599
2015-08-04,85.6193966002055
2015-08-05,85.5042412320833
2015-08-06,85.5163805736772
2015-08-07,85.4915639915937
2015-08-10,85.5794603510557
2015-08-11,85.4984140620629
2015-08-12,85.5025206611654
2015-08-13,85.6380110839643
2015-08-14,85.5791658133725
2015-08-17,85.5403049554595
2015-08-18,86.6889098028917
2015-08-19,86.4095086666876
2015-08-20,86.336503429467
2015-08-21,86.2787004084178
2015-08-24,87.4158019558442
2015-08-25,87.8314812389502
2015-08-26,87.2545222795234
2015-08-27,87.3116775568932
2015-08-28,87.4437094926587
2015-08-31,87.3601995337145
2015-09-01,87.4726135626456
2015-09-02,87.3880171112127
2015-09-07,87.3982044594256
2015-09-08,86.8994446510723
2015-09-09,86.7959314559065
2015-09-10,86.6612037091712
2015-09-11,86.602028290319
2015-09-14,86.8220311458784
2015-09-15,86.6868950419593
2015-09-16,87.0504903603618
2015-09-17,86.8795254826845
2015-09-18,86.8923405732081
2015-09-21,86.8671901534708
2015-09-22,87.0699138403991
2015-09-23,87.0562142020517
2015-09-24,87.1942579205719
2015-09-25,87.1889981629938
2015-09-28,87.3916553282661
2015-09-29,87.3729676798839
2015-09-30,87.6570639264491
2015-10-08,87.6258031552294
2015-10-09,87.6151311058306
2015-10-12,87.500694751688
2015-10-13,87.5456124147501
2015-10-14,87.5534270086298
2015-10-15,87.5393069369183
2015-10-16,87.6810250305881
2015-10-19,87.7433343023584
2015-10-20,87.3736050648819
2015-10-21,87.4176857797524
2015-10-22,87.352446451296
2015-10-23,87.257872992026
2015-10-26,87.3372609854089
2015-10-27,87.3162282371434
2015-10-28,87.2509108966401
2015-10-29,87.101330432898
2015-10-30,86.8771975178784
2015-11-02,86.9406922458193
2015-11-03,86.8793380676588
2015-11-04,87.0495603483224
2015-11-05,87.0755605125568
2015-11-06,86.9982757124522
2015-11-09,86.8152348792361
2015-11-10,86.897294911915
2015-11-11,86.8091031837798
2015-11-12,86.3057151311761
2015-11-13,86.3035617831195
2015-11-16,86.3418785939319
2015-11-17,86.156618625949
2015-11-18,86.2520109762878
2015-11-19,86.2627444727991
2015-11-20,86.6185821692332
2015-11-23,86.3986914142831
2015-11-24,86.437420575655
2015-11-25,86.6014139355133
2015-11-26,86.7394032202851
2015-11-27,86.9207618101299
2015-11-30,87.1439461989304
2015-12-01,87.2029958072218
2015-12-02,87.1376304730867
2015-12-03,87.2867342009191
2015-12-04,87.4369389860782
2015-12-07,87.3509225751394
2015-12-08,87.2777396364981
2015-12-09,87.2648661878267
2015-12-10,87.2498460953566
2015-12-11,87.1373518498568
2015-12-14,87.037096506268
2015-12-15,87.0280389921379
2015-12-16,87.0424598558049
2015-12-17,87.0177274297733
2015-12-18,86.9131599463813
2015-12-21,86.7199929144817
2015-12-22,86.7724540144332
2015-12-23,86.8257169935206
2015-12-24,86.7907006449742
2015-12-25,86.7467034663489
2015-12-28,86.6359618652318
2015-12-29,86.7183110332815
2015-12-30,86.5336789982163
2015-12-31,86.656435347029
2016-01-04,87.483574745731
2016-01-05,87.5468227844919
2016-01-06,87.5300612661235
2016-01-07,88.2871143042959
2016-01-08,88.4447079958511
2016-01-11,88.5930699607078
2016-01-12,88.5708999825628
2016-01-13,88.5698701994326
2016-01-14,88.506864017882
2016-01-15,88.6678217628779
2016-01-18,88.5404383389121
2016-01-19,88.5814280688218
2016-01-20,88.6177849828866
2016-01-21,88.6663582118395
2016-01-22,88.706992665976
2016-01-25,88.7171011589434
2016-01-26,88.7502204430237
2016-01-27,88.706107097712
2016-01-28,88.706904987907
2016-01-29,88.7537600948027
2016-02-01,88.8240502790238
2016-02-02,88.9300499485166
2016-02-03,88.8797809091262
2016-02-04,88.7952262360316
2016-02-05,88.9313847736279
2016-02-15,88.9762179672131
2016-02-16,89.1098270509636
2016-02-17,89.1963913854954
2016-02-18,89.2477100661625
2016-02-19,89.4009833051972
2016-02-22,89.4524760706281
2016-02-23,89.4846921245243
2016-02-24,89.6529607504926
2016-02-25,90.2210916736696
2016-02-26,90.2374679734512
2016-02-29,90.3112947329799
2016-03-01,90.3129433909994
2016-03-02,90.6104694042172
2016-03-03,90.693427896557
2016-03-04,90.6830117909294
2016-03-07,90.7218956362663
2016-03-08,90.8160078967229
2016-03-09,90.9038961947304
2016-03-10,90.9392072930691
2016-03-11,90.7873526880172
2016-03-14,90.7834083763375
2016-03-15,90.8003504149382
2016-03-16,90.9295521177097
2016-03-17,90.980931854967
2016-03-18,90.9543646038224
2016-03-21,90.9758789820305
2016-03-22,91.0361005075873
2016-03-23,91.091053165858
2016-03-24,91.1016328290498
2016-03-25,91.1138890310953
2016-03-28,91.1771627796948
2016-03-29,91.2134340934787
2016-03-30,91.2493592776217
2016-03-31,91.3129105349393
2016-04-01,91.2624397796635
2016-04-05,91.3312528923221
2016-04-06,91.3682865897821
2016-04-07,91.382691107305
2016-04-08,91.3888390661914
2016-04-11,91.4637896638037
2016-04-12,91.517167976787
2016-04-13,91.3930212170877
2016-04-14,91.3133829722928
2016-04-15,91.3736620024107
2016-04-18,91.3641209645001
2016-04-19,91.1931529516818
2016-04-20,91.2597081408373
2016-04-21,91.2297713556902
2016-04-22,91.1069527607472
2016-04-25,90.876815676806
2016-04-26,90.8270369162896
2016-04-27,90.9808211239638
2016-04-28,91.010748606506
2016-04-29,91.2661802681863
2016-05-03,91.2349210526994
2016-05-04,91.3583163808951
2016-05-05,91.5231097391132
2016-05-06,91.6505305703602
2016-05-09,91.5327965315699
2016-05-10,91.5832205741511
2016-05-11,91.6722513604718
2016-05-12,91.6883732250682
2016-05-13,91.6952547152367
2016-05-16,91.7977939524811
2016-05-17,91.8292526955415
2016-05-18,91.8486237506279
2016-05-19,91.7915228527266
2016-05-20,91.8659581234152
2016-05-23,91.8429956465157
2016-05-24,91.9100923443344
2016-05-25,91.9596454549479
2016-05-26,92.0014108515128
2016-05-27,92.0071145510455
2016-05-30,92.065379505796
2016-05-31,92.0895720739533
2016-06-01,92.08826099264
2016-06-02,92.1869708031822
2016-06-03,92.3474128644045
2016-06-06,92.3398246693321
2016-06-07,92.4163526362627
2016-06-08,92.4843786858772
2016-06-13,92.6324028354675
2016-06-14,92.6303859835254
2016-06-15,92.4816826460957
2016-06-16,92.5144972297525
2016-06-17,92.4409682877095
2016-06-20,92.1772078723391
2016-06-21,91.7807101778508
2016-06-22,91.884469128395
2016-06-23,91.8433364787807
2016-06-24,91.6480984853114
2016-06-27,91.7289792354964
2016-06-28,91.6583547163129
2016-06-29,91.8070483224736
2016-06-30,91.7951519989694
2016-07-01,91.8411918444398
2016-07-04,91.8597847725553
2016-07-05,91.8963784398053
2016-07-06,91.8627967431989
2016-07-07,91.8183552611745
2016-07-08,91.6512826090582
2016-07-11,91.2703600129907
2016-07-12,91.0355962102823
2016-07-13,91.089193637706
2016-07-14,91.092992123052
2016-07-15,91.1571065175895
2016-07-18,91.2133165599611
2016-07-19,91.2705786508195
2016-07-20,91.308670208346
2016-07-21,91.3476979743202
2016-07-22,91.4183074313857
2016-07-25,91.4781586172474
2016-07-26,91.4724775582308
2016-07-27,91.4862959965555
2016-07-28,91.4428122111542
2016-07-29,91.4822288425504
2016-08-01,91.5148974830681
2016-08-02,91.521662927511
2016-08-03,91.5043979994807
2016-08-04,91.517273625661
2016-08-05,91.6418921977623
2016-08-08,90.996833453203
2016-08-09,91.033948424679
2016-08-10,91.0306588718787
2016-08-11,91.0657605012554
2016-08-12,90.9997089988975
2016-08-15,91.0640571998726
2016-08-16,91.0827933020398
2016-08-17,91.005868613767
2016-08-18,91.0303973619625
2016-08-19,91.0835263255141
2016-08-22,90.8331724129286
2016-08-23,90.8817167789136
2016-08-24,90.8706634361992
2016-08-25,91.016009194377
2016-08-26,91.1731989917544
2016-08-29,91.2109558137979
2016-08-30,91.2700041187662
2016-08-31,91.3658522072473
2016-09-01,91.4207781494162
2016-09-02,91.4998267042317
2016-09-05,91.4778465509172
2016-09-06,91.4769974179015
2016-09-07,91.5417743681688
2016-09-08,91.4946248023901
2016-09-09,91.5737231975271
2016-09-12,91.5505220766725
2016-09-13,91.6198988014158
2016-09-14,91.5822680312073
2016-09-19,91.5032935294782
2016-09-20,91.5383108403283
2016-09-21,91.6265828861436
2016-09-22,91.644328490807
2016-09-23,91.713277108043
2016-09-26,91.7294888073142
2016-09-27,91.7640310352851
2016-09-28,91.805752967686
2016-09-29,91.7951651535076
2016-09-30,91.8521614340515
2016-10-10,91.6545326642161
2016-10-11,91.5844210455925
2016-10-12,91.8786321129002
2016-10-13,91.8899676286013
2016-10-14,91.9183848397917
2016-10-17,91.9247537085639
2016-10-18,92.0459908957154
2016-10-19,92.0736499293042
2016-10-20,92.2047859679872
2016-10-21,92.2356075599584
2016-10-24,92.1726542916299
2016-10-25,92.1559885085601
2016-10-26,91.7534589523703
2016-10-27,91.7664236178307
2016-10-28,90.3740054426945
2016-10-31,90.4632970305078
2016-11-01,90.5287060353134
2016-11-02,89.6153871803972
2016-11-03,89.7991708322102
2016-11-04,89.3494310324014
2016-11-07,89.1749400535626
2016-11-08,89.4314233449876
2016-11-09,89.4122894348693
2016-11-10,89.2877242985309
2016-11-11,89.1792688850144
2016-11-14,89.174792196408
2016-11-15,89.3356852526369
2016-11-16,89.2845539800064
2016-11-17,89.2858516066092
2016-11-18,89.3279682435932
2016-11-21,88.5207863661343
2016-11-22,88.3417696420398
2016-11-23,88.1809277680603
2016-11-24,88.1735673998218
2016-11-25,88.0173443484896
2016-11-28,87.8434710845876
2016-11-29,87.8466137677753
2016-11-30,87.8558429913276
2016-12-01,87.7614189404052
2016-12-02,87.8431796358714
2016-12-05,87.866729886061
2016-12-06,87.871244618638
2016-12-07,87.7987559711594
2016-12-08,87.6711706986773
2016-12-09,87.4636369315441
2016-12-12,87.5011778799039
2016-12-13,87.3484464639267
2016-12-14,83.8127037351175
2016-12-15,83.722302617986
2016-12-16,82.0960229414399
2016-12-19,81.8362959752793
2016-12-20,79.2582333627345
2016-12-21,79.1694762491561
2016-12-22,79.0396916907094
2016-12-23,79.046254852554
2016-12-26,79.2604284343678
2016-12-27,78.4226168077705
2016-12-28,78.4828010413687
2016-12-29,78.5725572941976
2016-12-30,78.4388760911044
2017-01-03,78.2443301699907
2017-01-04,78.2095568888716
2017-01-05,78.2293208252549
2017-01-06,78.2716598878195
2017-01-09,78.3538027428526
2017-01-10,78.4791104712733
2017-01-11,78.5192678941628
2017-01-12,77.8769750732541
2017-01-13,77.9864372467057
2017-01-16,77.9326872638612
2017-01-17,78.0286740578563
2017-01-18,77.3571001539396
2017-01-19,77.3714889136312
2017-01-20,77.7892704580152
2017-01-23,77.5909293235575
2017-01-24,77.6249615060764
2017-01-25,77.634004443717
2017-01-26,77.5254527057898
2017-02-03,77.4784021430543
2017-02-06,77.566871023043
2017-02-07,77.0833748762358
2017-02-08,76.9180949064486
2017-02-09,76.6745111686248
2017-02-10,77.0924300369936
2017-02-13,76.7435422538232
2017-02-14,76.3674801982891
2017-02-15,76.3619727892561
2017-02-16,76.2110694237083
2017-02-17,76.1885195519912
2017-02-20,75.9675189374862
2017-02-21,76.0617236631344
2017-02-22,76.0138881271983
2017-02-23,76.0370784149809
2017-02-24,76.1150715601102
2017-02-27,75.9522807655905
2017-02-28,75.9465797171123
2017-03-01,74.3471521788425
2017-03-02,71.5919577795734
2017-03-03,71.6477751554602
2017-03-06,71.6075582552427
2017-03-07,71.7028756794713
2017-03-08,71.7471006310137
2017-03-09,71.6990506264112
2017-03-10,71.7662031353499
2017-03-13,71.7767617978004
2017-03-14,71.8439729295934
2017-03-15,71.5464520406344
2017-03-16,71.5324702042702
2017-03-17,71.6781141967607
2017-03-20,71.3789221144838
2017-03-21,70.7733666419677
2017-03-22,70.0679034423908
2017-03-23,69.5665477756308
2017-03-24,67.3873888940408
2017-03-27,67.0109645897015
2017-03-28,66.951969602569
2017-03-29,66.6296153639614
2017-03-30,66.7737989462612
2017-03-31,66.526755162184
2017-04-05,66.9412715059538
2017-04-06,65.5549494395545
2017-04-07,65.8431507986495
2017-04-10,65.3862444264916
2017-04-11,65.5247824866553
2017-04-12,65.9462349883859
2017-04-13,65.7757803367262
2017-04-14,65.6085477661183
2017-04-17,65.7623642690815
2017-04-18,65.6952162955434
2017-04-19,65.6103507893125
2017-04-20,65.7008363408266
2017-04-21,65.4890757381425
2017-04-24,66.3443900048199
2017-04-25,66.0960058802396
2017-04-26,66.0626493543394
2017-04-27,64.2231022879992
2017-04-28,64.3527043963264
2017-05-02,64.3625569880145
2017-05-03,65.0480860416958
2017-05-04,64.6361000306602
2017-05-05,64.5172623250391
2017-05-08,64.453488441631
2017-05-09,64.3911260205586
2017-05-10,64.4406872898313
2017-05-11,64.1833999983964
2017-05-12,64.0844243028349
2017-05-15,64.0983909506197
2017-05-16,64.2706507860308
2017-05-17,64.0089450519976
2017-05-18,63.9318479699746
2017-05-19,63.5582611145477
2017-05-22,63.1752181709796
2017-05-23,62.426436917269
2017-05-24,61.8469474530014
2017-05-25,61.9757290492246
2017-05-26,62.0224926921597
2017-05-31,61.9044163467108
2017-06-01,62.0381181335813
2017-06-02,61.9380308327087
2017-06-05,61.863502291619
2017-06-06,61.3814017277225
2017-06-07,61.517370193857
2017-06-08,61.4741993739929
2017-06-09,61.5552530316195
2017-06-12,61.1638326439097
2017-06-13,60.90859715805
2017-06-14,60.5298203041793
2017-06-15,60.8586923453417
2017-06-16,61.0834848316852
2017-06-19,61.2277548600669
2017-06-20,61.2519429399032
2017-06-21,61.1581290830693
2017-06-22,60.9493103438689
2017-06-23,60.8824026927795
2017-06-26,60.9289924070969
2017-06-27,60.7669255319275
2017-06-28,60.6170659439533
2017-06-29,60.5062714897084
2017-06-30,60.7143151027637
2017-07-03,60.6268445426782
2017-07-04,60.4436134151135
2017-07-05,60.4460789246025
2017-07-06,60.3258977335279
2017-07-07,60.1903790332761
2017-07-10,59.8260254965323
2017-07-11,58.6418167962344
2017-07-12,58.7443010603225
2017-07-13,58.6062683553511
2017-07-14,58.4399614076295
2017-07-17,60.0915634624208
2017-07-18,59.8018210104194
2017-07-19,61.2187231462922
2017-07-20,61.0456037241841
2017-07-21,60.8216488785074
2017-07-24,60.784805503775
2017-07-25,60.6550861877166
2017-07-26,60.6026969845243
2017-07-27,60.4076164914341
2017-07-28,60.2346727772231
2017-07-31,61.2161892084342
2017-08-01,61.0589531426369
2017-08-02,61.1901325825884
2017-08-03,61.0433867272241
2017-08-04,61.1942165245295
2017-08-07,62.048078267032
2017-08-08,61.7178277648316
2017-08-09,61.5909321389172
2017-08-10,61.6056451611334
2017-08-11,65.1499690460752
2017-08-14,64.4777808640956
2017-08-15,64.3821135546025
2017-08-16,63.9629918605853
2017-08-17,63.9069751341124
2017-08-18,64.0081683742595
2017-08-21,63.928909100291
2017-08-22,63.8509105775113
2017-08-23,63.9721669737554
2017-08-24,63.9319348650613
2017-08-25,63.9556579999547
2017-08-28,63.7836433676474
2017-08-29,63.9781837847823
2017-08-30,63.9679893279195
2017-08-31,63.9664212790228
2017-09-01,64.2445826990785
2017-09-04,63.7726523496823
2017-09-05,63.8378640841582
2017-09-06,63.9545143651943
2017-09-07,63.9317210679672
2017-09-08,64.0089270429779
2017-09-11,63.9579881488593
2017-09-12,63.8804312044521
2017-09-13,63.7639468897875
2017-09-14,63.7339246228968
2017-09-15,63.8789013634218
2017-09-18,64.0979238726648
2017-09-19,64.0408567984344
2017-09-20,63.9949142164318
2017-09-21,64.1696307599646
2017-09-22,64.0201437180304
2017-09-25,63.9901621017372
2017-09-26,64.0460909203735
2017-09-27,64.1817187464335
2017-09-28,64.1393275504118
2017-09-29,63.3134513673703
2017-10-09,63.8332358434353
2017-10-10,63.8568892904306
2017-10-11,63.6503568418566
2017-10-12,63.3835819651294
2017-10-13,63.5415783526418
2017-10-16,63.4507824544455
2017-10-17,63.2909881765599
2017-10-18,63.545361257793
2017-10-19,63.514582892736
2017-10-20,63.3676352584445
2017-10-23,63.279656327303
2017-10-24,63.1052228025455
2017-10-25,63.1894315714127
2017-10-26,63.2222536830651
2017-10-27,63.2843649648224
2017-10-30,63.5748997553824
2017-10-31,63.5792482983885
2017-11-01,63.6812012889861
2017-11-02,63.5857076989031
2017-11-03,63.5201009312166
2017-11-06,63.5474706450668
2017-11-07,63.5355218569702
2017-11-08,63.5040700504045
2017-11-09,63.4284684208569
2017-11-10,63.2928115036212
2017-11-13,63.1752933217614
2017-11-14,63.0727626877157
2017-11-15,63.2528469026643
2017-11-16,63.0152960110495
2017-11-17,63.1610799665006
2017-11-20,63.1027342289248
2017-11-21,63.2250023373236
2017-11-22,63.2678992669134
2017-11-23,63.7647570852562
2017-11-24,63.3231820456594
2017-11-27,63.2744025103953
2017-11-28,63.4854113794082
2017-11-29,63.465037256773
2017-11-30,63.5482821598782
2017-12-01,63.6750330831608
2017-12-04,63.3331543142742
2017-12-05,63.3611403999612
2017-12-06,63.2193526045563
2017-12-07,63.1102625675691
2017-12-08,63.1148404567815
2017-12-11,63.3123714612757
2017-12-12,63.2850543476115
2017-12-13,63.4371867254137
2017-12-14,63.4812651494116
2017-12-15,63.5042735593066
2017-12-18,63.3726503671966
2017-12-19,63.4971044522999
2017-12-20,63.3839073890335
2017-12-21,63.629440684108
2017-12-22,63.368627153217
2017-12-25,63.1955663104895
2017-12-26,63.2714178118934
2017-12-27,63.3371249381057
2017-12-28,63.31097252993
2017-12-29,63.3245997882935
2018-01-02,64.4181099380484
2018-01-03,64.2317272449533
2018-01-04,64.2952008025968
2018-01-05,64.3995863616471
2018-01-08,64.5684360928361
2018-01-09,64.5348608170553
2018-01-10,64.5790115273418
2018-01-11,64.5981281929777
2018-01-12,64.6004303135326
2018-01-15,64.6868798505265
2018-01-16,64.5633331574489
2018-01-17,64.7588341618204
2018-01-18,64.8562829223767
2018-01-19,63.6382367035754
2018-01-22,63.6310234987986
2018-01-23,63.5136718249289
2018-01-24,63.8009485093203
2018-01-25,63.6530172733573
2018-01-26,63.7892851048423
2018-01-29,63.9699110803419
2018-01-30,63.8686345097879
2018-01-31,63.5158903499341
2018-02-01,63.6910236101797
2018-02-02,64.2577495965446
2018-02-05,63.4807299191772
2018-02-06,65.8175707684633
2018-02-07,65.2881724136977
2018-02-08,65.996605048881
2018-02-09,69.9620947356443
2018-02-12,69.470638237017
2018-02-13,69.3662106401255
2018-02-14,69.4484212934141
2018-02-22,69.7725748637758
2018-02-23,69.8561390084509
2018-02-26,69.7288240879582
2018-02-27,69.582257056352
2018-02-28,69.6538101660861
2018-03-01,69.5396250177426
2018-03-02,69.7084739641745
2018-03-05,69.78995048496
2018-03-06,69.927785561361
2018-03-07,69.803082778096
2018-03-08,69.7213697979891
2018-03-09,69.6996261736379
2018-03-12,69.9733058187006
2018-03-13,69.604680619822
2018-03-14,69.3783436029785
2018-03-15,69.4713602719328
2018-03-16,69.5269922638543
2018-03-19,69.6780632495789
2018-03-20,69.5932743160624
2018-03-21,69.8440058741751
2018-03-22,69.9574926999058
2018-03-23,72.3950438047118
2018-03-26,71.7276818702785
2018-03-27,71.707733316087
2018-03-28,71.7197603559146
2018-03-29,71.6838223611303
2018-03-30,71.8882145746868
2018-04-02,71.8878415607377
2018-04-03,71.8604391926522
2018-04-04,71.7821391057888
2018-04-09,71.340894335764
2018-04-10,71.1016516028442
2018-04-11,70.926037888621
2018-04-12,71.2474258222839
2018-04-13,71.3121812601095
2018-04-16,71.3777547896417
2018-04-17,71.2885066490408
2018-04-18,71.0631895230835
2018-04-19,70.9693853930172
2018-04-20,71.1748630701716
2018-04-23,70.9714818106148
2018-04-24,70.9582996135262
2018-04-25,70.9650211528413
2018-04-26,70.7047221775642
2018-04-27,70.531144189427
2018-05-02,70.5467030459661
2018-05-03,70.6112676605068
2018-05-04,70.6862989511058
2018-05-07,70.3533747564068
2018-05-08,70.6010514048297
2018-05-09,70.6255431945488
2018-05-10,70.5569408442824
2018-05-11,70.6243968390209
2018-05-14,69.3212728537684
2018-05-15,69.7181788119028
2018-05-16,69.2244840546505
2018-05-17,69.3776030254312
2018-05-18,69.2536308865918
2018-05-21,69.1734727901927
2018-05-22,69.2933744682293
2018-05-23,69.8554983619846
2018-05-24,69.545426424123
2018-05-25,69.5546000259053
2018-05-28,69.3366458386865
2018-05-29,69.4112008002837
2018-05-30,70.0634294004291
2018-05-31,70.0240431728075
2018-06-01,69.9186146604252
2018-06-04,69.9317575594112
2018-06-05,70.1255813797859
2018-06-06,69.5354025858345
2018-06-07,69.4773832166797
2018-06-08,69.5548751883194
2018-06-11,69.6155649493157
2018-06-12,69.6422144525924
2018-06-13,69.6563893011998
2018-06-14,69.628819421727
2018-06-15,69.6790999789296
2018-06-19,75.0547868454393
2018-06-20,74.1661241973926
2018-06-21,73.9353169171464
2018-06-22,73.9562149521416
2018-06-25,73.9740445043693
2018-06-26,74.1996947601202
2018-06-27,74.1880293050847
2018-06-28,74.3454202452491
2018-06-29,74.392910274707
2018-07-02,74.6007121251064
2018-07-03,74.3419916225708
2018-07-04,74.3539675666609
2018-07-05,74.1672149054951
2018-07-06,74.068761148527
2018-07-09,74.3802395403172
2018-07-10,74.3190140691675
2018-07-11,74.3665186279888
2018-07-12,74.5255738883741
2018-07-13,74.4586695830635
2018-07-16,74.1917887511293
2018-07-17,74.2156188208914
2018-07-18,74.223435719491
2018-07-19,74.0343920026353
2018-07-20,73.9425382312449
2018-07-23,73.9081708515488
2018-07-24,73.8247896618383
2018-07-25,73.7637766928494
2018-07-26,73.7160171420759
2018-07-27,73.8041759171712
2018-07-30,73.8012841986695
2018-07-31,73.591357441846
2018-08-01,73.5635205092714
2018-08-02,73.4854860987497
2018-08-03,73.3941310144312
2018-08-06,73.4087352065973
2018-08-07,74.0813135953008
2018-08-08,74.117357827237
2018-08-09,74.0416343472865
2018-08-10,74.0850436420498
2018-08-13,74.1000333047769
2018-08-14,74.0339639798381
2018-08-15,74.0105448412823
2018-08-16,73.9850578865843
2018-08-17,74.0623234831621
2018-08-20,74.044656160592
2018-08-21,73.9575650623399
2018-08-22,73.8500290686388
2018-08-23,73.9075807459178
2018-08-24,73.951188300534
2018-08-27,74.039376875484
2018-08-28,74.0573496783135
2018-08-29,74.1705776997006
2018-08-30,74.1646089777086
2018-08-31,74.2575244767078
2018-09-03,74.3147543725562
2018-09-04,74.3857885749088
2018-09-05,74.386974701434
2018-09-06,74.5204805482617
2018-09-07,74.5719399063923
2018-09-10,74.5924984408837
2018-09-11,74.4414236108816
2018-09-12,74.4769977732047
2018-09-13,74.5250790322757
2018-09-14,74.7397310164633
2018-09-17,74.8439296040149
2018-09-18,74.6073044039631
2018-09-19,74.5779813241815
2018-09-20,74.4512889675302
2018-09-21,74.397251558713
2018-09-25,74.5532237820199
2018-09-26,74.547321124434
2018-09-27,74.5842909903547
2018-09-28,74.545238488552
2018-10-08,75.2661036711369
2018-10-09,75.1196683792324
2018-10-10,75.1816275912268
2018-10-11,77.169079455891
2018-10-12,77.0976245447079
2018-10-15,77.1050815730403
2018-10-16,77.52938021006
2018-10-17,77.4140570276563
2018-10-18,78.6735487276971
2018-10-19,78.4978051257486
2018-10-22,78.9867420054709
2018-10-23,79.0647949249675
2018-10-24,78.9256736484198
2018-10-25,79.0667819968952
2018-10-26,78.8677715659263
2018-10-29,78.6215951251835
2018-10-30,78.5742065196207
2018-10-31,78.5637083792298
2018-11-01,78.4990475251175
2018-11-02,78.6359419798168
2018-11-05,78.6881005828841
2018-11-06,78.8896551573059
2018-11-07,79.056529716377
2018-11-08,79.0568847363167
2018-11-09,79.1989019246445
2018-11-12,79.2464660878295
2018-11-13,79.190493784372
2018-11-14,79.1107815202932
2018-11-15,79.087956091706
2018-11-16,79.2378699909751
2018-11-19,79.1260212503729
2018-11-20,79.250840425958
2018-11-21,79.3388566920393
2018-11-22,79.2112202497903
2018-11-23,79.4966422451865
2018-11-26,79.5534064361292
2018-11-27,79.6701866498194
2018-11-28,79.895681067832
2018-11-29,80.1087561731929
2018-11-30,80.2169558460806
2018-12-03,79.9461149308333
2018-12-04,80.0601596190471
2018-12-05,80.1856761394429
2018-12-06,79.6078266973462
2018-12-07,79.612098614933
2018-12-10,79.4710610706168
2018-12-11,79.5141724911066
2018-12-12,79.7948219271555
2018-12-13,79.4722212473041
2018-12-14,79.6027762165711
2018-12-17,79.731028357093
2018-12-18,79.7431498118845
2018-12-19,79.7659589297276
2018-12-20,79.8442585557527
2018-12-21,79.8172748746438
2018-12-24,80.0188686192036
2018-12-25,80.2291752141019
2018-12-26,80.2348706624038
2018-12-27,79.973200637483
2018-12-28,80.0024300657139
2019-01-02,79.9744348917561
2019-01-03,79.8228013681287
2019-01-04,79.6062449343703
2019-01-07,79.5039036632069
2019-01-08,79.6157163312551
2019-01-09,79.6676015930389
2019-01-10,79.7239114258485
2019-01-11,79.5306894799588
2019-01-14,78.406066661039
2019-01-15,78.486629296037
2019-01-16,78.6401089594717
2019-01-17,78.840018118956
2019-01-18,78.7927305683862
2019-01-21,78.6488014264371
2019-01-22,78.7167856721896
2019-01-23,78.7459368731663
2019-01-24,78.7981385705659
2019-01-25,78.9776692737254
2019-01-28,79.0407055703491
2019-01-29,79.0006362029013
2019-01-30,78.9596366853613
2019-01-31,78.8232402467494
2019-02-01,78.7954748814
2019-02-11,78.7811784995757
2019-02-12,78.6679613876876
2019-02-13,78.7741245999747
2019-02-14,78.9794247381706
2019-02-15,79.0279568578924
2019-02-18,79.2571780038282
2019-02-19,79.3262890802611
2019-02-20,79.4524773512485
2019-02-21,79.6019047050241
2019-02-22,79.5919705647821
2019-02-25,81.391344939555
2019-02-26,81.5159636808187
2019-02-27,81.3011471511489
2019-02-28,81.1771210562707
2019-03-01,81.0585808039478
2019-03-04,80.9488853956366
2019-03-05,80.9617146138483
2019-03-06,80.9159629873755
2019-03-07,80.636109427692
2019-03-08,82.120278477049
2019-03-11,82.172761609298
2019-03-12,82.2443259690048
2019-03-13,82.2521404983069
2019-03-14,82.1868279354484
2019-03-15,82.4204922680377
2019-03-18,82.4838499687934
2019-03-19,82.325392542545
2019-03-20,82.3445246421667
2019-03-21,82.2185879470271
2019-03-22,81.6557323213217
2019-03-25,81.5777086855821
2019-03-26,81.6603599277607
2019-03-27,81.6085918299339
2019-03-28,81.6219031666612
2019-03-29,81.7151975382905
2019-04-01,81.6747283251296
2019-04-02,81.816592068207
2019-04-03,81.911729903667
2019-04-04,81.8479910232975
2019-04-08,81.827406742232
2019-04-09,81.8666657034308
2019-04-10,81.816411995846
2019-04-11,79.6325181805629
2019-04-12,79.6852333736013
2019-04-15,79.7207333501973
2019-04-16,79.8035578868504
2019-04-17,79.8102551976751
2019-04-18,79.9253984250409
2019-04-19,79.9304799906998
2019-04-22,80.194373768913
2019-04-23,80.1720519556353
2019-04-24,80.1085116092252
2019-04-25,80.393270002505
2019-04-26,80.9909657544597
2019-04-29,80.9033258900257
2019-04-30,80.9747497748046
2019-05-06,82.5524431844761
2019-05-07,82.467061981013
2019-05-08,82.4792256959461
2019-05-09,82.559393373321
2019-05-10,82.6427497491263
2019-05-13,82.6894156937869
2019-05-14,82.6747599952418
2019-05-15,82.728203431025
2019-05-16,82.6853888573962
2019-05-17,82.8816684448315
2019-05-20,82.9803184003836
2019-05-21,83.055085981411
2019-05-22,83.1054296067033
2019-05-23,83.0599040054024
2019-05-24,83.1407729560129
2019-05-27,83.1008284562805
2019-05-28,83.0671013502817
2019-05-29,83.1586522864522
2019-05-30,83.184707222063
2019-05-31,83.2312944496143
2019-06-03,83.3020229302996
2019-06-04,82.7854776836574
2019-06-05,83.0282174815757
2019-06-06,83.0411744950155
2019-06-10,82.9860820812298
2019-06-11,83.125720888068
2019-06-12,83.1958638723653
2019-06-13,83.3436397956586
2019-06-14,83.3191994808249
2019-06-17,83.3846109666838
2019-06-18,83.504408467839
2019-06-19,83.615367016
2019-06-20,83.6471017676153
2019-06-21,83.6172897707731
2019-06-24,83.6624676380787
2019-06-25,83.6753292013764
2019-06-26,83.5086491327293
2019-06-27,83.3087634381795
2019-06-28,83.3420548377058
2019-07-01,83.4296911517078
2019-07-02,83.4076213607825
2019-07-03,83.4692383430244
2019-07-04,83.5519807755677
2019-07-05,83.709675199291
2019-07-08,83.9445210477666
2019-07-09,84.0043230056126
2019-07-10,84.1247039968479
2019-07-11,83.8672991817454
2019-07-12,84.0040286590776
2019-07-15,84.0728570917287
2019-07-16,84.1291834747084
2019-07-17,84.3165848396479
2019-07-18,84.368370878095
2019-07-19,84.2394515688102
2019-07-22,84.4284935049884
2019-07-23,84.1363718458528
2019-07-24,84.2295954482179
2019-07-25,84.3390951607867
2019-07-26,84.4464408201306
2019-07-29,84.5182913698881
2019-07-30,84.4479905625417
2019-07-31,84.5191546714418
2019-08-01,83.1878756868467
2019-08-02,83.4864722158125
2019-08-05,83.615629395331
2019-08-06,83.5751008158999
2019-08-07,83.6392904307539
2019-08-08,83.3149148847685
2019-08-09,83.4771727573885
2019-08-12,82.175446182202
2019-08-13,82.0654950987462
2019-08-14,82.2218806571025
2019-08-15,82.2790606093978
2019-08-16,82.3103255458993
2019-08-19,82.6735944832391
2019-08-20,82.780109102679
2019-08-21,82.8434743162753
2019-08-22,82.8872155630257
2019-08-23,82.2949195477507
2019-08-26,82.2976030551002
2019-08-27,82.3264564801825
2019-08-28,82.2609050658181
2019-08-29,82.2062941772404
2019-08-30,82.2911970755656
2019-09-02,82.1724629080273
2019-09-03,82.1120399182822
2019-09-04,82.1191390667745
2019-09-05,82.1325722963187
2019-09-06,82.0601420444714
2019-09-09,82.2170196817851
2019-09-10,82.0890205904456
2019-09-11,82.0500908269983
2019-09-12,82.1746443455383
2019-09-16,81.8609978625492
2019-09-17,81.8851196876087
2019-09-18,81.7943412307764
2019-09-19,81.7903393500411
2019-09-20,81.8500778108608
2019-09-23,81.8578268026974
2019-09-24,81.8400946034332
2019-09-25,81.7282643985054
2019-09-26,81.731057957696
2019-09-27,81.662878135821
2019-09-30,81.653717664411
2019-10-08,81.6087527856142
2019-10-09,81.4528493050236
2019-10-10,81.320338329264
2019-10-11,81.389276970229
2019-10-14,81.5724386301345
2019-10-15,81.5182516237662
2019-10-16,81.6094017873931
2019-10-17,81.6755471852164
2019-10-18,81.6506025796688
2019-10-21,81.6798871146751
2019-10-22,81.5931450587281
2019-10-23,81.6433739911793
2019-10-24,81.6528735401532
2019-10-25,81.9610737843938
2019-10-28,81.9953450860063
2019-10-29,82.0459410187826
2019-10-30,81.9821679297138
2019-10-31,81.9636669934062
2019-11-01,82.0110291858799
2019-11-04,81.9869833080831
2019-11-05,82.0032649815648
2019-11-06,81.9417057260834
2019-11-07,81.960893055988
2019-11-08,82.1117345467757
2019-11-11,82.1751312874683
2019-11-12,82.2075143450053
2019-11-13,82.1866052479801
2019-11-14,82.2481306341667
2019-11-15,82.2694249741023
2019-11-18,82.2279524187375
2019-11-19,82.383266972063
2019-11-20,82.3828412355672
2019-11-21,82.3974555138197
2019-11-22,82.2275014562822
2019-11-25,82.323376954257
2019-11-26,82.3553700013193
2019-11-27,81.8093890121893
2019-11-28,81.7344431880884
2019-11-29,81.7463705443551
2019-12-02,81.8135236404869
2019-12-03,81.8700292521084
2019-12-04,81.9598334860001
2019-12-05,81.9578981952677
2019-12-06,81.8165075115741
2019-12-09,81.5458143010007
2019-12-10,81.5286849470394
2019-12-11,81.5045998320779
2019-12-12,81.4044656807342
2019-12-13,79.0614307931294
2019-12-16,79.2302892734954
2019-12-17,79.2902620109065
2019-12-18,79.1577781116712
2019-12-19,79.3691572206087
2019-12-20,79.3878281071169
2019-12-23,79.1715017374347
2019-12-24,79.0726795180576
2019-12-25,78.9441833499941
2019-12-26,77.8970392188112
2019-12-27,77.9900778945063
2019-12-30,78.0721920607508
2019-12-31,78.0689345886356
2020-01-02,78.112223779729
2020-01-03,78.1090215203844
2020-01-06,77.6864771033489
2020-01-07,77.7645386116877
2020-01-08,77.7302402294518
2020-01-09,77.5952204556224
2020-01-10,77.6815264015553
2020-01-13,77.2929944855541
2020-01-14,76.6003081854872
2020-01-15,76.7849595499443
2020-01-16,76.8072419897285
2020-01-17,76.8270669948647
2020-01-20,75.2419579914404
2020-01-21,75.5389074861951
2020-01-22,75.6402816628911
2020-01-23,77.3891686783036
2020-02-03,88.702236741544
2020-02-04,87.4231753197541
2020-02-05,87.249925858516
2020-02-06,87.0134527149399
2020-02-07,87.1648989039282
2020-02-10,87.1022972605036
2020-02-11,87.11126691734
2020-02-12,87.1538088310947
2020-02-13,87.1559671767517
2020-02-14,87.3341903756438
2020-02-17,87.408635680502
2020-02-18,87.4459831142372
2020-02-19,87.4171438681371
2020-02-20,87.2063823070102
2020-02-21,87.4158864964801
2020-02-24,87.4619125643327
2020-02-25,87.3921132507834
2020-02-26,86.4225806220103
2020-02-27,86.2760646500228
2020-02-28,86.6657652212965
2020-03-02,86.9029461074256
2020-03-03,86.5350958840348
2020-03-04,86.4742260521855
2020-03-05,86.4296333727608
2020-03-06,86.4083465216726
2020-03-09,87.0833012623329
2020-03-10,86.9459718107267
2020-03-11,86.9217406786331
2020-03-12,86.980700735242
2020-03-13,87.0695836653411
2020-03-16,87.3257135801939
2020-03-17,87.3575630456487
2020-03-18,87.3456153006128
2020-03-19,87.1469078893628
2020-03-20,87.0998537451944
2020-03-23,87.2660644392634
2020-03-24,87.2162491089734
2020-03-25,87.0688585558225
2020-03-26,87.1336403489229
2020-03-27,87.1238561702847
2020-03-30,87.0906250703218
2020-03-31,87.0716175143686
2020-04-01,86.7381884996775
2020-04-02,86.7007152932274
2020-04-03,86.8564553136294
2020-04-07,87.1189829046018
2020-04-08,87.2214999472742
2020-04-09,87.4902633136963
2020-04-10,87.4606848360026
2020-04-13,87.4413685255853
2020-04-14,87.4535333417276
2020-04-15,87.4329313664239
2020-04-16,87.3794314449336
2020-04-17,87.4847943238441
2020-04-20,87.4734900074718
2020-04-21,87.4680098200438
2020-04-22,87.3162897804626
2020-04-23,87.2443872800633
2020-04-24,87.1350276486117
2020-04-27,86.9540018562164
2020-04-28,86.8860956869209
2020-04-29,86.614745210047
2020-04-30,86.5846042279744
2020-05-06,86.5847289995847
2020-05-07,86.5726014493183
2020-05-08,86.4788313753684
2020-05-11,86.3903408576493
2020-05-12,86.4090953345232
2020-05-13,86.3847367690486
2020-05-14,86.3786175365138
2020-05-15,86.5615795340839
2020-05-18,86.561657083398
2020-05-19,86.3834443247136
2020-05-20,86.2981969713462
2020-05-21,86.2483217530162
2020-05-22,86.1482580091724
2020-05-25,86.0760898574222
2020-05-26,86.0021817706211
2020-05-27,85.9893287949549
2020-05-28,86.0047865234173
2020-05-29,86.0353876525184
2020-06-01,85.9693243997206
2020-06-02,85.8481788444495
2020-06-03,85.8615674784187
2020-06-04,85.9535619864816
2020-06-05,86.0219429136029
2020-06-08,86.0329446659092
2020-06-09,85.9634890187685
2020-06-10,85.8966952746996
2020-06-11,85.872056816892
2020-06-12,85.8277344999082
2020-06-15,85.6193938108294
2020-06-16,85.4615986467744
2020-06-17,85.4077804256352
2020-06-18,85.2811821151179
2020-06-19,85.4312389548158
2020-06-22,85.3635698416196
2020-06-23,85.4393997457723
2020-06-24,85.606540983067
2020-06-29,85.6121283577635
2020-06-30,85.6190490183474
2020-07-01,85.7359280281994
2020-07-02,85.8252121401966
2020-07-03,85.6667564514585
2020-07-06,87.1688498475167
2020-07-07,86.8247175521623
2020-07-08,86.7697235940658
2020-07-09,86.9797162107248
2020-07-10,86.9335971964822
2020-07-13,87.1334269389045
2020-07-14,87.0896668777982
2020-07-15,87.0902521853519
2020-07-16,87.1178731803077
2020-07-17,86.989886523653
2020-07-20,87.8193540846676
2020-07-21,87.5887379946482
2020-07-22,87.4195485460305
2020-07-23,87.3889060121825
2020-07-24,87.6086454291316
2020-07-27,87.4715933475277
2020-07-28,87.4879451908619
2020-07-29,87.4980904012484
2020-07-30,87.4699391621044
2020-07-31,87.4960968064854
2020-08-03,87.3581087419509
2020-08-04,87.3969156538346
2020-08-05,87.2145533247639
2020-08-06,87.1398033991219
2020-08-07,86.9707741784178
2020-08-10,86.9113452790121
2020-08-11,86.8667230556262
2020-08-12,86.7103923430455
2020-08-13,86.7137152849532
2020-08-14,86.7054474422966
2020-08-17,86.4459206845363
2020-08-18,86.463487263701
2020-08-19,86.128265041625
2020-08-20,86.1137629004297
2020-08-21,86.1418170103414
2020-08-24,86.1328714504103
2020-08-25,86.0416328134482
2020-08-26,85.9723357038983
2020-08-27,85.9719906726039
2020-08-28,85.9303220342367
2020-08-31,85.8051350564625
2020-09-01,85.7451695691094
2020-09-02,85.7355577296824
2020-09-03,85.7942978374368
2020-09-04,85.9271433490371
2020-09-07,85.8389898967417
2020-09-08,85.7448902881553
2020-09-09,85.495404371144
2020-09-10,85.5639444249976
2020-09-11,85.4251330587879
2020-09-14,85.4430172451169
2020-09-15,85.5514777493166
2020-09-16,85.5475577667996
2020-09-17,85.5336834672025
2020-09-18,85.3701529304471
2020-09-21,85.2835026677297
2020-09-22,85.225634277676
2020-09-23,85.3124619040986
2020-09-24,85.2611775549493
2020-09-25,85.2418949272596
2020-09-28,84.8576843735999
2020-09-29,84.9663247517663
2020-09-30,85.0157375708879
2020-10-09,84.8862303114596
2020-10-12,84.8221709194004
2020-10-13,84.793264023345
2020-10-14,84.6844243949865
2020-10-15,84.6002505725529
2020-10-16,84.4824125181227
2020-10-19,84.3031131221549
2020-10-20,84.2276513904143
2020-10-21,84.2434923713903
2020-10-22,84.5664898666833
2020-10-23,84.6151134000137
2020-10-26,84.6078308814126
2020-10-27,84.6419961119543
2020-10-28,84.7393973985851
2020-10-29,84.7563150966433
2020-10-30,84.6874291557961
2020-11-02,84.6328299955109
2020-11-03,84.8128042462558
2020-11-04,84.7962446329589
2020-11-05,85.0114781549195
2020-11-06,85.041158756363
2020-11-09,84.9146321251647
2020-11-10,84.8059969120577
2020-11-11,84.7581007869727
2020-11-12,84.7568009283739
2020-11-13,84.7273185626942
2020-11-16,84.740347931052
2020-11-17,84.5374324071725
2020-11-18,84.6218968702223
2020-11-19,84.6270722565474
2020-11-20,83.9268039802411
2020-11-23,77.2888099507314
2020-11-24,77.2590850023244
2020-11-25,77.2649778387651
2020-11-26,77.37277270941
2020-11-27,77.0401621962171
2020-11-30,77.1283548926035
2020-12-01,77.1702726469449
2020-12-02,76.9951860537109
2020-12-03,76.8937116990235
2020-12-04,76.9734991591037
2020-12-07,76.7992838642614
2020-12-08,76.6282855374786
2020-12-09,76.6196052547589
2020-12-10,76.75406101089
2020-12-11,76.6260040525571
2020-12-14,76.5828472270331
2020-12-15,76.5949609052692
2020-12-16,76.9191677739639
2020-12-17,76.915690800941
2020-12-18,76.1833188529339
2020-12-21,74.8297851217533
2020-12-22,75.4844996677705
2020-12-23,75.2353250632721
2020-12-24,75.2438765592625
2020-12-25,75.0250633854631
2020-12-28,73.7614000407004
2020-12-29,73.9101924960385
2020-12-30,73.7133074830865
2020-12-31,73.6414419924835
2021-01-04,73.1603304489869
2021-01-05,72.5091446599454
2021-01-06,72.4902568673097
2021-01-07,72.3851258069951
2021-01-08,72.2938847264021
2021-01-11,72.7458687760107
2021-01-12,72.0092727207958
2021-01-13,71.9828585408008
2021-01-14,71.9545692150521
2021-01-15,71.9762130028155
2021-01-18,71.7835998799501
2021-01-19,71.8329121782348
2021-01-20,71.7863815567492
2021-01-21,71.844143714729
2021-01-22,71.3729820904882
2021-01-25,71.2147371140288
2021-01-26,71.0552595197767
2021-01-27,71.188602171464
2021-01-28,70.9495485356319
2021-01-29,70.8743601882783
2021-02-01,70.9752728028953
2021-02-02,71.1100156034316
2021-02-03,71.0612973482297
2021-02-04,71.005928439659
2021-02-05,70.8997891702164
2021-02-08,71.3025683254796
2021-02-09,71.0609054534364
2021-02-10,70.7923620068731
2021-02-18,72.0812069203361
2021-02-19,71.9512534041021
2021-02-22,72.4827139353908
2021-02-23,72.935277611923
2021-02-24,71.8358371384279
2021-02-25,71.8878980724524
2021-02-26,71.8660985420093
2021-03-01,71.4638898706747
2021-03-02,71.1570257332963
2021-03-03,70.7039214428852
2021-03-04,70.6095227309826
2021-03-05,70.3085104309919
2021-03-08,70.2318819451519
2021-03-09,70.043313413395
2021-03-10,69.6047779362589
2021-03-11,69.6668671160003
2021-03-12,69.4613920306366
2021-03-15,69.2089130889222
2021-03-16,68.9729724603548
2021-03-17,68.8968965335298
2021-03-18,68.7814158358641
2021-03-19,68.3701146645406
2021-03-22,68.2592730653154
2021-03-23,68.1219731308191
2021-03-24,68.7217209626838
2021-03-25,68.4570518039982
2021-03-26,68.272215280032
2021-03-29,68.3092824423533
2021-03-30,68.485495195167
2021-03-31,68.5801387607719
2021-04-01,68.2308035172966
2021-04-02,68.3663871918401
2021-04-06,68.5543863141194
2021-04-07,68.2947886195287
2021-04-08,68.2262912031965
2021-04-09,68.1432987216787
2021-04-12,68.1496517131638
2021-04-13,68.171418342543
2021-04-14,67.6072073836814
2021-04-15,67.4264555126167
2021-04-16,67.0363792090813
2021-04-19,67.2105138027067
2021-04-20,67.3857019469382
2021-04-21,67.2733408194148
2021-04-22,67.6015164037699
2021-04-23,67.7543041750297
2021-04-26,67.7604466935953
2021-04-27,65.721670503365
2021-04-28,65.9485038062259
2021-04-29,65.8684755016665
2021-04-30,65.8157642487626
2021-05-06,65.7858889195712
2021-05-07,65.2128397645548
2021-05-10,65.7363185482845
2021-05-11,65.5597231510261
2021-05-12,65.2098897559959
2021-05-13,65.6270640853493
2021-05-14,63.4892261651553
2021-05-17,63.7238622125086
2021-05-18,63.6927358880022
2021-05-19,63.6425768137347
2021-05-20,63.0805487827328
2021-05-21,63.1445340438423
2021-05-24,63.078238819174
2021-05-25,63.1751540697036
2021-05-26,63.0952650531103
2021-05-27,63.0246724793984
2021-05-28,63.2239882798977
2021-05-31,62.7967062817727
2021-06-01,62.7330588756157
2021-06-02,62.6405040130414
2021-06-03,62.5632166406943
2021-06-04,62.7794499442117
2021-06-07,63.1662804646232
2021-06-08,63.1887071577297
2021-06-09,63.2271906565
2021-06-10,63.3132629083575
2021-06-11,63.254836347655
2021-06-15,63.1364877069372
2021-06-16,62.7358877027752
2021-06-17,63.0914958682043
2021-06-18,62.8975100305442
2021-06-21,62.9110960747267
2021-06-22,62.6563264346163
2021-06-23,62.603257709497
2021-06-24,62.2870082352736
2021-06-25,62.1612006875007
2021-06-28,62.214342485132
2021-06-29,62.1051585578827
2021-06-30,62.452739750266
2021-07-01,62.2834107654307
2021-07-02,62.163827173226
2021-07-05,62.1274147961668
2021-07-06,61.8180873144952
2021-07-07,61.2790261450074
2021-07-08,61.4330607113903
2021-07-09,61.4492427934073
2021-07-12,61.1412321886542
2021-07-13,61.0122980488647
2021-07-14,60.7999893636446
2021-07-15,60.7889777074209
2021-07-16,60.7445015903758
2021-07-19,60.5179701957071
2021-07-20,60.4988729139141
2021-07-21,60.249149572698
2021-07-22,60.0517340974295
2021-07-23,59.7830161356164
2021-07-26,59.584217079449
2021-07-27,59.703553315168
2021-07-28,59.4166414385555
2021-07-29,59.5346196845685
2021-07-30,59.4973828042958
2021-08-02,60.1019328156432
2021-08-03,59.7524688345873
2021-08-04,59.671670220723
2021-08-05,59.5125048532174
2021-08-06,59.3435448050854
2021-08-09,59.1472966388732
2021-08-10,59.254182999771
2021-08-11,60.1479457326814
2021-08-12,64.5116324897139
2021-08-13,60.0789517126176
2021-08-16,60.1778570963355
2021-08-17,59.9862724903836
2021-08-18,59.9842057469725
2021-08-19,59.8760926563915
2021-08-20,59.9166365680704
2021-08-23,59.8400443783077
2021-08-24,59.664834592203
2021-08-25,59.5244526099449
2021-08-26,59.498243639462
2021-08-27,59.5969149448461
2021-08-30,59.7809380010002
2021-08-31,60.1505944076127
2021-09-01,60.3822355886224
2021-09-02,60.5849432973551
2021-09-03,60.1614395299372
2021-09-06,59.7328293704578
2021-09-07,59.752858920278
2021-09-08,59.8624254493184
2021-09-09,60.0567751734007
2021-09-10,60.1713363975107
2021-09-13,60.151406742625
2021-09-14,59.8309398236091
2021-09-15,59.983073448615
2021-09-16,59.9184604431817
2021-09-17,59.4664935606034
2021-09-22,60.8320698330156
2021-09-23,60.1935614456352
2021-09-24,61.3634483473796
2021-09-27,61.8657382562375
2021-09-28,61.3333288965989
2021-09-29,61.5593356379774
2021-09-30,61.1489939074421
2021-10-08,61.238125432533
2021-10-11,61.3764418200777
2021-10-12,61.1413276665636
2021-10-13,61.185374401962
2021-10-14,60.7495337873341
2021-10-15,60.7976742758987
2021-10-18,60.7234922703258
2021-10-19,60.6433251425672
2021-10-20,60.7411474356875
2021-10-21,60.312400148499
2021-10-22,60.6109718626972
2021-10-25,60.3820653341362
2021-10-26,60.5621884526822
2021-10-27,60.9631365020123
2021-10-28,61.6996043601007
2021-10-29,61.5431521705102
2021-11-01,61.5476492139665
2021-11-02,61.5851852775775
2021-11-03,61.6291876847245
2021-11-04,61.8563910845995
2021-11-05,62.6908821690025
2021-11-08,62.3771745975706
2021-11-09,62.433152207602
2021-11-10,62.4794187572692
2021-11-11,62.4888853026708
2021-11-12,62.3815593419193
2021-11-15,62.514933497191
2021-11-16,62.44744223498
2021-11-17,62.6720228845151
2021-11-18,62.6438621622715
2021-11-19,62.7042235295999
2021-11-22,62.8598594636337
2021-11-23,63.0279306240604
2021-11-24,62.8693360380073
2021-11-25,63.2442229576481
2021-11-26,63.1394423723384
2021-11-29,63.2125922979441
2021-11-30,63.4135383134873
2021-12-01,63.3436492179822
2021-12-02,63.4588421364342
2021-12-03,63.6195856033166
2021-12-06,63.5661845933806
2021-12-07,63.5225353025505
2021-12-08,63.5143626349126
2021-12-09,63.3668768924965
2021-12-10,63.2820377836635
2021-12-13,63.0551403136191
2021-12-14,63.0906146236566
2021-12-15,63.2124275828901
2021-12-16,63.2678269856701
2021-12-17,63.0452673916839
2021-12-20,62.8758423491348
2021-12-21,62.9713352977851
2021-12-22,62.8843543860292
2021-12-23,62.5781704653341
2021-12-24,62.5579413323576
2021-12-27,62.6642578133709
2021-12-28,62.7224923276297
2021-12-29,62.817590683315
2021-12-30,63.2328214376417
2021-12-31,63.3516961845329
2022-01-04,63.0301015310155
2022-01-05,63.1870372160241
2022-01-06,63.7903302258117
2022-01-07,63.7564915043187
2022-01-10,63.9276787098167
2022-01-11,63.9112386672615
2022-01-12,63.7085331253123
2022-01-13,63.798167004105
2022-01-14,63.781379043897
2022-01-17,64.2930923533481
2022-01-18,64.2974083474516
2022-01-19,64.1177103556162
2022-01-20,64.3108276346473
2022-01-21,64.4813567391301
2022-01-24,64.284172209316
2022-01-25,64.8586803446923
2022-01-26,64.625574213994
2022-01-27,64.7070182399514
2022-01-28,64.832458517191
2022-02-07,66.0754264464241
2022-02-08,65.8500202355705
2022-02-09,65.9038783754397
2022-02-10,65.8803481008893
2022-02-11,66.0277882639146
2022-02-14,66.0515544433012
2022-02-15,66.0722516257921
2022-02-16,65.9798092877396
2022-02-17,65.9311770165358
2022-02-18,65.888489024221
2022-02-21,65.9403880995663
2022-02-22,65.9410374111987
2022-02-23,66.1237224557104
2022-02-24,66.076765294699
2022-02-25,66.0479123298986
2022-02-28,66.0671155169339
2022-03-01,66.0630289443697
2022-03-02,66.04768678601
2022-03-03,65.897180974083
2022-03-04,65.6721461271903
2022-03-07,65.1127567019953
2022-03-08,66.0805302740182
2022-03-09,65.8409325107035
2022-03-10,65.6739187898698
2022-03-11,65.7270457575714
2022-03-14,65.4232787101838
2022-03-15,73.0540367022809
2022-03-16,71.2020108668979
2022-03-17,71.1950387253991
2022-03-18,71.2491417630769
2022-03-21,71.144043944922
2022-03-22,71.4767947635303
2022-03-23,71.7157899632057
2022-03-24,71.6879345376276
2022-03-25,71.7602974489774
2022-03-28,71.8752340015749
2022-03-29,71.8656707727942
2022-03-30,71.7650505469467
2022-03-31,71.7639566076739
2022-04-01,71.923023423376
2022-04-06,71.8020428914786
2022-04-07,71.9223248916808
2022-04-08,71.9377881421152
2022-04-11,71.9481519951478
2022-04-12,71.7795719725431
2022-04-13,71.7467433939052
2022-04-14,71.9316451990946
2022-04-15,71.8483545157995
2022-04-18,71.8787487188827
2022-04-19,71.7120340883508
2022-04-20,72.0375571878506
2022-04-21,72.3781339132849
2022-04-22,72.2505933587964
2022-04-25,74.3770711822577
2022-04-26,74.2757402696732
2022-04-27,74.4538173524334
2022-04-28,74.5154865072537
2022-04-29,74.3869171240639
2022-05-05,74.4245404784768
2022-05-06,74.4214969147522
2022-05-09,74.5092962453684
2022-05-10,74.5612030437715
2022-05-11,74.7157340759541
2022-05-12,75.29775555423
2022-05-13,75.5728967876134
2022-05-16,75.5815691024196
2022-05-17,75.6919249783266
2022-05-18,75.8350926519484
2022-05-19,75.927437248644
2022-05-20,75.9494157326602
2022-05-23,76.1936248965985
2022-05-24,76.2743679063875
2022-05-25,76.2328547590814
2022-05-26,76.3617750327956
2022-05-27,76.481906078294
2022-05-30,76.8202011716208
2022-05-31,76.9869595490986
2022-06-01,77.2080064892261
2022-06-02,77.2782321665807
2022-06-06,77.2822890606
2022-06-07,77.6745965123535
2022-06-08,77.6140444209006
2022-06-09,77.5670411829579
2022-06-10,77.603279967934
2022-06-13,77.6418178712225
2022-06-14,77.6318884594789
2022-06-15,77.6864889573102
2022-06-16,77.9028970734846
2022-06-17,78.0032516699981
2022-06-20,77.9964128023831
2022-06-21,78.1069247701244
2022-06-22,78.1772578649445
2022-06-23,78.2570229211967
2022-06-24,78.434384015386
2022-06-27,78.5438081358943
2022-06-28,78.612373848313
2022-06-29,78.6617970370242
2022-06-30,78.6625790878394
2022-07-01,78.678638240625
2022-07-04,78.7223830570494
2022-07-05,78.5168102182872
2022-07-06,78.5620817462431
2022-07-07,78.5662422702723
2022-07-08,78.6805434296151
2022-07-11,78.721773355831
2022-07-12,78.7420434001268
2022-07-13,78.3751518629791
2022-07-14,78.4434668061774
2022-07-15,78.4245370691655
2022-07-18,78.6447105199226
2022-07-19,78.1513119964432
2022-07-20,78.4014498726148
2022-07-21,78.2648077858618
2022-07-22,78.0567172885447
2022-07-25,77.9788470496579
2022-07-26,77.8241618176491
2022-07-27,76.8578092210555
2022-07-28,76.8495644961382
2022-07-29,76.8339791535401
2022-08-01,77.167486446018
2022-08-02,77.1109391728459
2022-08-03,77.0558366009634
2022-08-04,77.0866512474541
2022-08-05,77.17136751088
2022-08-08,77.3898250772466
2022-08-09,77.3373864816738
2022-08-10,77.3052321755897
2022-08-11,77.3321878312193
2022-08-12,77.0058413919904
2022-08-15,77.1880687513803
2022-08-16,77.3505821255624
2022-08-17,77.2802449101764
2022-08-18,77.2724844664144
2022-08-19,77.375143002074
2022-08-22,77.2964939379078
2022-08-23,77.167209241062
2022-08-24,77.1623262243481
2022-08-25,77.1287341463493
2022-08-26,77.0986507903919
2022-08-29,77.0510396861564
2022-08-30,77.0533229343275
2022-08-31,77.1344585249555
2022-09-01,77.3253801158847
2022-09-02,77.4606182622985
2022-09-05,77.5829345048768
2022-09-06,77.5827008314199
2022-09-07,77.4405918972337
2022-09-08,77.5409527562851
2022-09-09,77.6512473763404
2022-09-13,77.6847926808101
2022-09-14,77.6662469686504
2022-09-15,77.573029806407
2022-09-16,78.1155774634381
2022-09-19,78.0779190951922
2022-09-20,78.09384559891
2022-09-21,78.0487113515748
2022-09-22,78.0812126817785
2022-09-23,78.0921880505505
2022-09-26,78.2430796257317
2022-09-27,78.37145493113
2022-09-28,78.476362915841
2022-09-29,78.5641380218216
2022-09-30,78.7117188056429
2022-10-10,78.7486778826157
2022-10-11,78.8879271377317
2022-10-12,78.8838017558029
2022-10-13,78.9434593863122
2022-10-14,78.8561746530636
2022-10-17,78.916520232288
2022-10-18,78.905194470979
2022-10-19,78.8695941347725
2022-10-20,79.0650333626423
2022-10-21,79.1266436623311
2022-10-24,79.0978252223085
2022-10-25,78.8809533725337
2022-10-26,78.7965076023476
2022-10-27,78.8313158786709
2022-10-28,78.9449969818282
2022-10-31,78.8642211466177
2022-11-01,79.0381434428048
2022-11-02,79.2188988429565
2022-11-03,79.3469632343805
2022-11-04,79.3165276622668
2022-11-07,79.1010414148446
2022-11-08,79.4102327773069
2022-11-09,79.5391997154914
2022-11-10,79.5716385996369
2022-11-11,79.5734158972771
2022-11-14,79.4125875339703
2022-11-15,79.4653742160562
2022-11-16,79.6937659914594
2022-11-17,79.7905541664995
2022-11-18,80.0446852005454
2022-11-21,80.1501412666196
2022-11-22,78.975861776153
2022-11-23,79.2450605257714
2022-11-24,79.2877016134933
2022-11-25,79.3380185718413
2022-11-28,79.0315532511697
2022-11-29,79.0319331453198
2022-11-30,79.1739339088762
2022-12-01,79.0384416650858
2022-12-02,78.992668919975
2022-12-05,79.025315782146
2022-12-06,78.8830352884211
2022-12-07,78.7808577053703
2022-12-08,78.8956108494224
2022-12-09,78.8491844395066
2022-12-12,78.7934764721016
2022-12-13,78.7520425327345
2022-12-14,78.7427472457819
2022-12-15,78.5933137866869
2022-12-16,78.4811648018745
2022-12-19,78.1643384339289
2022-12-20,78.0301390348166
2022-12-21,78.1031138876666
2022-12-22,78.1795656707211
2022-12-23,78.2822922319785
2022-12-26,78.3310722233747
2022-12-27,77.5686172532644
2022-12-28,77.5445712530789
2022-12-29,77.7161871845892
2022-12-30,77.9565202711823
2023-01-03,77.4254365908226
2023-01-04,71.8309187935142
2023-01-05,72.0569414548487
2023-01-06,72.1987224085439
2023-01-09,72.1964741774138
2023-01-10,72.2560285476693
2023-01-11,72.2829652086096
2023-01-12,72.3479046199903
2023-01-13,72.5752940544851
2023-01-16,72.6015676744348
2023-01-17,72.5479950375442
2023-01-18,73.0533433991107
2023-01-19,72.7769353541206
2023-01-20,72.8847229377836
2023-01-30,72.9787816328335
2023-01-31,73.5970716732259
2023-02-01,73.734502992424
2023-02-02,73.8338729838716
2023-02-03,73.9257200104227
2023-02-06,74.0503069560227
2023-02-07,74.4505721475526
2023-02-08,73.8610582598386
2023-02-09,74.2033292763408
2023-02-10,74.2090787055112
2023-02-13,74.2648581687874
2023-02-14,73.6973880160669
2023-02-15,72.8516401344464
2023-02-16,72.6131126016857
2023-02-17,68.8456246311304
2023-02-20,69.5226446253633
2023-02-21,67.7041351537406
2023-02-22,67.9322027941487
2023-02-23,67.9706391975481
2023-02-24,68.2320059952954
2023-02-27,67.7485271986192
2023-02-28,67.9305235459186
2023-03-01,68.0512640501505
2023-03-02,67.9700191537155
2023-03-03,68.0441622104656
2023-03-06,68.1304895771601
2023-03-07,68.1158051658194
2023-03-08,68.0836505840234
2023-03-09,68.1018414435023
2023-03-10,68.3575463782203
2023-03-13,68.3851275260473
2023-03-14,68.0959910768903
2023-03-15,67.2488472649461
2023-03-16,67.1210038777702
2023-03-17,67.2885735905099
2023-03-20,67.1193282714328
2023-03-21,67.142688307443
2023-03-22,67.300997026872
2023-03-23,67.3067070919963
2023-03-24,67.3687504983323
2023-03-27,67.2524531351759
2023-03-28,67.2479117292263
2023-03-29,67.3757404304219
2023-03-30,67.5176472542554
2023-03-31,67.6497267505917
2023-04-03,67.3127294171561
2023-04-04,67.2209386967616
2023-04-06,67.1201826249
2023-04-07,67.1754545671009
2023-04-10,67.1719614331024
2023-04-11,67.0778034486507
2023-04-12,66.8674826002102
2023-04-13,66.5780972691332
2023-04-14,66.6139213142204
2023-04-17,66.5739709026586
2023-04-18,66.3638957708579
2023-04-19,66.3001902004879
2023-04-20,66.4082042983289
2023-04-21,66.4567576195253
2023-04-24,66.4654966763535
2023-04-25,66.3458985806038
2023-04-26,66.9502228256038
2023-04-27,66.8419828680022
2023-04-28,66.7339793423713
2023-05-04,66.5966639563887
2023-05-05,66.1507296003802
2023-05-08,66.4806164774497
2023-05-09,66.3967959338447
2023-05-10,66.140387412352
2023-05-11,66.2131800805067
2023-05-12,66.3165441228043
2023-05-15,66.1940340045804
2023-05-16,66.2255223368931
2023-05-17,66.4393294230779
2023-05-18,66.5141850466391
2023-05-19,66.6312585663812
2023-05-22,66.7365824988635
2023-05-23,66.5989926132527
2023-05-24,66.5487500366151
2023-05-25,66.57149255543
2023-05-26,66.5617927821045
2023-05-29,65.6228801960857
2023-05-30,65.9212985286553
2023-05-31,65.5220019203999
2023-06-01,65.4900900941167
2023-06-02,65.8352643406977
2023-06-05,65.8807487745636
2023-06-06,65.8843905929729
2023-06-07,65.9551848491421
2023-06-08,66.0519398143524
2023-06-09,66.1180925715469
2023-06-12,66.1221773751373
2023-06-13,66.2467319122856
2023-06-14,66.3396773522345
2023-06-15,66.1874504614904
2023-06-16,66.1731144908207
2023-06-19,66.1225704765855
2023-06-20,66.1205912109823
2023-06-21,66.087082390877
2023-06-26,66.1052108975139
2023-06-27,66.7137321126877
2023-06-28,66.7224560050483
2023-06-29,66.8924595834555
2023-06-30,66.9377853327759
2023-07-03,66.8980568455806
2023-07-04,66.4484107110043
2023-07-05,66.4699278072942
2023-07-06,66.7182005075608
2023-07-07,66.7975191423932
2023-07-10,66.9143583588971
2023-07-11,67.0684102025477
2023-07-12,67.137277259655
2023-07-13,66.9424234380624
2023-07-14,66.0689155093712
2023-07-17,66.2200303969145
2023-07-18,66.2706958258814
2023-07-19,66.404402768495
2023-07-20,66.3855851714264
2023-07-21,66.6100232554234
2023-07-24,65.3278913802958
2023-07-25,66.0230835107866
2023-07-26,65.4431214602492
2023-07-27,65.7179758509795
2023-07-28,65.8659390795867
2023-07-31,65.7287384623817
2023-08-01,64.8835565859771
2023-08-02,64.9883281693046
2023-08-03,64.8245551434123
2023-08-04,65.0774077396784
2023-08-07,65.4282467543079
2023-08-08,65.5279937013194
2023-08-09,65.6254750381868
2023-08-10,65.7863669262114
2023-08-11,66.1924747962536
2023-08-14,66.2515299021235
2023-08-15,66.3725851771772
2023-08-16,66.4249993000111
2023-08-17,66.2491981032725
2023-08-18,64.5364548149668
2023-08-21,64.7173075288248
2023-08-22,64.0196287086304
2023-08-23,63.8971599607491
2023-08-24,63.9541008437629
2023-08-25,63.0596335883287
2023-08-28,63.3722690576758
2023-08-29,63.1317080308899
2023-08-30,63.1472569281934
2023-08-31,62.9717845768057
2023-09-01,62.7140553784063
2023-09-04,63.5627767114312
2023-09-05,63.4357912470789
2023-09-06,63.4116159662788
2023-09-07,63.4739861916726
2023-09-08,63.3105366801896
2023-09-11,63.2579925027219
2023-09-12,63.3775342363932
2023-09-13,63.4551930468341
2023-09-14,63.486530282606
2023-09-15,63.7155242074695
2023-09-18,63.6966130693217
2023-09-19,63.487901686112
2023-09-20,63.522181051179
2023-09-21,63.5830002598143
2023-09-22,63.6529981470065
2023-09-25,62.6971946918156
2023-09-26,62.9381814340683
2023-09-27,62.9655669111136
2023-09-28,63.0582802729714
2023-10-09,62.9714196462332
2023-10-10,62.3427317951205
2023-10-11,62.4380993313397
2023-10-12,62.3744756442334
2023-10-13,62.3579559844116
2023-10-16,62.3774414381099
2023-10-17,61.6582684005726
2023-10-18,61.5423129247244
2023-10-19,61.6977093975528
2023-10-20,61.7253490645197
2023-10-23,62.2959938153754
2023-10-24,62.2282220048176
2023-10-25,62.5731573439332
2023-10-26,62.2890880318605
2023-10-27,62.3119118693361
2023-10-30,62.4449306251605
2023-10-31,62.2440765820804
2023-11-01,62.0413103204409
2023-11-02,62.0134226313576
2023-11-03,62.3841999367588
2023-11-06,62.6707863486913
2023-11-07,62.6656036779335
2023-11-08,62.6639270039028
2023-11-09,62.6769499132374
2023-11-10,62.7759092669762
2023-11-13,62.8355438433354
2023-11-14,63.086291396532
2023-11-15,63.0556899174412
2023-11-16,63.2831538950448
2023-11-17,63.2760995708793
2023-11-20,63.4993156930646
2023-11-21,63.7315186246725
2023-11-22,63.7681603328927
2023-11-23,63.9145313135228
2023-11-24,63.9090843837614
2023-11-27,63.6838971474569
2023-11-28,63.837685681808
2023-11-29,63.8913001828445
2023-11-30,63.920200353804
2023-12-01,63.9966425963786
2023-12-04,64.1877051057811
2023-12-05,64.2898299846602
2023-12-06,64.4379341446192
2023-12-07,64.2693510181401
2023-12-08,64.1764144681174
2023-12-11,62.9122616253704
2023-12-12,63.2407315722538
2023-12-13,63.3490627126189
2023-12-14,63.3396080830706
2023-12-15,63.2209467278046
2023-12-18,63.1617602673076
2023-12-19,63.1637494193642
2023-12-20,63.2780495554902
2023-12-21,63.3035515820937
2023-12-22,63.3914430879883
2023-12-25,63.3765271053665
2023-12-26,63.2714399960929
2023-12-27,63.2111762134061
2023-12-28,63.8989689835089
2023-12-29,63.5094816062976
2024-01-02,63.8036467445144
2024-01-03,63.7084748136871
2024-01-04,63.7504990398267
2024-01-05,63.5410027140034
2024-01-08,63.5548984144125
2024-01-09,63.425474676365
2024-01-10,63.319891163318
2024-01-11,63.3119828240405
2024-01-12,63.1704730362684
2024-01-15,63.2400913258148
2024-01-16,63.3928616961036
2024-01-17,64.152929732615
2024-01-18,64.1367785553896
2024-01-19,64.2263723898516
2024-01-22,68.6800504162328
2024-01-23,68.4311762721731
2024-01-24,68.6627294829812
2024-01-25,71.369831541469
2024-01-26,71.0415283105127
2024-01-29,71.2485227503635
2024-01-30,71.2229529656372
2024-01-31,71.6996304599204
2024-02-01,71.7746566405424
2024-02-02,72.1187303703205
2024-02-05,73.2254278276491
2024-02-06,75.3861632341149
2024-02-07,76.3821270756183
2024-02-08,75.0848776441206
2024-02-19,75.2702401255398
2024-02-20,75.0547578933181
2024-02-21,75.1027284150073
2024-02-22,74.9988720405411
2024-02-23,74.934525006058
2024-02-26,75.3317718763124
2024-02-27,74.867428148986
2024-02-28,74.8611306268645
2024-02-29,74.9664355224676
2024-03-01,74.8715785047855
2024-03-04,75.2555147094736
2024-03-05,75.3918801001207
2024-03-06,75.3074294677934
2024-03-07,75.2543791695415
2024-03-08,75.1333282475039
2024-03-11,74.994484873208
2024-03-12,75.0228489220852
2024-03-13,75.1764960091215
2024-03-14,75.2423136375239
2024-03-15,75.1479094684193
2024-03-18,75.302053668262
2024-03-19,75.2411004072754
2024-03-20,75.0929535935104
2024-03-21,75.0338860194047
2024-03-22,75.0885134640815
2024-03-25,75.041330865093
2024-03-26,74.959387704669
2024-03-27,74.8350903038651
2024-03-28,74.745392558751
2024-03-29,74.668770525134
2024-04-01,74.6230954341603
2024-04-02,74.6095980973699
2024-04-03,74.704878245886
2024-04-08,74.7612992839009
2024-04-09,74.7423333106941
2024-04-10,74.5542467797048
2024-04-11,74.6514777317941
2024-04-12,74.574423812842
2024-04-15,74.9679236034918
2024-04-16,75.1780866387474
2024-04-17,75.0510647988286
2024-04-18,74.9504945123381
2024-04-19,74.7736416420235
2024-04-22,74.9190103847013
2024-04-23,74.73985289807
2024-04-24,74.6410291107935
2024-04-25,74.5643525084297
2024-04-26,74.4347061075741
2024-04-29,74.7367929419558
2024-04-30,74.9120459184908
2024-05-06,74.8496328796562
2024-05-07,74.8076491477709
2024-05-08,74.8454640019878
2024-05-09,74.9023006870795
2024-05-10,75.0085668524606
2024-05-13,75.0054682502378
2024-05-14,75.1779824863138
2024-05-15,75.0423001409997
2024-05-16,74.9466330404411
2024-05-17,74.9225790464355
2024-05-20,74.9401713688378
2024-05-21,74.9703920432833
2024-05-22,74.3179723089767
2024-05-23,74.5732355414617
2024-05-24,74.6333837972072
2024-05-27,74.402054224848
2024-05-28,74.6100965809462
2024-05-29,74.7021447934429
2024-05-30,74.784134398662
2024-05-31,74.7876870987035
2024-06-03,74.5548936942798
2024-06-04,74.3812494711479
2024-06-05,74.477353354048
2024-06-06,74.2806238848262
2024-06-07,74.2968314938198
2024-06-11,74.0329858855315
2024-06-12,73.8867824870438
2024-06-13,73.9215110655069
2024-06-14,73.9066461281002
2024-06-17,73.7730791104882
2024-06-18,73.7749105617443
2024-06-19,73.9491146746358
2024-06-20,73.928828168513
2024-06-21,73.7251844186094
2024-06-24,73.8187844029867
2024-06-25,73.825293152987
2024-06-26,73.9253195480513
2024-06-27,74.0507334965751
2024-06-28,74.0883760886991
2024-07-01,74.3228604598898
2024-07-02,73.8528268993662
2024-07-03,72.7958381567317
2024-07-04,72.7779679701381
2024-07-05,72.6772924845599
2024-07-08,72.7684070920635
2024-07-09,72.8306356412078
2024-07-10,72.8722194436354
2024-07-11,72.8767465696977
2024-07-12,72.6127576705621
2024-07-15,72.6031026445896
2024-07-16,72.7275013053056
2024-07-17,72.8069622744899
2024-07-18,72.8391316903375
2024-07-19,72.9977855585439
2024-07-22,72.9018993434152
2024-07-23,73.0069331110567
2024-07-24,72.9558076006836
2024-07-25,72.7185072500335
2024-07-26,72.4812404081889
2024-07-29,72.4005259146245
2024-07-30,72.4828329064876
2024-07-31,72.3971819861629
2024-08-01,72.2922204615793
2024-08-02,72.2386059930886
2024-08-05,72.5001971161219
2024-08-06,72.5718523117457
2024-08-07,72.520830777325
2024-08-08,72.304702159986
2024-08-09,72.0823922175702
2024-08-12,71.8559594933761
2024-08-13,71.4679616951388
2024-08-14,71.4207594860703
2024-08-15,71.1704948479844
2024-08-16,71.3460880897806
2024-08-19,71.2556981994275
2024-08-20,71.2196649616138
2024-08-21,71.0829916343178
2024-08-22,70.8134442392764
2024-08-23,70.5619745056526
2024-08-26,70.2442826288945
2024-08-27,70.1708757866639
2024-08-28,70.217842046516
2024-08-29,70.1847996858579
2024-08-30,69.9690604961276
2024-09-02,69.9215319310597
2024-09-03,69.8473509521533
2024-09-04,69.7174465212003
2024-09-05,69.9106139171829
2024-09-06,69.7631992661967
2024-09-09,69.899759236522
2024-09-10,69.7605457927651
2024-09-11,69.3990622067302
2024-09-12,69.3572448704663
2024-09-13,69.3030682403433
2024-09-18,69.0644222680604
2024-09-19,69.0439649731172
2024-09-20,68.8281153664944
2024-09-23,68.8662732215091
2024-09-24,73.0193376896847
2024-09-25,72.2062686225837
2024-09-26,73.976727527071
2024-09-27,75.1263059660495
2024-09-30,83.5571077731481
2024-10-08,81.6570590265333
2024-10-09,86.0971999760491
2024-10-10,84.1894014887422
2024-10-11,84.1065216914034
2024-10-14,84.0197996988242
2024-10-15,83.8943798380013
2024-10-16,83.8662695925077
2024-10-17,83.6327165230858
2024-10-18,83.5020852291887
2024-10-21,83.5890344348748
2024-10-22,83.5308838221687
2024-10-23,83.414574105473
2024-10-24,83.3386681463177
2024-10-25,83.3970302998531
2024-10-28,83.2768060369519
2024-10-29,82.9937590871772
2024-10-30,83.1894631063153
2024-10-31,83.2646181908706
2024-11-01,82.9600053008226
2024-11-04,82.9711878101667
2024-11-05,82.8647226377436
2024-11-06,82.8071953006557
2024-11-07,82.7275985592931
2024-11-08,82.5743560076128
2024-11-11,82.6266589888398
2024-11-12,82.5643450957358
2024-11-13,82.5592899168431
2024-11-14,82.1247139812232
2024-11-15,81.8830906841851
2024-11-18,81.7760989688417
2024-11-19,81.7919578862769
2024-11-20,81.0790483070614
2024-11-21,81.0036204966878
2024-11-22,81.2788732509993
2024-11-25,81.1716465425668
2024-11-26,81.2889967875733
2024-11-27,81.3180962399859
2024-11-28,81.378988216212
2024-11-29,81.6855659868379
2024-12-02,81.600460288012
2024-12-03,81.6288240418883
2024-12-04,81.7075514106891
2024-12-05,81.277046903689
2024-12-06,81.560074994408
2024-12-09,81.5535857970206
2024-12-10,81.680692508078
2024-12-11,81.6977933177348
2024-12-12,81.8102482249298
2024-12-13,81.9864726995986
2024-12-16,82.087685239339
2024-12-17,82.353287061925
2024-12-18,82.4479954275346
2024-12-19,82.377599392592
2024-12-20,82.4556138166803
2024-12-23,82.3072255040209
2024-12-24,82.3645856857235
2024-12-25,82.3998658526127
2024-12-26,82.3820586139744
2024-12-27,82.3912502397076
2024-12-30,82.5323997137128
2024-12-31,82.5232119039883
2025-01-02,82.539578955476
2025-01-03,82.4817132584953
2025-01-06,82.4712452397732
2025-01-07,82.5580531582683
2025-01-08,82.4964142231901
2025-01-09,82.6518212729986
2025-01-10,82.3059928558507
2025-01-13,82.3471067894616
2025-01-14,82.3901094156376
2025-01-15,82.5510502373137
2025-01-16,82.5868629359854
2025-01-17,82.6391657626607
2025-01-20,82.4506464748872
2025-01-21,82.4272182061754
2025-01-22,82.4169042637891
2025-01-23,82.3271586140247
2025-01-24,82.4500535702504
2025-01-27,82.3806162194548
