date,X600519.SH,X000858.SZ,X600276.SH,X002415.SZ,X002475.SZ,X600809.SH,X600690.SH,X000651.SZ,X002371.SZ,X000568.SZ,X003816.SZ,X000725.SZ,X300124.SZ,X000063.SZ,X600031.SH,X600104.SH,X000625.SZ,X002304.SZ,X000338.SZ,X000596.SZ,X300014.SZ,X000100.SZ,X002179.SZ,X600418.SH,X002241.SZ,X600584.SH,X002463.SZ,X000977.SZ,X600089.SH,X000066.SZ,X600703.SH,X600372.SH,X000157.SZ,X600839.SH,X002028.SZ,X002049.SZ,X600522.SH,X002456.SZ,X002236.SZ,X600183.SH,X600741.SH,X600066.SH,X002156.SZ,X600460.SH,X601877.SH,X002085.SZ,X002129.SZ,X600487.SH,X000661.SZ,X000921.SZ
20241108,0.103149100781941,0.136701577425278,0.107545846542479,0.103416811492744,0.0912010970776076,0.114217148486896,0.112990311441755,0.0996319670842853,0.110917533048336,0.161115245906754,0.0491965065685059,0.10338375004007,0.124028609814647,0.0821613433937062,0.10515179752311,0.102904565211305,0.0777244385402586,0.125840312418656,0.125205204334378,0.078134650797801,0.121735484348826,0.13252821760836,0.0726670743032057,0.0678038495391498,0.126330354363418,0.114295345072413,0.0699962419523723,0.0761600413472139,0.0805309225468072,0.0892221009318941,0.128004434404358,0.084013775849202,0.135822360671363,0.113128366113365,0.0717003730724398,0.132969763809147,0.113525604109225,0.117264845579182,0.112580302698919,0.142914754002894,0.0964088119460838,0.0903101217492898,0.075034598769768,0.0843966388146104,0.122607408216762,0.0455504882893539,0.0897835591868904,0.124636819934261,0.107341945966126,0.127961601144359
20241111,0.112255146720394,0.146340293715471,0.16037338533779,0.100166364493509,0.100053835982041,0.112644116010469,0.101445361821303,0.0975133264068208,0.0979793060970117,0.135129684338058,0.0647749302770344,0.0980328020729954,0.0960296500785871,0.0760472471179046,0.0832606989536863,0.0956109302561026,0.115474486368199,0.12419721464413,0.103549604695805,0.0617892932754545,0.132685317132924,0.133940493410759,0.126495050602758,0.0809147744516321,0.149382022428126,0.109540627125344,0.0677236997743783,0.0866512451589716,0.0837036691665841,0.0957656174760981,0.118672583160633,0.0789755407692734,0.137461700472588,0.0987678023494438,0.0783253425669589,0.124005448261715,0.0886570656862196,0.0968142004019583,0.147792442634061,0.099571114955829,0.0857278882010639,0.0564592752801632,0.0521016638308781,0.0889846039552424,0.120959206218408,0.0499609268412758,0.0835153817787089,0.0921212082462631,0.126744026004452,0.127003553815892
20241112,0.105456943586187,0.144448013617163,0.0803079858238397,0.0859199809861563,0.10542948808453,0.10826778047638,0.113230753525979,0.107450788159199,0.100749403940885,0.133169142695573,0.0916745890226326,0.0861920974680116,0.0841699299358063,0.0950041159334668,0.0930076029253337,0.112107192103572,0.111049584851033,0.12060635097193,0.0845479348205884,0.065083788234986,0.139444013191544,0.112152638110358,0.0769204286868999,0.0713876570739575,0.178125200020798,0.0900069702220238,0.0619281958883606,0.0926099354096266,0.103742603096206,0.114413015533949,0.118305877084832,0.0937920933188289,0.134291250202957,0.0767269825766427,0.0709414410049035,0.0958246471984706,0.0715512151996016,0.0905922710905373,0.160851718153158,0.131153752974509,0.0879151410164854,0.0671359427380109,0.0622671792630962,0.133472438759318,0.14522781555179,0.110644239342671,0.0878793110539956,0.0968382856943269,0.0972621587456664,0.124099858828611
20241113,0.103926794098658,0.143625403502818,0.0836159908261934,0.0903202096236063,0.106607097674532,0.10333699072208,0.0915295057731846,0.133777913475817,0.149824900457789,0.0987178467777798,0.0988424299011168,0.0907171139462273,0.122422306526157,0.0887657609697287,0.0999987737085121,0.0953015468297744,0.0536434384912316,0.117086896219246,0.0734445670982123,0.0615873164761288,0.132326746545279,0.121252867415315,0.077075921427082,0.0645502812902225,0.17994110337134,0.0844256244800847,0.0805755499793402,0.109119412517921,0.113989699357011,0.11552215254774,0.109302176027403,0.0928442386880387,0.146644474617287,0.126355620524271,0.0653807943458504,0.0720627513223589,0.0686308364432837,0.108984479728347,0.161033975675479,0.125469996315172,0.0944128729247794,0.103412157027779,0.0904689993517771,0.149595883381559,0.115340818927104,0.0796979925095782,0.0684726477895863,0.0932725224664574,0.127740651966779,0.131537163121434
20241114,0.0987643273371863,0.136326944760165,0.114453659515074,0.0943798149078284,0.106942867792422,0.0979230724270362,0.0975318179608732,0.121455082414664,0.0934896394484435,0.0986148223279684,0.102242921544903,0.087468191894597,0.0860399210717483,0.0789845026633401,0.10188549408879,0.0935667369178865,0.152111642854943,0.117200308156681,0.139733282267775,0.0662864260952556,0.157089861402363,0.128143561725303,0.0647499169152695,0.0461697993140285,0.175861403722107,0.0807143168316901,0.0793278205942146,0.169179938395586,0.103199226676145,0.107165877809156,0.125352644677117,0.0786335641137934,0.133155865961881,0.0915779829188806,0.0555807059268666,0.090927663693375,0.0542864818546513,0.105180928995888,0.186651227040511,0.143084504143285,0.0949080794446883,0.102033312361913,0.0751879279917172,0.148801449758979,0.122852513372612,0.116837239740088,0.0805122468073055,0.115611128098915,0.132636415863074,0.138465759388246
20241115,0.0842069994416381,0.130307058885059,0.094419666330344,0.0940446994215874,0.0947230562556721,0.0875456878120845,0.0907709594528527,0.109513713877257,0.116928802831409,0.101792855069344,0.0977996351671302,0.0935096227301267,0.116219302442449,0.0863930690026697,0.103724480538318,0.120788056719851,0.149070543329336,0.152591076620311,0.164296078644124,0.0637126655717046,0.128895735133431,0.129564844263044,0.0705216206563378,0.0494039649326273,0.179614923120074,0.0669889179883174,0.068528299752709,0.156085243281982,0.119488835486245,0.103080315109439,0.171643207193571,0.0947376121477325,0.11796009614769,0.0969201727598517,0.0624566087334861,0.103102357381352,0.0549743131121563,0.115979235777642,0.192768220393996,0.137539263368716,0.0832621297183536,0.0953508103654363,0.0947349669563796,0.0857510238802092,0.119221265761605,0.102683702536888,0.0779469399802395,0.110651644699012,0.0827565038477559,0.143524290193496
20241118,0.0832828517485677,0.120067792115619,0.101117258682894,0.0905072170970037,0.0736965935984303,0.0864237009425862,0.113468879057163,0.121659040363746,0.114968267271659,0.0976125226633093,0.0958172948786104,0.0898911287387372,0.0915603654876096,0.0899018820508229,0.0888867875637268,0.10970588125618,0.122380149782174,0.185254183885761,0.138913855598192,0.0627968663819248,0.11003229404327,0.158188579004698,0.0731443185518975,0.0465269546900958,0.13607345621467,0.0624108509478698,0.0705777271218056,0.175038231315914,0.109920111733584,0.075183422790478,0.116275280891127,0.0968970600318021,0.126556389700407,0.139518946242839,0.0810428119027955,0.127640104556995,0.0706154562749977,0.105558779276633,0.168593830976625,0.168211050992968,0.105289075381727,0.0926825494380082,0.0917340945319859,0.126255739653079,0.116523461887457,0.109310990842385,0.0793655099372145,0.114119047003508,0.0868099064328721,0.148846840502063
20241119,0.107761320391616,0.125254976321181,0.112525049600927,0.101357079143587,0.123472320084481,0.0928640673661906,0.0927170411822044,0.123379725726173,0.105775851566992,0.0975234036655096,0.0985774948254382,0.0937116152274872,0.109662779139442,0.0945023090900731,0.0819445163760771,0.122650927672142,0.124373651219179,0.177006778199289,0.146545371573223,0.0616687431972885,0.109231584454682,0.163376566248702,0.0674358029300847,0.044405500370066,0.142797737934733,0.0647243409100292,0.0723916617536332,0.185023814698813,0.083239314293448,0.0930334620443228,0.118160843665444,0.0835821333125028,0.132873631286073,0.138536232362715,0.0477416674936812,0.167410686318057,0.0839010170050442,0.101142697221721,0.157946319383733,0.133719560577347,0.0758485785989967,0.108695209608386,0.0922668699036219,0.105643528985503,0.119841588244208,0.112873407096113,0.070013064097357,0.111801058435554,0.087622732831657,0.144440111241988
20241120,0.108272278640825,0.138904089433705,0.100602746158586,0.0879437144067467,0.0726297158084798,0.109106630223978,0.113460639232901,0.13408263059856,0.124704648769875,0.0986359464896416,0.112485477517729,0.0982127359940536,0.100886380420498,0.103761751952377,0.0886069173608313,0.124653675585142,0.126749318465916,0.184020248539465,0.113348465667489,0.0627736342942764,0.118187846099238,0.157642789114471,0.0724142327733469,0.0504312510386324,0.131374873998118,0.0643296330433603,0.086034415749224,0.189316505421028,0.101669058810714,0.0763152398626872,0.117629182074587,0.094054528880163,0.133761602270908,0.129087447739161,0.047550603132465,0.195042867587739,0.0862506739112626,0.113475781525614,0.179570484174344,0.13397406705784,0.0732682891989217,0.0695303165696864,0.100319259847989,0.107405513950086,0.132040458407722,0.118626634216558,0.0724044821879411,0.117253888864291,0.0703214860033176,0.159177563112631
20241121,0.099548407692062,0.0916180605650644,0.10244969664612,0.0901423896740313,0.0586992028960198,0.0983223459613537,0.0887275031639359,0.135664513859812,0.116345838782202,0.127109004349795,0.124549704319828,0.0947852794880438,0.097417473889952,0.0981990569081441,0.0938821474620508,0.130264332660591,0.12015583641598,0.178902719168858,0.128708225980033,0.0679466027539248,0.101471412759331,0.139193510044098,0.0724525083280166,0.051722311632993,0.0937598348939263,0.0743414893959131,0.0882914653104686,0.0929929542075036,0.103339803599102,0.0843620270071932,0.109922655806723,0.0996669326626201,0.13369256060742,0.127191914142711,0.0622413908271099,0.202827612304013,0.0907174889579785,0.0671691397038169,0.180399515329586,0.12944535296923,0.0852962880295765,0.069067354285558,0.103340214460649,0.0906111245437162,0.105988103714165,0.0933174519282388,0.0745133130727906,0.112093860619001,0.0730160536540742,0.148335922780112
20241122,0.103875183013098,0.137373565839546,0.0696574825630939,0.0967686456753059,0.0645571954141174,0.108942607605803,0.100952745325966,0.128307739122507,0.145815986624792,0.133399549774253,0.0902055858080526,0.0922906297871466,0.088837807038743,0.0797463219411528,0.090176212797888,0.127371106334573,0.155592815378484,0.154654491827315,0.148598042776352,0.0634168938011102,0.0873300123646486,0.161375584062799,0.0677402426700101,0.064480236648239,0.1307272534952,0.0717091918948065,0.088293499068218,0.131502699381196,0.136964501042953,0.161793484414745,0.109351470313735,0.0895034559721718,0.130431125966059,0.155308805101848,0.0494528830169759,0.150415848416964,0.0951301020606645,0.0968555620119232,0.178932300289813,0.118554293547195,0.0797533121438148,0.10765757649795,0.101769912876807,0.124767389297504,0.0984372786981805,0.0861456316755935,0.0823151171407711,0.111745115010532,0.152259376575278,0.159361453600247
20241125,0.133487773934834,0.176864819533369,0.0748385753580112,0.119110547828032,0.076398328971765,0.106137138997867,0.119945332950153,0.126124762493357,0.103745836141492,0.101263734896859,0.0731794924031546,0.0694163798130714,0.0926574592191154,0.0684957216021846,0.0923836571537057,0.130972532023593,0.143665115590423,0.155099557982863,0.179748707169636,0.0559712070540054,0.109893693157345,0.158224381086782,0.091112873881412,0.0506829828762961,0.122647937198933,0.0637743197147106,0.0759851531526383,0.169244929372107,0.135680441412029,0.131826107425304,0.117999810621256,0.0944774290679702,0.131499217493802,0.111594773206581,0.0611174476109803,0.185801012351937,0.091802704462578,0.104278789470853,0.175532087485633,0.103999008203198,0.116854401147669,0.105059786330096,0.117655154173345,0.168581558505942,0.12186808719755,0.094162065095153,0.0828068176734311,0.140651248054071,0.154651437516644,0.164095829395684
20241126,0.11919284199509,0.172415529698859,0.0771654374124394,0.121568261768548,0.0826965165829002,0.105199429320844,0.118030744770896,0.125437496876459,0.112433347295032,0.102008528246862,0.103855367425078,0.0832600342650065,0.0943661635056757,0.0658021943837125,0.142591661820179,0.104692187332467,0.173716353552062,0.130588817063904,0.170953417976202,0.0643533942018884,0.0876417794069758,0.150612345035201,0.0740179397535864,0.0693559700420896,0.121558764927995,0.0697445723902818,0.0811660492844109,0.188566485210275,0.145440359738806,0.0793960285597275,0.126314229856236,0.103088058262671,0.130923211947191,0.13444548070437,0.0514381755536762,0.169528430778661,0.0994994514592702,0.102972968097603,0.174412920758367,0.0973415736360779,0.131727944144919,0.0909675553667605,0.0971673807493168,0.119231256430752,0.0962127684788926,0.0698236828066704,0.0844142359980656,0.097836119603291,0.153041997021078,0.170230325959414
20241127,0.135345063379341,0.143656186896959,0.0827938496142894,0.124635358001965,0.0634856873603711,0.118202483947019,0.105345215174236,0.125067725257989,0.115497068823214,0.132143740617449,0.0858563887364744,0.0970830345265131,0.142532742101824,0.0654404037334911,0.0932487634867119,0.0773956092670694,0.175389149510579,0.164766324686576,0.189460664839715,0.0634923935896085,0.114343008633308,0.140171531682736,0.0699861119769834,0.0574329147702609,0.125479029884724,0.0722435712005387,0.0907028068474118,0.104541259584661,0.146894458628617,0.129193239508095,0.134516244880686,0.102390925725951,0.126147169762639,0.139646281203617,0.0509956257223004,0.196683829772872,0.088124588942658,0.0857398239605686,0.162442468533703,0.105196440337418,0.084868101174568,0.0845207616878868,0.0961163116241994,0.117874559506397,0.116330564515866,0.0993881644377563,0.0577083762900957,0.103449303725303,0.137898461788457,0.10793859333823
20241128,0.142202279503592,0.110990044898459,0.0700773971654678,0.119873494024147,0.0641208097347281,0.134348388473973,0.106817749614781,0.105184109793477,0.0937945250700655,0.144727614466003,0.0686393108216705,0.132209342460932,0.141675501668384,0.0994424980402783,0.0915125838852516,0.120890527959007,0.170048131804573,0.202184240235524,0.189559348035953,0.169600327834354,0.146100988522139,0.139588635132077,0.0645575549276782,0.0850070979876682,0.120049186960378,0.0732610323154829,0.0984192990342135,0.129311013936667,0.140396243505123,0.0929066951552596,0.135522592830743,0.107103254038616,0.130263914815697,0.153084618900959,0.0589395607519892,0.193068816170324,0.0945904002224097,0.0831031987540657,0.142503975962868,0.125800825975156,0.148126885728121,0.0771128238130807,0.0970523054527004,0.116371570928474,0.116606174920293,0.0995465638538297,0.0608701665278032,0.103889452691105,0.15831242065409,0.111637536974195
20241129,0.151443447747703,0.148347423566198,0.077283739358056,0.120531158328776,0.0857776488991079,0.111784317919077,0.107085569894805,0.122772151326081,0.101872910481711,0.107109090719943,0.0865970577882421,0.103635187821695,0.14326765201086,0.0963735546235368,0.0911372237061089,0.0759514668153083,0.179402263163479,0.188617315395756,0.19480372777521,0.150516339328056,0.170547476096431,0.137044796869368,0.0648060562058076,0.0843018368993333,0.121670846861411,0.0682036954970991,0.0959575692695011,0.0939594020316221,0.126564980417042,0.102907024526481,0.132409409705885,0.0969076730756067,0.134193270373178,0.142917243786687,0.0690063227587395,0.19567393073049,0.0894355805409043,0.101894559452361,0.135405102405233,0.106419882819354,0.142323527697711,0.0986652434025678,0.0991007952120494,0.144009984927426,0.1155428113533,0.0788861070599103,0.081104847497074,0.114611506135699,0.161221626470903,0.115562958313362
20241202,0.151978310532989,0.172444117548999,0.0552530230535738,0.113853567881749,0.0670769803027342,0.148420397713027,0.108225429471672,0.121761366917102,0.164585629380792,0.123500271631462,0.0925966556738125,0.0941609330714254,0.0966061572446427,0.0958227834760098,0.0875575311111128,0.0649525630360826,0.167062954951377,0.186162523609058,0.209983165118019,0.152918480032509,0.169528921511541,0.154098371179887,0.138140277725735,0.0471676105771229,0.123381703349496,0.0809871290451949,0.111009980498983,0.0973830847766273,0.121461060995802,0.120609614016567,0.141246221858732,0.0984053595065785,0.136976277425756,0.144193604966469,0.0551310412929457,0.215963710794009,0.0941216896453921,0.0755310405731129,0.130043501689924,0.129842130715337,0.137148280801518,0.100093892490173,0.0979083047048207,0.172504139179724,0.107317748680315,0.0879530796409858,0.0718448341049919,0.103531300267993,0.195588746454232,0.11937729363036
20241203,0.116744074281702,0.144649590620927,0.044804168620315,0.113896605327545,0.08656803502012,0.107335000787369,0.145548478068683,0.0991011194263225,0.0787813461425673,0.133937945337257,0.0692011619293575,0.178757283038058,0.0995515473377868,0.0742790336292394,0.0850821118830601,0.08249536008618,0.165291433309895,0.198729626475614,0.190554038641685,0.151012564181129,0.131842250980595,0.124308243129695,0.140914125655292,0.0472101475736675,0.126823252141915,0.0955008747134517,0.109635778879482,0.0851621876843736,0.128988141005014,0.0916712975994229,0.146194468529381,0.104053179529504,0.132371432389247,0.142428051410419,0.0599155817178898,0.198312074483768,0.108366541999769,0.0858230676282875,0.125797210790895,0.121863174360748,0.129211475519691,0.107826005461691,0.0990245140290149,0.154970224190145,0.113216174344008,0.0967965168525014,0.0783110819564312,0.0570172236324044,0.159071543414227,0.136349859950787
20241204,0.0851510877092852,0.148888054752676,0.0437375665563223,0.122137530306583,0.0703897155401105,0.145746968231758,0.142019770468078,0.118018294520275,0.0838405177910737,0.224592012514355,0.0716059162026787,0.183372008335932,0.133013071635613,0.102927177726814,0.132508885073094,0.0702038341550823,0.186834512403295,0.194810865791843,0.196635153684138,0.146983537567697,0.12507999635772,0.129695958178342,0.0782097420649897,0.0412816277009173,0.131503162722395,0.0780722358734273,0.0925376638162769,0.0994394917148888,0.12034262211367,0.0902875040064547,0.10838724783931,0.0851445550749217,0.126643674285845,0.150842870771197,0.0487982055831498,0.194971473456754,0.108648572612905,0.0886459436565575,0.136579683981565,0.119589502761672,0.143922268636017,0.0989994362933016,0.102556750022689,0.147289424222242,0.158408527526324,0.133683780737127,0.062087346111376,0.0969450023415999,0.127212372105373,0.122418000586777
20241205,0.0914587063692769,0.148579422340372,0.0446139052403505,0.113183003116793,0.0820102532686648,0.152320364667289,0.123267921938837,0.129617291957031,0.0871832820347905,0.173118850715392,0.0955371226911619,0.161115779293246,0.105413526747782,0.0864131405662889,0.132458695175901,0.0709196617956747,0.16446131691564,0.195000688376795,0.200761518873863,0.107764387864204,0.154973159592617,0.130328086914665,0.127294704874838,0.0412128210835195,0.107178659088882,0.0784911672674953,0.0803302138770885,0.11527150613436,0.117724349313802,0.096664100349815,0.105815637156189,0.115677570651958,0.179317506298319,0.130358089619285,0.0780282861813395,0.114750463053099,0.158373017559275,0.0947469089919173,0.142703136525132,0.0854101773162949,0.121089568138871,0.0807125048845913,0.117585417603615,0.136673533089211,0.138019713283779,0.108264926020745,0.0849201443227208,0.087273250530792,0.143026261859114,0.117594864130791
20241206,0.0861056724345556,0.141691553977966,0.0555516872413783,0.113305050400343,0.0744921796438935,0.152679681038947,0.151716434458192,0.0852564244328799,0.0892411830176877,0.21911404702884,0.083336840520597,0.163366732307006,0.113379344800438,0.105759629140974,0.137249174841056,0.101970888481194,0.160832143439596,0.194997610802344,0.204180435713893,0.162556760414677,0.183140492005357,0.169190086803133,0.119279904088732,0.0552378447572096,0.119647356172617,0.0912579666241037,0.0789321175297899,0.116596751291154,0.122172459719095,0.0983299152294288,0.141220710102688,0.11354728044739,0.166965586405223,0.121508805486615,0.0614955117768351,0.117727674201128,0.0768543035728846,0.0963764926662705,0.134182150576013,0.0816179194557254,0.121729045986331,0.0841447735258547,0.125132064661524,0.136267154106924,0.122216433732042,0.125096636337549,0.0628551300827539,0.107776465364167,0.153088601561989,0.142016506284649
20241209,0.0847255635855203,0.144575692689542,0.0523396713433967,0.117532330267443,0.0747636445709795,0.134409944725223,0.136426393637506,0.125244427322519,0.0929117597844234,0.193138100830616,0.0718889280807963,0.159048294598728,0.106088689111876,0.0993565579382976,0.1726179217696,0.0773963479057636,0.17415111005788,0.1868700230588,0.200979214574093,0.072551093151991,0.198900710920937,0.155298648985392,0.123293755843437,0.0596374420031417,0.125506018398611,0.088075353560091,0.0774012775680573,0.119194956175752,0.100250805172531,0.0696691955322748,0.140963420157132,0.135620239873663,0.189893339985269,0.111247805382671,0.0492382851773116,0.138104811719583,0.0883062648201773,0.0999133265440716,0.121224460491136,0.144500249151563,0.102752236029497,0.0754551976775111,0.0929765371496955,0.102457622573959,0.0922562780711756,0.107707538058048,0.0589446263356263,0.0939871734568133,0.105989727707624,0.127058305663686
20241210,0.0951762605907212,0.163163414913845,0.0579655587118915,0.116489151170099,0.076025353858409,0.179963456231264,0.119409454711886,0.0868807320265473,0.089382920585644,0.112231381443016,0.0997557566207291,0.155864503779519,0.102009710055517,0.0989986776098091,0.108074588828331,0.0708506240064471,0.173595496770864,0.191672734352461,0.217380562358163,0.111947898022197,0.16149003455418,0.154111663499592,0.1195795687827,0.0643985400841438,0.121066699733685,0.116994661230029,0.0713394781376996,0.118678509217061,0.102762592511226,0.0680464703119771,0.145939251973677,0.148835926199438,0.190953301617647,0.116839172778273,0.0541827027902796,0.125431163482536,0.0906202081210328,0.0833084363227099,0.117102754662658,0.139464204863509,0.094376863180328,0.0762851073715763,0.0893867474844611,0.0929272145881453,0.109544350300644,0.0923522179020378,0.063449791941224,0.094298015803339,0.128771987540708,0.119921742301403
20241211,0.0797627429302994,0.161325137402756,0.0520853573513308,0.110866850904309,0.0548752635630466,0.181466477714795,0.106565541598484,0.0714745644690614,0.0901499400648622,0.0985328969058356,0.0860949107535456,0.131453537994729,0.138432002888285,0.0876977929969228,0.141702795608682,0.0708522872027336,0.197444091812276,0.194783065454846,0.219415785274149,0.124688499598258,0.200852671627861,0.152990977400512,0.0997743664013478,0.0554423503699409,0.181596928237407,0.0987371355503579,0.0728430566567374,0.1124162690208,0.107462319846159,0.0671607127680452,0.13736143952497,0.147460921472349,0.170079369899077,0.0587115526289798,0.0788962115245996,0.115980079272406,0.0975978858689819,0.0848535748672596,0.127406124933458,0.092848711822569,0.0912213383357201,0.0953047351881868,0.0920580035146182,0.0792372965594508,0.132059611784195,0.118649865849988,0.0722489799435849,0.0962244380679757,0.122087700504976,0.12873450880292
20241212,0.0870431631350106,0.171164796029768,0.04803612263449,0.112017065862842,0.0870293957848284,0.146628789076912,0.126632699337358,0.138902349269341,0.0962726553832861,0.0879656439483248,0.0872404919466363,0.136233608625425,0.141721770241078,0.0850970588904377,0.11358981631674,0.0723486595707219,0.199534666772956,0.182908046576516,0.225102890076175,0.131498969015269,0.181485335339958,0.151560668173714,0.0965048586939138,0.0747531746795723,0.175073686880797,0.1044444174213,0.0708066776275771,0.0850495811828446,0.12565631618969,0.0685780359504214,0.137931599608644,0.140583516768568,0.166241679930143,0.0637194553924172,0.0732884351254729,0.19312531101053,0.0782031899535262,0.086111719897287,0.125032456148794,0.147098739910132,0.0976771918298431,0.0942050096241644,0.0939059686996037,0.0939503792624981,0.136890275763272,0.118370732750377,0.0646213005462305,0.0888189277691454,0.115350076989177,0.105002172445612
20241213,0.11213057554014,0.176511382947018,0.0776005824928272,0.151687869992212,0.112608247002266,0.12835985593728,0.116432482891932,0.126792661426824,0.0931777138696478,0.105329994149167,0.121978752338646,0.147103376439211,0.112703075733953,0.102061554295598,0.140794745787014,0.0694365608065415,0.177294556022891,0.150345318877178,0.223693991757257,0.159130037803974,0.195728403336434,0.125666797435056,0.0904415324121412,0.0471666798639754,0.117562456201468,0.0821769210846606,0.0640127292035642,0.0511064048512102,0.110260369933258,0.0743867905162774,0.161689868400632,0.130446366777309,0.15916239628906,0.0501306671738405,0.0793359632108949,0.194785588405722,0.0822804279554332,0.0880418100362224,0.117170562487642,0.0816173565078061,0.0904889070923898,0.0878165189824485,0.0841030827225944,0.0848692557815559,0.113352676550395,0.107723960540969,0.0682032211801681,0.11932870948748,0.138660558731626,0.0719188238828599
20241216,0.108087540216514,0.185665888447131,0.0582785932596748,0.114279925933015,0.0935689905847342,0.0971543348272726,0.105879923156813,0.152802174967125,0.0818176933289612,0.0978337008409733,0.129953082435732,0.14856901089257,0.0940350254585059,0.100954008974735,0.167605653115954,0.0774905314302943,0.189670864716694,0.158962875070485,0.221689924000688,0.082951238845959,0.203015043074762,0.138307741495555,0.123166666018638,0.0469112724602186,0.0847604376396731,0.134153518309488,0.0681447992461875,0.0525086133626899,0.104695159703417,0.0754057078024907,0.151966095964984,0.122513244294219,0.189069266471824,0.0924037506276593,0.071252416107839,0.136989659374049,0.0863307792624158,0.101967744002166,0.115982675997142,0.125843126083131,0.104301518732271,0.0872160718900563,0.112433824691732,0.119692863435516,0.116533183485932,0.111678023001862,0.0739291943968899,0.124705073603415,0.137005058220251,0.0864529600543288
20241217,0.104432183012399,0.181915626727765,0.0736569125338812,0.112505010876945,0.0890226885093721,0.148708514271005,0.110914113678928,0.135446931953789,0.0814696945700581,0.0950292115483911,0.124207517533901,0.142507564643555,0.114483639394873,0.10063448426109,0.111784057324877,0.0797906638453455,0.190050869691955,0.136576570363935,0.208763398827244,0.0769671435478401,0.184560630558241,0.1391609335208,0.122003901207064,0.0476321945568159,0.0894847998710693,0.0777224983616376,0.0730709990475991,0.0579336930291002,0.104485625906278,0.0968146998924977,0.171091938116919,0.137332231046601,0.172591985752824,0.0512830555371996,0.065253012580205,0.184423556999243,0.0878211646349546,0.079591305994178,0.0816107968945121,0.0768985870803493,0.097738728939449,0.101022520052358,0.113822168968431,0.142879332651463,0.11964700824466,0.0876248393376339,0.075800585927066,0.114275223219702,0.128030400688894,0.0804529710715498
20241218,0.0587561014597565,0.177244109292146,0.0501144594844095,0.126421903657765,0.0717207597592474,0.107160634514499,0.111091066214194,0.13515680242666,0.093306110957837,0.0829309140524416,0.137201558077704,0.108724641726176,0.124408751259781,0.100950310376262,0.101608652211852,0.0828509167020845,0.190715009056607,0.158182422778489,0.224269881737445,0.105270858106545,0.186453190545835,0.138095347063032,0.126424062222726,0.0719494795769965,0.0971391494056463,0.104670206762649,0.0710069701745631,0.0590152984288258,0.100523513880441,0.100259908112451,0.134792845379438,0.149775209813838,0.190442559600696,0.0552153387588608,0.0450713594170751,0.190506465123185,0.0862131947516043,0.0761537984363165,0.0831219482483234,0.168414348841533,0.113064689146598,0.0935228737161415,0.108262576585892,0.137987064420368,0.115227548204295,0.0925594097680464,0.0780148814613853,0.117428033635514,0.133118676281191,0.0857125428598689
20241219,0.14852843975743,0.133667280606647,0.112752514628662,0.131771095725317,0.109249877173947,0.103615897770106,0.106641939935331,0.14452215831593,0.0893114096875389,0.0819317186680031,0.117327832788163,0.0847560253564442,0.114216345650236,0.104235115586461,0.137343632070461,0.0741435072040457,0.19269888762104,0.139464166331984,0.223870253834538,0.0969165127664257,0.183360669276676,0.14422137507307,0.204113123956418,0.0675807356203964,0.0976925813196524,0.100658921924218,0.0729347749447843,0.0632908797363704,0.10757524431517,0.106157586793167,0.193715347542485,0.104803125847978,0.186177742052112,0.0654434975981856,0.0482969731417262,0.18374625261778,0.0900694906762242,0.0590287377095647,0.0870523695791015,0.0997909031388462,0.11880756989921,0.0924126013807545,0.108632324031921,0.136097982096334,0.0960939860109654,0.0935741845345974,0.081044297825855,0.112100769579641,0.124008559872109,0.0971587968163349
20241220,0.148150176465538,0.174897295543217,0.0881649812948945,0.130035173593297,0.0786931511880786,0.125233772265674,0.0960920640033828,0.126924837750199,0.0813014221263652,0.0861255942345589,0.112832695705882,0.0986013416613705,0.137399437536873,0.0949082870677712,0.11477752662368,0.0754110875821625,0.194219952555306,0.157433166533956,0.214940301484203,0.0914508928585133,0.160697126200017,0.13836612301139,0.203289355713714,0.0703721227722497,0.123677096206506,0.103022569188743,0.0741328700379051,0.106718028841165,0.0980265173737684,0.122498103701862,0.140431974359169,0.107596780282343,0.190527656366852,0.0641636627940112,0.0409202325920455,0.174500288910346,0.0783025823245136,0.0752004887850829,0.0915276521473971,0.0829786156790066,0.118856976409912,0.0889227310725308,0.0685101161100159,0.125987452533308,0.102356065745955,0.148959949677078,0.0674859603473811,0.109674086310714,0.11980622296169,0.0957630706193108
20241223,0.19502867017649,0.17954719881315,0.0497361657112955,0.129622443893644,0.0892150068883548,0.147977945597185,0.114292070622086,0.127655016727353,0.080940097646739,0.126494200012057,0.156075838764624,0.0866609395916552,0.14328372207776,0.108462662075603,0.10995265447889,0.0585287943024456,0.191156545139048,0.145064498807533,0.190156190289993,0.095942126634225,0.17398027887632,0.134623177074182,0.203716239572165,0.0594067443074639,0.1926255795924,0.143345900790886,0.0768843072963858,0.111371979383689,0.100876734020904,0.0668330782665783,0.204388935051507,0.0896191862376351,0.189157798073136,0.0642484178347596,0.067214510751848,0.160409297404867,0.0758521089539592,0.0746689337115718,0.0929266709556354,0.104630276706847,0.0951109063018466,0.0868714034200045,0.0728399324154126,0.130043678682291,0.11933035624771,0.162405996697194,0.0751162046747492,0.105428158616021,0.147668980706328,0.0932812169300278
20241224,0.191488334432802,0.181057069952913,0.0475622510404502,0.134025723832171,0.105959652426516,0.151839072602638,0.102469280657023,0.121347771493622,0.0840050763891295,0.124759419597949,0.170042076278212,0.118917025357437,0.110875569497184,0.0993157058556345,0.135012681082604,0.0848524054648593,0.15003623066523,0.151802484348496,0.191116162945392,0.0815310438784456,0.158434969153635,0.130629371378941,0.201942751404252,0.048714334468238,0.187258896437633,0.147373934043955,0.0733815757676071,0.105468928657359,0.101446501090875,0.0635615909553309,0.184702964981507,0.106649004681469,0.184329770136637,0.0483578320932818,0.0532320131104725,0.182216423572462,0.0828940507673819,0.0623639367493874,0.0865675778088325,0.117492631038748,0.122018586961657,0.0892455788531487,0.0804873968667094,0.147072834121802,0.119242650889917,0.146738958545588,0.074603087917153,0.108421616883664,0.154679413934463,0.0928966324860282
20241225,0.177639935993644,0.178370894880232,0.0943376140909971,0.133432791848264,0.0951637464274514,0.155114175361253,0.128397308257452,0.121115958971348,0.091157062985729,0.135530913726312,0.135087410408328,0.119165029824409,0.125580011430007,0.081106968407474,0.131257165761367,0.0912538893957586,0.219694526994166,0.14226881434818,0.173833846153797,0.0949968790563948,0.135591314870459,0.143697561336847,0.20173817323157,0.0537863941286423,0.118554352638859,0.110624791715941,0.0722618560798775,0.0840136105476898,0.116247663170391,0.083307064950001,0.176917554664981,0.0927022161523635,0.162345027427944,0.0561638038665522,0.0423775477640353,0.220371633849551,0.117198120256867,0.0697638234404786,0.092890938975685,0.114642392677702,0.145957619798702,0.09129554705354,0.0717993383994238,0.132606079302295,0.107233875579707,0.14367294301692,0.0779836120156455,0.121764669800673,0.174204057981542,0.0913031625952276
20241226,0.177032232463906,0.175959099901811,0.114724486420049,0.144936782737819,0.142428173427565,0.137475321909283,0.107633225700059,0.123879323661257,0.117543828111156,0.0838521482267962,0.161336873095885,0.125844735523519,0.160181585288338,0.0891116197850373,0.0926969986285412,0.0903941132369773,0.191064534112838,0.144770759945215,0.109957341785284,0.090107316592499,0.158582033332518,0.13988619075378,0.146126146087528,0.0444015219954859,0.125498303904424,0.118995209820595,0.0703273265198413,0.0752729870057945,0.14388680352859,0.0912835265555798,0.188654241223505,0.106191961962673,0.18851382943158,0.0560495689362466,0.0463927132652127,0.185269514953183,0.0902135367396629,0.0668714023557137,0.115211059084664,0.124226708280995,0.138514719337269,0.0936468322726759,0.0663142415227573,0.144866499506436,0.116956048662726,0.139193658528427,0.0934467585077383,0.11791699658818,0.133663691963468,0.0776532765261364
20241227,0.191720392036597,0.203518434512004,0.100218719436151,0.13793012065172,0.129131681306645,0.170655637032633,0.128793872527176,0.120215932036078,0.110831759022544,0.186864012463727,0.132014549666326,0.132248062074842,0.108747714215429,0.0828976440241474,0.0966086722710093,0.0706814820417829,0.19230932279332,0.140309492271607,0.10922086450036,0.0979203795366979,0.165480269998365,0.139793653347904,0.145343493411201,0.0498298655378809,0.11357929925935,0.119331716639983,0.0776765170826297,0.0713023076131312,0.125522025616516,0.0901660308098233,0.215781264888147,0.0913967104218086,0.175182347610653,0.0708381202325918,0.049801155122071,0.17871944501845,0.109561661934157,0.0584218234056693,0.110641425162931,0.124450564702337,0.145749000141001,0.101352028080646,0.0655768172905406,0.121995642834546,0.120908313090201,0.101774447794473,0.137753687492386,0.0909471937061381,0.14907469521681,0.0717867665630769
20241230,0.185806538214126,0.208842860791603,0.102587952814304,0.156996691508076,0.135809459087513,0.149617864572233,0.10687312236986,0.125575482181916,0.107990962952627,0.177305404875623,0.134854550131382,0.142873385985628,0.122270366642581,0.0815570108517777,0.0539951941172612,0.0776554013250115,0.178947456196499,0.13965531942063,0.153921514625349,0.0874733082311362,0.15601688607284,0.140664098523417,0.156685814050272,0.0459324081698883,0.139674460458336,0.101444716981111,0.085283028449269,0.0934321742762911,0.129436081208296,0.132696801816331,0.231846772334287,0.0839580943522528,0.162915178993559,0.0666352635227596,0.0532156763054395,0.170222448229828,0.108301236919959,0.07074321420215,0.141389486342511,0.145632331494644,0.148342002623901,0.0897648767062088,0.0622589378519612,0.116647079404199,0.123096837808265,0.101431424474489,0.10228681924093,0.0948482214555615,0.174350748375272,0.0802866618550553
20241231,0.131435977569588,0.195457948364333,0.117649213982558,0.152621526242903,0.163922770098264,0.176062550690445,0.104267337465871,0.123471435324493,0.103315191323039,0.0989150355148771,0.12261100960765,0.121887034990689,0.125424509820348,0.0978063907302236,0.0511630571718201,0.0698307932112649,0.172847543922855,0.137300870827501,0.165937969045862,0.0700658017860713,0.139137504078357,0.143761614099732,0.136084719674517,0.045981404421537,0.115197758436142,0.1570064641417,0.069397067190575,0.0844738766360464,0.136027631203014,0.0957833722450321,0.166892486742035,0.0958995536102171,0.224362904076094,0.0608480304049001,0.0429140104056631,0.164138036987371,0.0995613436668974,0.0661550641253342,0.153559969526421,0.128087915702718,0.135665053167786,0.0838320254875057,0.0669808563706078,0.148378744018276,0.0987740721087465,0.0763928045189431,0.0925994537074752,0.0919642595811354,0.153285699809631,0.147669434302668
20250102,0.141469351202265,0.184395740739499,0.122711266602618,0.152503247424835,0.193608942189714,0.138756166676719,0.110004252616162,0.127456897115833,0.124343045872209,0.128899908370601,0.144238788078642,0.122920859221285,0.120951721990985,0.103179716492989,0.106712480048282,0.058256223562959,0.16990721232756,0.15189973527772,0.158968543473595,0.0854724134846824,0.126657382567021,0.137222210786281,0.108966811914903,0.0996988926802748,0.0950863155386556,0.0983230412002924,0.0627376163210002,0.168117327750096,0.136849555999814,0.110517681949267,0.203444491047087,0.0816966099932318,0.185546920036377,0.0664726392804809,0.0419913408848613,0.17754450180377,0.11010132880017,0.0626373633907923,0.155469538220668,0.116046209783898,0.140245812532125,0.0915213739281406,0.0687179171586742,0.158833585262437,0.0901259808690705,0.0702653479043719,0.0871648470279402,0.101576179638427,0.15045481653719,0.0862514477954969
20250103,0.0789631474620789,0.192147021012269,0.0976288305372755,0.157378215533092,0.141100821299767,0.143503516385097,0.0871890046954484,0.131017428863423,0.0997423285715667,0.109024055295536,0.172421031888366,0.130143120773197,0.124010659307556,0.0719106715916277,0.115041576689198,0.059012484304367,0.160269090650181,0.105543900401155,0.135643630238664,0.0965244142693361,0.184885815121939,0.152544896319921,0.110729408122779,0.053848924803766,0.0790742221240254,0.0799481522515443,0.0689764855729919,0.0989036505560743,0.135368881464392,0.0948125998765769,0.158599210194223,0.170678077288207,0.165557734540995,0.0611136491184121,0.0690904021389852,0.106489627055018,0.0993048771049588,0.0696886508897335,0.186424529450635,0.11133108092576,0.126249033733985,0.0856420026058864,0.0635872750692238,0.129888199848887,0.102991781896005,0.106190812599882,0.0790982810304451,0.098863166409548,0.147392203242941,0.0786544236057766
20250106,0.102080802492284,0.121459295091064,0.125769248345248,0.169881869008767,0.0956038789507238,0.122202412562699,0.082075129152514,0.130207672953457,0.121448608460597,0.181372928071089,0.0775028895993151,0.179659488112691,0.142702151451203,0.0967705704618965,0.0746042113286419,0.0583224952877671,0.176241191040952,0.122676788367962,0.203525987198269,0.122875362176043,0.157101589283947,0.15322103135742,0.0888881669152332,0.0746936657053978,0.107506574961763,0.0924290743374535,0.0677023880272563,0.0976763724326595,0.109795147554744,0.0739866244685076,0.189272743695723,0.157067864254648,0.176401973513556,0.0586281769358606,0.0617115430312147,0.12630073678978,0.11598692126503,0.0650607113394945,0.156631186332139,0.102838902242495,0.127974643882875,0.0817287886499185,0.055903568894587,0.114120429888456,0.120643040519299,0.127937815061106,0.0801519701113852,0.0919465227900727,0.0981027928881528,0.0548606470155035
20250107,0.0943631677286885,0.130036225074788,0.0463664741868772,0.160494989767152,0.128176256989128,0.115567523352864,0.082439059180393,0.0771770935602005,0.117207215459527,0.141999081992535,0.0902005731628732,0.0869640454556014,0.127598408560464,0.110957780346381,0.0717081142316718,0.0576626326919404,0.131823740785884,0.0875203041877009,0.139528174993984,0.0806813703783359,0.121720168222255,0.0896889268835278,0.105608712895679,0.0812206316023323,0.106040731322909,0.0877420722804502,0.0670217438796253,0.101774974537764,0.0848783013363161,0.0718745789787571,0.140578270925543,0.135026154755405,0.0917588784520909,0.0526684133888223,0.0479310881085559,0.136213524435483,0.115860479558368,0.0485682787238411,0.179936725849984,0.130885452169537,0.101592345535748,0.0772348808784581,0.0755689135234635,0.113944223944028,0.0736822001914578,0.119977873566563,0.0818729670579188,0.0852619550466992,0.0963238708697176,0.0542099758978355
20250108,0.111653313024876,0.137550344749077,0.0578562097555237,0.161449592970679,0.0777645853879011,0.0972431862176991,0.0818999565004488,0.0920627508999884,0.125511128865339,0.153780148371747,0.0871837750044758,0.0853977349507608,0.13571622797241,0.0928204106516595,0.0653523865408945,0.0590896802079671,0.122943144020735,0.0822028048246073,0.125556203500104,0.0730450476631566,0.111158689325879,0.109866678679666,0.0957371150396387,0.0743535720637892,0.0984272810404829,0.0785906871932111,0.0757140976457096,0.0770952468885224,0.0820135266704134,0.0990047599447448,0.179961669153854,0.127895845035994,0.107359558404083,0.0881696367252681,0.0554221094768667,0.194611610367116,0.113446806764996,0.0502016477939395,0.195246251293969,0.179602069578978,0.100313718713157,0.0699715970413136,0.0687095903802342,0.121934141303066,0.106428537995042,0.111350448525811,0.0606513417916176,0.0846129194773936,0.133274724037111,0.0870584235000014
20250109,0.095572515395508,0.095537351427297,0.0540054974318145,0.129442957032443,0.0948350116420837,0.0799172244895542,0.0885429440726199,0.0921633404660884,0.0898223919369926,0.0715721345111109,0.0648169633214799,0.0798054600605992,0.1115370158477,0.10130637214624,0.0822543051672109,0.0643213005121365,0.130317657750307,0.0751528892655978,0.142913504462941,0.0913049770562176,0.100717024926596,0.0816503554659039,0.0983835366323817,0.082626491098297,0.100142000036623,0.0860881620347739,0.080280910745105,0.0996565365250273,0.0790926843288424,0.0628697265165952,0.201605354688621,0.112141930503942,0.0935721917354016,0.0664605214509706,0.0617674957465567,0.124155620612288,0.0983306998604012,0.0487759042044392,0.137733059324986,0.135580562632165,0.0985833265569407,0.0722669345201127,0.0619516124989092,0.112895192731817,0.129944563443123,0.118716600154148,0.0623095358864786,0.0809264837592497,0.0925691233486036,0.0793658340604707
20250110,0.0792400881646579,0.126233423894551,0.0543694644699561,0.152093881140617,0.0995638561874143,0.0867464545606541,0.106386802771139,0.0936105624985801,0.1025252717038,0.113422452979416,0.0575252216933693,0.0983099959815285,0.131864127572882,0.0913176259318266,0.0822413576487807,0.0439166142021438,0.122652663682269,0.0758792793134737,0.132221691631958,0.0920501024586841,0.0793476291972291,0.0899049663139917,0.0931050353574383,0.0803329715461904,0.0980759045444059,0.0529930367197561,0.0770564216459142,0.125858309113289,0.0760133559863551,0.0658438162760088,0.193428654518631,0.132697453737858,0.101483295228268,0.0618510487443108,0.0405747823050932,0.109426946485733,0.100819429320785,0.0522418738374865,0.156034769198897,0.118060292828527,0.100290546386774,0.0749468333626793,0.102056770373162,0.119975401356506,0.121700018901684,0.0971876781477067,0.056262277042801,0.0904608953199606,0.0891861747028926,0.0840027738468783
20250113,0.0819790118472559,0.105347843786667,0.0575934101538925,0.0931284281269025,0.0960686033156602,0.0726984061899768,0.0727054796743697,0.0790477383622055,0.105178510136386,0.0961061631620118,0.0833264466829811,0.0976166994366644,0.118711499051108,0.0882321623762761,0.0807704137793596,0.0528570017982002,0.122987384104733,0.0957165918644652,0.105539157442526,0.0779986348187579,0.0978603534937803,0.0917000025327869,0.102965848959847,0.0788206088220841,0.0668290973217059,0.070271397362701,0.0840881016034206,0.117311789196418,0.0691358974908002,0.0637812805729217,0.200959532732522,0.126717386287135,0.0940013965166034,0.0607356207205261,0.0568047727794573,0.133671610586849,0.0758161912508125,0.0535984261763164,0.117122617372158,0.133424766552237,0.0924025048721326,0.0599738275388261,0.0734120325775811,0.135154087978281,0.13192583493764,0.105815955017116,0.0592068355325903,0.108478216889685,0.0836915024806652,0.0688750577846771
20250114,0.0676745985341354,0.0952752261328109,0.0481339573987438,0.138560937169796,0.110706102298795,0.0695400000952829,0.0703590717241154,0.085451036093999,0.0991168729574127,0.099033204480704,0.0741783612066364,0.102110849331108,0.124099311525867,0.091866975769327,0.0784969297098992,0.053106804484765,0.139071849057613,0.0987101731311213,0.126447165347013,0.0752036226247396,0.0552368702364463,0.0675028623788246,0.132339441690273,0.0578647569519261,0.100321430997579,0.0681158779688308,0.0986846704495082,0.120795338375005,0.086210770327688,0.081090106575093,0.173465638874612,0.135723827970237,0.0952305233965143,0.0939265340839986,0.0489787404620737,0.130645203226296,0.0842691529078713,0.0588995663097073,0.149335500890009,0.108441176255981,0.0990937587742811,0.066482402861471,0.0668154869133693,0.139957624154865,0.140759679378507,0.123418742317747,0.0679081761841634,0.100014904707805,0.0810227514980192,0.0745831769601687
20250115,0.0613918592751899,0.078096236516133,0.0455272744296442,0.127724793961855,0.0952147094312148,0.101798079171047,0.0751660995795003,0.0895917352706779,0.0971975163465004,0.0891971368917934,0.072096124025541,0.0990891939220513,0.125528525552855,0.0904027562129893,0.0899754083976596,0.0523579775493552,0.151471226561943,0.0907180133205473,0.0928890536009574,0.0689794583848404,0.129867541110439,0.101995146323524,0.097278973921296,0.0780693906571496,0.0928310704569984,0.0770138917588872,0.105754979782232,0.0946798060066503,0.0900464488677828,0.0828625087882143,0.171069721099441,0.11072009657381,0.0967879663527472,0.0891716333460542,0.0553486965916897,0.139240129926999,0.0865552814868411,0.0901609884300621,0.171293857516741,0.0800506934752714,0.0948787387170779,0.0656218088282101,0.0720108788984594,0.116375790709343,0.0938010481838265,0.119263724368318,0.0629849707576832,0.0747888377033043,0.117829652543024,0.0597591247922388
20250116,0.0772560480277978,0.0779717718864993,0.0552270443785497,0.12439442198393,0.104067963236154,0.1078238769742,0.085548229645839,0.0835410725184545,0.0818565591003691,0.0865274822030883,0.0727793030525444,0.103879177702618,0.128238022101646,0.0929844809755131,0.0761584302617847,0.0525553003186315,0.171189229450849,0.0876575799149363,0.0893794069360704,0.0703287681864684,0.114299589002647,0.105929407999088,0.0829931592269682,0.0594486353511785,0.0910170893771312,0.0447948793911703,0.0681113055752232,0.110046258732765,0.0918850712091262,0.103792818327607,0.164504030610183,0.131474725656894,0.0979796075139647,0.0879546717783827,0.0670857577210218,0.168944582200174,0.0984499637914633,0.111653820574891,0.176623876126751,0.0810182135283933,0.0793765435289199,0.0658064512171558,0.0631780177920515,0.109317332544306,0.0898912654364566,0.133471057578512,0.0740520689146317,0.0673998839091081,0.093802933772613,0.0626518604028039
20250117,0.0555168073586838,0.072003971893047,0.0503964511692186,0.12971768987831,0.0975303108765556,0.0817986146223396,0.0871158306676146,0.0809659141554822,0.099273274241555,0.100809182118501,0.087719217343123,0.0951790941032585,0.12506659714291,0.0927246804281801,0.0843097924390843,0.050389288704095,0.157885228177345,0.0892922493701142,0.0905782345603254,0.0550754740610632,0.116775001053239,0.102340087425878,0.096067619848442,0.0842778351528781,0.0885948187561654,0.0698256531943407,0.0774708644330968,0.13384893228239,0.0811886906570273,0.115092097972935,0.171124147993842,0.139948865364966,0.10912691970335,0.0784728817554172,0.0573593827515099,0.166112109050032,0.072548504513962,0.109502858853057,0.149833326591084,0.0779458703921184,0.0733011361960263,0.0763547487057442,0.0624564150276885,0.0705624109678902,0.0938135443129262,0.106279029650321,0.0666847110307501,0.0696195008876342,0.112184466300562,0.0943420644596537
20250120,0.0867828565118547,0.0728344881073481,0.0540582347834111,0.144627138807604,0.0882710323216125,0.0965023766665194,0.083260331356954,0.0753652424019544,0.124012576735411,0.0842039534173246,0.058261800815561,0.1144496727051,0.105197220980526,0.0744435574643086,0.0836207790880696,0.0503624871673265,0.16404976341188,0.0877091642840191,0.0998726704839359,0.0646298400130615,0.118166691352391,0.106342326221349,0.0968574010083529,0.0700277149789687,0.0634519367271565,0.0940575089890607,0.0795199535697521,0.160781674407686,0.0761664630894431,0.081938258261962,0.150563403255203,0.139366015187275,0.0904550010735164,0.0833997108827204,0.0570577701381792,0.141299465815295,0.0751856398778158,0.0734589148957965,0.146876162116677,0.0706116194190237,0.0794678748219935,0.0875501481782971,0.0639564301260523,0.123949692198278,0.0853571091384712,0.0965373107853319,0.0727505850820362,0.0484640991122825,0.109394158713398,0.0558152176177241
20250121,0.0777090140290489,0.0705165587397067,0.0632034407910614,0.143294635939428,0.0981090894215156,0.0919137320512661,0.0772622402276726,0.0730730614362901,0.104359934413015,0.073528005546349,0.0676235339583662,0.131979298047581,0.110212199249734,0.0894661685583762,0.0599121571968593,0.0571216533562323,0.144506087964687,0.0894638657410644,0.12434555023347,0.047861159873743,0.0837299204485625,0.112392474216202,0.094665365512004,0.0687845048648886,0.0927548086260288,0.100326571627731,0.0696852998733112,0.138795759799546,0.0828713356811337,0.108466226996447,0.127846788104649,0.132467258726034,0.0982787633594508,0.136206858345059,0.0598371671169427,0.152312504741255,0.0778806247814347,0.0669608413642321,0.148798904467103,0.0771697759421688,0.0806460199788848,0.0820304464255467,0.065301024777537,0.125783342415299,0.0971733776714178,0.113778965433328,0.0596574646298838,0.0612641353780947,0.0956265631073484,0.0536798557968462
20250122,0.0805467360694743,0.0884274356974794,0.0575009265439031,0.144697923944355,0.072548852670472,0.101408195288219,0.078761146922455,0.0768555866244444,0.093018046008547,0.10022421805106,0.063160807227206,0.0982644232909045,0.120272610812737,0.0798053954918135,0.0529603756611819,0.0587935275165015,0.108660915459982,0.086164029912859,0.117489727677978,0.0560601134545683,0.151553083559013,0.0851721505414239,0.0750003107419063,0.0618533698016858,0.0937146640327419,0.106787917119982,0.0722804729927687,0.150913284555526,0.0737231919825332,0.118972384189238,0.106037874358688,0.148904204920057,0.0765282370444033,0.0980507540970383,0.062516873372442,0.181599794541793,0.0850388110077084,0.0766154456049417,0.163991272273162,0.0982357903160459,0.0794853296392039,0.0901843461481019,0.0644681093474499,0.147800859241289,0.063982047252727,0.0681853264273557,0.0571161383307606,0.067577361512609,0.0906570060379117,0.0800736025036491
20250123,0.0969967834254976,0.0950938769085055,0.0516755492741987,0.136292661287584,0.0631005934563902,0.099287402261327,0.0721398599618369,0.0723417947795728,0.084458557876785,0.112136918757759,0.0581444514009534,0.107696579673341,0.119866992269206,0.0621893498776406,0.0565595759194787,0.0572865325368571,0.105851114051797,0.08862911930834,0.123787398860418,0.055036995140066,0.111215489785977,0.091797555794032,0.0875597140884619,0.0451915813893194,0.0754465276187599,0.0830225197799177,0.0825706283386907,0.153915297313977,0.0578149851999227,0.109421890391244,0.112022521928181,0.141186066503532,0.106308505397479,0.109486919243297,0.0715744194411487,0.188189057702334,0.0862739747891052,0.0662014399013159,0.135507367281382,0.102924735068182,0.0743799230955359,0.0984548784717885,0.0640074086046478,0.134048464095752,0.0594732247910213,0.077681661855748,0.0666173277245946,0.0674964265889845,0.0950124468455041,0.0834369661078023
20250124,0.115096849266206,0.0937518632834238,0.0466281460517018,0.154177776458462,0.083217273060371,0.0877868718925436,0.0688426668177572,0.0751065384491022,0.0992586882447456,0.131426437786516,0.0563523457315398,0.0988658115072874,0.129502357300281,0.0671515105770493,0.0635707493473383,0.0592036645501502,0.11149562278376,0.084909650281133,0.118157872405266,0.0690489843884159,0.105576688836938,0.08801681311222,0.0854864680732308,0.0581280217191034,0.100176399229172,0.113126969346295,0.0769156627607543,0.152381176277374,0.0530151104719117,0.121392400308288,0.150569560375147,0.142840948071139,0.106796762645912,0.0970274432552103,0.0621320654971087,0.197602092376834,0.100553978177719,0.0612977182210922,0.167759947076216,0.0808766069436267,0.0797934013004936,0.0805128655287039,0.0597919981328019,0.114215430744985,0.0681205435648898,0.0755650472487403,0.126377984457386,0.0641316421795776,0.12695445769399,0.050959040849475
20250127,0.0651548430282573,0.076358971372388,0.045511782656644,0.169780410313037,0.091732284506633,0.0771399429176614,0.0799069099985421,0.0702427659534473,0.0887667370306175,0.099949647091568,0.0400820412915239,0.0917776361023263,0.0785966304861063,0.0670811112683727,0.0915469299712063,0.0578033894589158,0.154374879508782,0.0942599296720435,0.101240924296985,0.0729829285636256,0.0944018223721129,0.072555625306214,0.0823323342919372,0.0672878892633364,0.0868205819535713,0.154146225806989,0.0855417599163601,0.15594097913463,0.068275079852952,0.0950311533893202,0.173047263477436,0.117384447638879,0.102260246602605,0.0906268468494938,0.064996890311962,0.181983445333803,0.105268543161634,0.078873988308253,0.115749955741125,0.103215058509077,0.0973942795750877,0.080845225992889,0.0669133091723857,0.135654344192461,0.0829419451231408,0.105429109797227,0.0589947533034542,0.0557031285142297,0.107751663186768,0.0523070309481189
