Date,DY_TCI_LC
2015-04-29,63.7301972608104
2015-04-30,63.7435110988685
2015-05-04,63.7466026337357
2015-05-05,65.0895059872279
2015-05-06,64.6322496125706
2015-05-07,64.8110277226994
2015-05-08,64.7866768510358
2015-05-11,65.5827140222338
2015-05-12,65.6681212390456
2015-05-13,65.4144610508535
2015-05-14,65.2438511893555
2015-05-15,65.696788564913
2015-05-18,65.3255288343782
2015-05-19,65.4196330054903
2015-05-20,65.5334705252226
2015-05-21,66.3305141844375
2015-05-22,66.064799367421
2015-05-25,66.30844590581
2015-05-26,67.4171093264849
2015-05-27,67.2979637089607
2015-05-28,71.8672285708538
2015-05-29,71.3260759798298
2015-06-01,71.2600442978403
2015-06-02,70.8585821933503
2015-06-03,70.6487436155439
2015-06-04,70.66818448511
2015-06-05,70.2384774405768
2015-06-08,70.2989112763338
2015-06-09,70.0315813320826
2015-06-10,69.7626592835746
2015-06-11,69.8051468924033
2015-06-12,69.753822225005
2015-06-15,69.8123497384025
2015-06-16,73.1331808286951
2015-06-17,72.3601968330023
2015-06-18,72.9428513395056
2015-06-19,73.9355441636021
2015-06-23,74.0868850106198
2015-06-24,73.8575661446154
2015-06-25,75.2144961813293
2015-06-26,79.2077500054774
2015-06-29,77.6872601067889
2015-06-30,79.6503970006357
2015-07-01,78.6812865601279
2015-07-02,78.9138176114872
2015-07-03,80.6226350036365
2015-07-06,79.8900261796274
2015-07-07,80.9312547233252
2015-07-08,80.0312250071048
2015-07-09,79.9375053685004
2015-07-10,81.9080040842051
2015-07-13,80.6140864039801
2015-07-14,80.7380176434261
2015-07-15,81.562472223573
2015-07-16,80.75263010059
2015-07-17,81.2719475617551
2015-07-20,80.5673683765687
2015-07-21,80.3717037405165
2015-07-22,80.36812600541
2015-07-23,80.4018421993225
2015-07-24,80.4102737972288
2015-07-27,80.9781879665415
2015-07-28,81.397705483271
2015-07-29,81.1982938335173
2015-07-30,81.1266649935909
2015-07-31,81.3637719498067
2015-08-03,81.0639357531879
2015-08-04,80.9794390114014
2015-08-05,80.9582862134463
2015-08-06,80.711993554318
2015-08-07,80.7153219368017
2015-08-10,80.8271413324282
2015-08-11,80.8503578109593
2015-08-12,80.6548761047049
2015-08-13,80.2929952412524
2015-08-14,80.9415124167809
2015-08-17,80.748543209172
2015-08-18,81.3408344016644
2015-08-19,80.9420685164498
2015-08-20,80.5912368442
2015-08-21,80.9661642329232
2015-08-24,82.8671820048093
2015-08-25,83.0229673102348
2015-08-26,82.2730805117435
2015-08-27,82.4196688922331
2015-08-28,82.5476982683866
2015-08-31,82.1846109183199
2015-09-01,82.0188229995585
2015-09-02,82.1301589898571
2015-09-07,82.0776697076108
2015-09-08,82.0647386936901
2015-09-09,81.8075307881448
2015-09-10,81.8622558373913
2015-09-11,81.8178501559927
2015-09-14,82.126875582561
2015-09-15,82.0579010862749
2015-09-16,83.7687345857958
2015-09-17,83.4435343362623
2015-09-18,83.5021914718265
2015-09-21,83.4756230963545
2015-09-22,83.3858293085389
2015-09-23,83.7771292011224
2015-09-24,83.830430441525
2015-09-25,83.900150355451
2015-09-28,84.0665297475954
2015-09-29,84.1596663311963
2015-09-30,84.1105967882956
2015-10-08,84.0609241767228
2015-10-09,84.24405797271
2015-10-12,84.1289833668764
2015-10-13,84.3111336850885
2015-10-14,84.2376850428231
2015-10-15,84.1845595620889
2015-10-16,84.5425856149786
2015-10-19,84.5302888329858
2015-10-20,84.6778771987724
2015-10-21,85.0933077290626
2015-10-22,84.9332853498958
2015-10-23,84.9133537249322
2015-10-26,84.8514390051458
2015-10-27,85.049470063215
2015-10-28,85.0967560652078
2015-10-29,85.1824092135456
2015-10-30,85.2752797650847
2015-11-02,85.1927815094551
2015-11-03,85.3542127702319
2015-11-04,85.2994548758322
2015-11-05,85.4087710022555
2015-11-06,85.4382804087511
2015-11-09,85.3916463894206
2015-11-10,85.3262487505721
2015-11-11,85.2427364488499
2015-11-12,85.1977770487825
2015-11-13,85.2662501464201
2015-11-16,85.3219870497173
2015-11-17,85.2764075090509
2015-11-18,85.2684347703088
2015-11-19,85.178567325241
2015-11-20,85.1021788929836
2015-11-23,85.0767994450066
2015-11-24,85.0058924323455
2015-11-25,84.8881664994457
2015-11-26,84.9739407499101
2015-11-27,85.0669206748606
2015-11-30,84.8231478231691
2015-12-01,84.6915406759741
2015-12-02,84.6288142814127
2015-12-03,84.6520136559921
2015-12-04,84.764570984958
2015-12-07,84.7551260170171
2015-12-08,84.8013982629946
2015-12-09,84.7549699560804
2015-12-10,84.8379437286719
2015-12-11,84.8468603860467
2015-12-14,85.0957118183057
2015-12-15,85.0814776375311
2015-12-16,85.0455953417732
2015-12-17,84.9124367220066
2015-12-18,84.9271532366151
2015-12-21,84.8467487119505
2015-12-22,84.8634256231719
2015-12-23,84.9019081768774
2015-12-24,84.9032595289007
2015-12-25,85.1454616266745
2015-12-28,85.2225545001719
2015-12-29,85.0852622922704
2015-12-30,85.0534328327207
2015-12-31,84.9921386318584
2016-01-04,86.2885199453999
2016-01-05,86.1526283832056
2016-01-06,86.1822498742845
2016-01-07,86.9291910339767
2016-01-08,87.0067093681675
2016-01-11,87.1299190692729
2016-01-12,87.0697711454894
2016-01-13,87.1889530982202
2016-01-14,87.2323360814541
2016-01-15,87.3250925011157
2016-01-18,87.3967322277341
2016-01-19,87.5655143812139
2016-01-20,87.5047256451582
2016-01-21,87.5344107688018
2016-01-22,87.5438624836307
2016-01-25,87.5753762900864
2016-01-26,87.6715390566325
2016-01-27,87.6918689251501
2016-01-28,87.6768399778964
2016-01-29,87.736281284148
2016-02-01,87.7352140858904
2016-02-02,87.733734679348
2016-02-03,87.993368646821
2016-02-04,88.0787555756905
2016-02-05,88.2354864818043
2016-02-15,88.3321155655141
2016-02-16,88.4189042110985
2016-02-17,88.5203474029862
2016-02-18,88.5162346470912
2016-02-19,88.5584307015446
2016-02-22,88.6304111982034
2016-02-23,88.5419773708778
2016-02-24,88.5206823925541
2016-02-25,88.7214313226961
2016-02-26,88.7093170931525
2016-02-29,88.6732544237769
2016-03-01,88.7710567903252
2016-03-02,88.7941429019756
2016-03-03,88.8598145134925
2016-03-04,88.8944978009008
2016-03-07,88.8797051966415
2016-03-08,88.9703782847231
2016-03-09,89.0240107558346
2016-03-10,89.069651692272
2016-03-11,89.2053672172765
2016-03-14,89.0799310770098
2016-03-15,89.1208497103612
2016-03-16,89.1806029269945
2016-03-17,89.2829083675073
2016-03-18,89.3719848956259
2016-03-21,89.2395726361584
2016-03-22,89.32570413668
2016-03-23,89.3346626369384
2016-03-24,89.2478847787625
2016-03-25,89.1892180037208
2016-03-28,89.2408015270048
2016-03-29,89.2543650052378
2016-03-30,89.3397778995679
2016-03-31,89.1004052192866
2016-04-01,89.2430826327931
2016-04-05,88.9205930423884
2016-04-06,89.0089320304271
2016-04-07,89.1001541620473
2016-04-08,88.9874102831929
2016-04-11,88.9998076781255
2016-04-12,89.0999574376998
2016-04-13,89.2648919689928
2016-04-14,89.4389514208075
2016-04-15,89.4188249513218
2016-04-18,89.2508462913843
2016-04-19,88.7244981528656
2016-04-20,88.4966480832903
2016-04-21,88.4822823674369
2016-04-22,88.4547577901423
2016-04-25,88.7293783722362
2016-04-26,88.6984785323071
2016-04-27,88.9553382977579
2016-04-28,88.9960318624553
2016-04-29,89.1928266191942
2016-05-03,88.9576053640559
2016-05-04,89.4651382857083
2016-05-05,89.4843984310121
2016-05-06,89.5267778621204
2016-05-09,89.1242449313631
2016-05-10,89.0219947969284
2016-05-11,88.9189427721563
2016-05-12,88.9844227033602
2016-05-13,89.1130362692924
2016-05-16,89.1466142322142
2016-05-17,89.210311579609
2016-05-18,89.1351973022897
2016-05-19,88.6002522520458
2016-05-20,88.8147506159115
2016-05-23,88.8898602011571
2016-05-24,88.888297491503
2016-05-25,88.9232451463507
2016-05-26,89.0924366174944
2016-05-27,89.1470992500072
2016-05-30,89.1478096222093
2016-05-31,89.254986365701
2016-06-01,89.2899410106474
2016-06-02,89.3012980200499
2016-06-03,89.1303047439698
2016-06-06,89.1793135782291
2016-06-07,89.24274747028
2016-06-08,89.2601740686004
2016-06-13,89.5102823054875
2016-06-14,88.9400910999869
2016-06-15,88.9915297234996
2016-06-16,88.9670472760184
2016-06-17,88.8627202998517
2016-06-20,88.3323897686838
2016-06-21,88.3126649941864
2016-06-22,88.3213458760898
2016-06-23,87.8897057689042
2016-06-24,87.4775565064591
2016-06-27,87.5882934982335
2016-06-28,87.5552618645645
2016-06-29,87.7578934441138
2016-06-30,87.8583259004878
2016-07-01,87.7574244197132
2016-07-04,87.6997473027091
2016-07-05,87.8070846324453
2016-07-06,87.6160879781817
2016-07-07,87.0626224423886
2016-07-08,87.2295367401079
2016-07-11,86.5308421654704
2016-07-12,86.4314379949911
2016-07-13,86.4268899598517
2016-07-14,86.441626185129
2016-07-15,86.3412614398058
2016-07-18,86.4296670126347
2016-07-19,86.4773682626775
2016-07-20,86.4858060970402
2016-07-21,86.6044436543001
2016-07-22,86.5894611998365
2016-07-25,86.703734912881
2016-07-26,86.6857524048276
2016-07-27,86.9030443118349
2016-07-28,86.6177227552918
2016-07-29,86.4751022271472
2016-08-01,86.4702540543741
2016-08-02,86.5104167909448
2016-08-03,86.6052809239203
2016-08-04,86.7754742902901
2016-08-05,86.8346218290537
2016-08-08,86.7439157174043
2016-08-09,86.6986065207435
2016-08-10,86.7545323943132
2016-08-11,86.8491294016174
2016-08-12,86.8632758701274
2016-08-15,86.9017918836462
2016-08-16,86.6727818341233
2016-08-17,86.6801441844591
2016-08-18,86.9506096016931
2016-08-19,86.9754592881976
2016-08-22,87.0666766972922
2016-08-23,86.9511152122848
2016-08-24,87.1307975383467
2016-08-25,87.2518721500268
2016-08-26,87.2446108879933
2016-08-29,87.3034683394755
2016-08-30,87.2393758587545
2016-08-31,87.3949882689821
2016-09-01,87.5029369469989
2016-09-02,87.3992318695234
2016-09-05,87.3336518310817
2016-09-06,87.4246084052215
2016-09-07,87.4297861201954
2016-09-08,87.483883288524
2016-09-09,87.3657493401705
2016-09-12,87.3401977985514
2016-09-13,87.2252176680214
2016-09-14,87.0700085082723
2016-09-19,87.0924164040604
2016-09-20,87.0726048149025
2016-09-21,87.2171631625587
2016-09-22,87.2921663817287
2016-09-23,87.3394358576343
2016-09-26,87.4604123482384
2016-09-27,87.498883718173
2016-09-28,87.5360910675754
2016-09-29,87.5725400217763
2016-09-30,87.586409519527
2016-10-10,87.6517141556957
2016-10-11,87.7175155331972
2016-10-12,87.734613150609
2016-10-13,87.641269434222
2016-10-14,87.78539059336
2016-10-17,87.9181567108441
2016-10-18,87.704701446483
2016-10-19,87.7566013459169
2016-10-20,87.7026440986297
2016-10-21,87.5566705432493
2016-10-24,87.5591188265804
2016-10-25,87.6534409595102
2016-10-26,87.4814688935092
2016-10-27,87.5728896295925
2016-10-28,85.5757258749463
2016-10-31,85.853148390702
2016-11-01,85.8870764723197
2016-11-02,82.3963945005099
2016-11-03,82.7648555954446
2016-11-04,81.1988111722267
2016-11-07,80.4462511179385
2016-11-08,80.5571083545833
2016-11-09,80.5173523211802
2016-11-10,80.3959106200197
2016-11-11,80.2594943773531
2016-11-14,80.1296939388891
2016-11-15,80.2034719806227
2016-11-16,80.2208419797261
2016-11-17,80.3197945808591
2016-11-18,80.4724745821755
2016-11-21,78.8893707118309
2016-11-22,78.7708304085858
2016-11-23,79.0482411089449
2016-11-24,77.2496319220403
2016-11-25,77.3440314084748
2016-11-28,77.1756690857576
2016-11-29,77.1563996153773
2016-11-30,77.171706703947
2016-12-01,77.165160468291
2016-12-02,77.259767919723
2016-12-05,76.7696968590332
2016-12-06,76.6916236733351
2016-12-07,77.0354531362111
2016-12-08,77.0592781966122
2016-12-09,76.6903210370101
2016-12-12,76.9408074691844
2016-12-13,76.8214647015826
2016-12-14,73.1775429819091
2016-12-15,73.203471754231
2016-12-16,72.9801597481621
2016-12-19,73.1299900208256
2016-12-20,72.4627040365121
2016-12-21,72.8316374772151
2016-12-22,72.3236972994072
2016-12-23,72.1345821859476
2016-12-26,72.0431553777027
2016-12-27,72.1796664658358
2016-12-28,72.4774430228562
2016-12-29,72.5788571246173
2016-12-30,72.4938237807543
2017-01-03,72.4223732799359
2017-01-04,72.4500687927384
2017-01-05,72.4668065640799
2017-01-06,72.5679959867333
2017-01-09,72.4343846643068
2017-01-10,72.5135547867323
2017-01-11,72.2765765697122
2017-01-12,72.3049225114823
2017-01-13,72.3463309882021
2017-01-16,72.3867491186638
2017-01-17,72.5062688721098
2017-01-18,71.1555478502036
2017-01-19,71.0275515515466
2017-01-20,70.6965001151084
2017-01-23,70.7957286100571
2017-01-24,70.808192024549
2017-01-25,70.7065808293476
2017-01-26,70.7396204395427
2017-02-03,70.5742643842
2017-02-06,70.6121291894642
2017-02-07,70.066819988636
2017-02-08,70.1246752907637
2017-02-09,70.3961048859373
2017-02-10,70.5073403832834
2017-02-13,70.442780805037
2017-02-14,69.0888473588482
2017-02-15,68.9161560386928
2017-02-16,68.2684654456919
2017-02-17,68.214317153494
2017-02-20,68.3073191885676
2017-02-21,68.799811136493
2017-02-22,68.7563617051102
2017-02-23,68.7864942839841
2017-02-24,68.7078229943994
2017-02-27,68.8487544232348
2017-02-28,68.702334150703
2017-03-01,67.273459797572
2017-03-02,66.9530199264163
2017-03-03,66.7070914385592
2017-03-06,66.7905985270862
2017-03-07,66.6319057269464
2017-03-08,66.768518414677
2017-03-09,66.8798257994221
2017-03-10,66.9461223714142
2017-03-13,67.0564407474669
2017-03-14,66.8651174256444
2017-03-15,67.2969211112161
2017-03-16,67.127952286818
2017-03-17,67.3613989126862
2017-03-20,67.25635614396
2017-03-21,67.2643542329034
2017-03-22,67.4430607727408
2017-03-23,67.3158339258522
2017-03-24,65.7387240736141
2017-03-27,65.8717033022887
2017-03-28,65.8716989416716
2017-03-29,65.9124587087489
2017-03-30,66.1175080862559
2017-03-31,65.9293662954486
2017-04-05,65.9550130585041
2017-04-06,62.7844891104876
2017-04-07,62.8095524783616
2017-04-10,60.6046542024197
2017-04-11,60.6802982590799
2017-04-12,60.9355598802703
2017-04-13,61.0917568815914
2017-04-14,61.1920392815435
2017-04-17,61.2645911628105
2017-04-18,61.1339778728255
2017-04-19,61.2348439776315
2017-04-20,61.1314943329087
2017-04-21,61.3550036100467
2017-04-24,61.1049505376881
2017-04-25,61.1664020127727
2017-04-26,61.0227472948023
2017-04-27,60.9683070310954
2017-04-28,61.0331389166678
2017-05-02,60.7639440998324
2017-05-03,60.7196848942479
2017-05-04,60.8567356164768
2017-05-05,60.5274531527657
2017-05-08,60.8572887691504
2017-05-09,60.1730733588714
2017-05-10,60.2261898281896
2017-05-11,60.1883629262901
2017-05-12,60.174656974982
2017-05-15,60.1234181086139
2017-05-16,60.679742721232
2017-05-17,60.5040957770414
2017-05-18,60.4744700294799
2017-05-19,60.2721775450001
2017-05-22,60.0702093339982
2017-05-23,57.9817962342034
2017-05-24,58.0918788605569
2017-05-25,58.235290839689
2017-05-26,57.70011452817
2017-05-31,57.9597772362745
2017-06-01,57.9737682400112
2017-06-02,57.7749936996477
2017-06-05,57.5748547132684
2017-06-06,57.3682112384806
2017-06-07,57.8748011988316
2017-06-08,57.7224724254755
2017-06-09,57.7617256334541
2017-06-12,57.700953735753
2017-06-13,56.3600903906876
2017-06-14,56.314016871867
2017-06-15,56.2421112594009
2017-06-16,56.1736178759766
2017-06-19,56.2053763204639
2017-06-20,56.1634108596781
2017-06-21,57.0088986451651
2017-06-22,56.8377207972742
2017-06-23,56.8213439820949
2017-06-26,57.3008356587937
2017-06-27,57.4084822588661
2017-06-28,57.5925631365137
2017-06-29,57.4652207371963
2017-06-30,57.5473793903473
2017-07-03,58.0347815417852
2017-07-04,58.0560804467826
2017-07-05,58.110430483688
2017-07-06,57.8023674928286
2017-07-07,57.8699887009949
2017-07-10,57.7823241003294
2017-07-11,57.410378913133
2017-07-12,57.5342587904153
2017-07-13,57.4818502182902
2017-07-14,57.3204227981508
2017-07-17,59.6636745952742
2017-07-18,59.568999379153
2017-07-19,59.3490475763675
2017-07-20,59.3032000459596
2017-07-21,58.7900102598696
2017-07-24,58.6335840401325
2017-07-25,58.3655859528221
2017-07-26,58.2137772210627
2017-07-27,58.2743436490224
2017-07-28,57.3157570777937
2017-07-31,57.1050136697102
2017-08-01,57.2872893191436
2017-08-02,57.317660437056
2017-08-03,57.4013183903309
2017-08-04,57.3999805828845
2017-08-07,57.2748717140953
2017-08-08,57.1325095320545
2017-08-09,57.1639392506841
2017-08-10,57.1889666911744
2017-08-11,57.2037042935684
2017-08-14,57.5992863731588
2017-08-15,57.4312038622765
2017-08-16,57.4472696904766
2017-08-17,57.4833462100829
2017-08-18,57.414173799774
2017-08-21,57.3881327953669
2017-08-22,57.3279169108532
2017-08-23,56.9890564160589
2017-08-24,57.0145346410678
2017-08-25,56.9639745872072
2017-08-28,57.0954747660362
2017-08-29,57.102314661527
2017-08-30,57.0307056324184
2017-08-31,57.1026184291908
2017-09-01,57.2878457726626
2017-09-04,57.0507556600245
2017-09-05,56.8865438122343
2017-09-06,56.6638497482244
2017-09-07,56.3122685463263
2017-09-08,56.1811272204697
2017-09-11,56.0896043983741
2017-09-12,56.1577083580751
2017-09-13,55.9499525134964
2017-09-14,55.8881046336023
2017-09-15,55.9848966058788
2017-09-18,56.1667727234876
2017-09-19,56.088430516428
2017-09-20,55.9620919186037
2017-09-21,55.8447285968115
2017-09-22,55.923867053304
2017-09-25,55.8745115990387
2017-09-26,55.7581062736821
2017-09-27,55.7246064306528
2017-09-28,55.6020117962813
2017-09-29,52.9752237648509
2017-10-09,53.7547170187157
2017-10-10,53.1156583520639
2017-10-11,53.6897859109556
2017-10-12,53.6927052278661
2017-10-13,53.6090511874197
2017-10-16,53.5081501223384
2017-10-17,53.343883184375
2017-10-18,53.4670633797088
2017-10-19,53.5924577485831
2017-10-20,53.3714191389563
2017-10-23,53.1391570094193
2017-10-24,52.7789961543123
2017-10-25,52.74130250206
2017-10-26,52.7972603572846
2017-10-27,52.450579024338
2017-10-30,52.7263004401468
2017-10-31,52.8753729784496
2017-11-01,52.8341028510486
2017-11-02,52.6673321600025
2017-11-03,52.405649748749
2017-11-06,53.7170188424615
2017-11-07,53.4458496979589
2017-11-08,53.1366461807862
2017-11-09,53.2501189841311
2017-11-10,53.7589804547359
2017-11-13,53.752458693467
2017-11-14,53.8290707936528
2017-11-15,53.8497107162875
2017-11-16,53.8208772030165
2017-11-17,54.4065188334769
2017-11-20,55.0063756459693
2017-11-21,54.2352499809205
2017-11-22,54.2591975840115
2017-11-23,58.7456609762293
2017-11-24,57.491961205799
2017-11-27,57.6859257792147
2017-11-28,57.2856397925592
2017-11-29,58.0918131685277
2017-11-30,59.8124567151732
2017-12-01,59.1832191389425
2017-12-04,58.0950738436189
2017-12-05,57.9659852184736
2017-12-06,57.941959706648
2017-12-07,57.3445124492771
2017-12-08,57.4758320026635
2017-12-11,57.5674748257558
2017-12-12,57.2710879563495
2017-12-13,56.8686686386873
2017-12-14,56.6943474310421
2017-12-15,56.6194904874064
2017-12-18,56.0535961682399
2017-12-19,56.0200127882184
2017-12-20,55.8650631103875
2017-12-21,56.1067831814026
2017-12-22,56.0798634760928
2017-12-25,55.5954355073153
2017-12-26,55.5717256588974
2017-12-27,55.8038736970236
2017-12-28,55.7505417801239
2017-12-29,55.571730529948
2018-01-02,55.3268421542666
2018-01-03,55.0444119421376
2018-01-04,55.219781891192
2018-01-05,55.1903521617949
2018-01-08,54.9232128810535
2018-01-09,54.9729108868612
2018-01-10,54.8534834270876
2018-01-11,54.9347563898261
2018-01-12,54.8797302793367
2018-01-15,55.2893023593485
2018-01-16,54.6832311183719
2018-01-17,55.1896337085993
2018-01-18,55.0542319470732
2018-01-19,55.1359783004535
2018-01-22,54.9447052879968
2018-01-23,54.8587612255696
2018-01-24,54.9022372679937
2018-01-25,54.9558992451491
2018-01-26,55.0150910172354
2018-01-29,56.3243717206254
2018-01-30,56.1636969412328
2018-01-31,55.9623459814913
2018-02-01,56.277743025398
2018-02-02,56.1610329124468
2018-02-05,56.3128555946918
2018-02-06,59.2335664794208
2018-02-07,59.0699388399376
2018-02-08,59.3310733457757
2018-02-09,60.3645405862312
2018-02-12,61.3515798588537
2018-02-13,61.0114033141988
2018-02-14,61.1921283544848
2018-02-22,61.3151172525406
2018-02-23,61.1110082830942
2018-02-26,62.1958602520797
2018-02-27,62.0080855983758
2018-02-28,62.0134944607379
2018-03-01,62.0247220639057
2018-03-02,62.045721805952
2018-03-05,62.0538981060091
2018-03-06,62.0001527969698
2018-03-07,61.8497175530381
2018-03-08,61.9640016526392
2018-03-09,62.0311863127485
2018-03-12,62.1491412212475
2018-03-13,62.0553889046146
2018-03-14,62.0723172948425
2018-03-15,62.0703679352216
2018-03-16,62.0583260508298
2018-03-19,61.9124300701457
2018-03-20,61.6641826163224
2018-03-21,61.546272072364
2018-03-22,61.5443527879611
2018-03-23,63.1022735926952
2018-03-26,63.1644677560361
2018-03-27,63.2006966902942
2018-03-28,63.6575484473296
2018-03-29,63.5676316265116
2018-03-30,63.7889133391942
2018-04-02,63.5496683778596
2018-04-03,63.505889369788
2018-04-04,63.1210178128541
2018-04-09,63.1285991477657
2018-04-10,63.1173872734839
2018-04-11,63.3632080907637
2018-04-12,63.3039798128332
2018-04-13,63.3125558285884
2018-04-16,63.2037379429496
2018-04-17,63.1498584576236
2018-04-18,62.439776713785
2018-04-19,62.1841593890313
2018-04-20,62.2030658684565
2018-04-23,62.5662648820417
2018-04-24,62.154266587848
2018-04-25,62.1171463216772
2018-04-26,62.712104621291
2018-04-27,62.5880945871409
2018-05-02,62.509019259717
2018-05-03,62.4012044022935
2018-05-04,62.4609407100829
2018-05-07,62.4315270852355
2018-05-08,62.5949666364102
2018-05-09,63.1645965993017
2018-05-10,62.8010974336627
2018-05-11,62.568992268015
2018-05-14,62.5279044751123
2018-05-15,62.6545043916253
2018-05-16,62.7170419508923
2018-05-17,62.6464338860523
2018-05-18,62.6172744332968
2018-05-21,62.6926148734401
2018-05-22,62.6880212038826
2018-05-23,62.8069458839843
2018-05-24,62.6877058430068
2018-05-25,62.64517323708
2018-05-28,62.6200335979252
2018-05-29,62.6531179013487
2018-05-30,62.8240558458453
2018-05-31,62.5328304752786
2018-06-01,62.1636268230327
2018-06-04,61.9191986351018
2018-06-05,62.0238235483666
2018-06-06,62.0823377333997
2018-06-07,62.2708370784054
2018-06-08,62.2242556870441
2018-06-11,62.1402484182991
2018-06-12,62.2505977294625
2018-06-13,61.9682404043035
2018-06-14,61.6621965549117
2018-06-15,61.3559292366483
2018-06-19,64.4105214274095
2018-06-20,63.7331652962319
2018-06-21,63.7178079472554
2018-06-22,63.6920822231689
2018-06-25,63.6639604402652
2018-06-26,63.0667787264038
2018-06-27,63.0310644195376
2018-06-28,63.0220470548104
2018-06-29,63.7984414832221
2018-07-02,63.7045684312177
2018-07-03,63.8095383967529
2018-07-04,63.7288983009071
2018-07-05,63.5164788762874
2018-07-06,63.5302320944112
2018-07-09,64.2889001731018
2018-07-10,64.1827586051519
2018-07-11,63.9209743794619
2018-07-12,63.7494087869351
2018-07-13,63.971188170508
2018-07-16,63.735195233106
2018-07-17,63.6248619814311
2018-07-18,63.6338833492777
2018-07-19,63.6634352944693
2018-07-20,63.6950952012176
2018-07-23,63.548780027519
2018-07-24,63.530183392942
2018-07-25,63.601395890171
2018-07-26,63.4437335907485
2018-07-27,63.7986742097035
2018-07-30,63.76836225052
2018-07-31,63.9436933888223
2018-08-01,63.7292772780169
2018-08-02,63.8416056928825
2018-08-03,64.1185875459441
2018-08-06,64.0676768255679
2018-08-07,64.6519645323517
2018-08-08,64.5236325866841
2018-08-09,65.0867184903173
2018-08-10,65.2821686782371
2018-08-13,64.9902334236595
2018-08-14,64.8291105864147
2018-08-15,65.217620992436
2018-08-16,65.3520157206605
2018-08-17,65.3982790779851
2018-08-20,65.4755417413857
2018-08-21,65.601539038067
2018-08-22,65.5954865971817
2018-08-23,65.7295011584589
2018-08-24,65.8935400657048
2018-08-27,66.3834363886136
2018-08-28,66.6733677923671
2018-08-29,67.0175908803521
2018-08-30,67.1438911814527
2018-08-31,67.1681784867956
2018-09-03,67.0699035261724
2018-09-04,67.0339431553274
2018-09-05,66.9905369910863
2018-09-06,66.8778138860946
2018-09-07,66.9159633364731
2018-09-10,67.1886252263862
2018-09-11,67.2046121506453
2018-09-12,66.525356726287
2018-09-13,66.5102849151514
2018-09-14,66.5758664212522
2018-09-17,66.6132038710104
2018-09-18,66.5683360972649
2018-09-19,66.558895403254
2018-09-20,66.7603206870637
2018-09-21,66.8914090557442
2018-09-25,66.8744990817435
2018-09-26,67.0293582788575
2018-09-27,67.082265605629
2018-09-28,67.113746710971
2018-10-08,69.1764291181992
2018-10-09,69.1041212497914
2018-10-10,69.1347116721488
2018-10-11,72.8439397776552
2018-10-12,72.361509642653
2018-10-15,72.470413886189
2018-10-16,72.4993297353658
2018-10-17,72.4181803786443
2018-10-18,72.6155234149519
2018-10-19,73.4165560541668
2018-10-22,74.3541796124076
2018-10-23,74.7626545510446
2018-10-24,74.8020318676174
2018-10-25,74.8518104218768
2018-10-26,74.9429908507373
2018-10-29,75.3498903454684
2018-10-30,75.16976114251
2018-10-31,74.9916308540961
2018-11-01,74.9519415415843
2018-11-02,76.152360132142
2018-11-05,76.1091922468509
2018-11-06,76.1054219252476
2018-11-07,75.9507630388116
2018-11-08,76.0788521895863
2018-11-09,76.1508578731705
2018-11-12,76.4071918696381
2018-11-13,76.4483110356271
2018-11-14,76.4662493249929
2018-11-15,76.4675615531366
2018-11-16,76.4919329058639
2018-11-19,76.6180253772773
2018-11-20,76.7583638156022
2018-11-21,76.7395974340097
2018-11-22,76.8581036087363
2018-11-23,76.7788573614023
2018-11-26,77.0682354183453
2018-11-27,77.2998440989284
2018-11-28,77.40615599037
2018-11-29,77.4711402307639
2018-11-30,77.3751950219579
2018-12-03,77.969554910896
2018-12-04,77.8414356010236
2018-12-05,77.8598692093251
2018-12-06,77.9220087543315
2018-12-07,77.4165838750438
2018-12-10,77.3006780289518
2018-12-11,77.4698943150673
2018-12-12,77.5779321379559
2018-12-13,77.5642769913474
2018-12-14,77.6308533952258
2018-12-17,77.9542272805217
2018-12-18,77.9786457702154
2018-12-19,77.9878088702132
2018-12-20,77.9968854818928
2018-12-21,77.9907365446567
2018-12-24,78.0443825295217
2018-12-25,78.121076895277
2018-12-26,78.0900327522877
2018-12-27,78.0513827850175
2018-12-28,78.0624607072753
2019-01-02,78.0570342386718
2019-01-03,78.0788720398701
2019-01-04,78.1568589554249
2019-01-07,78.0772727023851
2019-01-08,77.9646333991397
2019-01-09,77.99346792254
2019-01-10,78.020019140678
2019-01-11,78.0483341565291
2019-01-14,77.5055995222858
2019-01-15,77.3052841098587
2019-01-16,77.4018459209241
2019-01-17,77.5391298846233
2019-01-18,77.4573435643212
2019-01-21,77.528847657444
2019-01-22,77.6286584989971
2019-01-23,77.8348781250333
2019-01-24,77.8847720678456
2019-01-25,77.7618396761872
2019-01-28,77.8515104316381
2019-01-29,77.7639700505913
2019-01-30,77.6324108536223
2019-01-31,77.5206197826633
2019-02-01,77.6431290903165
2019-02-11,77.6970674982482
2019-02-12,77.5002309347119
2019-02-13,77.4689083384768
2019-02-14,77.3458940407539
2019-02-15,77.493168316303
2019-02-18,78.1492283353025
2019-02-19,77.9551393207972
2019-02-20,78.2080275237147
2019-02-21,78.2483015221276
2019-02-22,78.1285152946782
2019-02-25,78.5991022699293
2019-02-26,78.4052478734345
2019-02-27,78.4619897200534
2019-02-28,78.2500353075444
2019-03-01,78.0474608853716
2019-03-04,78.0207793069567
2019-03-05,77.8541230706672
2019-03-06,77.8729118346149
2019-03-07,77.8596762870052
2019-03-08,77.6838128568515
2019-03-11,77.7394687862168
2019-03-12,77.4371580535046
2019-03-13,77.8733245247558
2019-03-14,77.8107855259578
2019-03-15,77.65706523238
2019-03-18,77.7100512121272
2019-03-19,77.7741292748199
2019-03-20,77.8031310669877
2019-03-21,77.8760074192684
2019-03-22,77.8287581842531
2019-03-25,77.8587931939263
2019-03-26,77.793451523882
2019-03-27,77.902446555656
2019-03-28,77.9324983493233
2019-03-29,78.264826265379
2019-04-01,78.0231289397068
2019-04-02,77.8581612534852
2019-04-03,77.8943562780973
2019-04-04,77.8135865155589
2019-04-08,77.847657919214
2019-04-09,77.7763592380811
2019-04-10,77.5479330686697
2019-04-11,76.9179404338088
2019-04-12,76.5468071674925
2019-04-15,76.605539583005
2019-04-16,76.8508640953872
2019-04-17,76.6698498833274
2019-04-18,76.5696547567036
2019-04-19,76.5739550351615
2019-04-22,76.5581954540898
2019-04-23,76.247940373615
2019-04-24,76.1473040072134
2019-04-25,76.4066178147474
2019-04-26,76.466196357574
2019-04-29,76.3093933939009
2019-04-30,76.4258060122027
2019-05-06,78.4685672349413
2019-05-07,78.3556737062647
2019-05-08,78.4545527777844
2019-05-09,78.3194467033286
2019-05-10,79.5986362699344
2019-05-13,79.4603811763928
2019-05-14,79.4304056359709
2019-05-15,79.4236754763087
2019-05-16,79.4283929988234
2019-05-17,79.5101583822174
2019-05-20,79.4921490802029
2019-05-21,79.4255691637191
2019-05-22,79.2984961236581
2019-05-23,79.2309854669998
2019-05-24,79.1645524863557
2019-05-27,79.2731862186295
2019-05-28,79.3434564759621
2019-05-29,79.7404753434816
2019-05-30,79.8378458602451
2019-05-31,80.0030026251511
2019-06-03,80.0247246900943
2019-06-04,79.8255978835202
2019-06-05,79.8641457734792
2019-06-06,79.5842189024022
2019-06-10,79.3998544326974
2019-06-11,79.3647148120505
2019-06-12,79.3237264096447
2019-06-13,79.263627236652
2019-06-14,79.1999535221509
2019-06-17,79.3990761449869
2019-06-18,79.5751679679788
2019-06-19,79.4735386117842
2019-06-20,79.5563054489931
2019-06-21,79.549059962579
2019-06-24,79.6580095865107
2019-06-25,79.354762256959
2019-06-26,79.4197941115782
2019-06-27,79.072038278361
2019-06-28,79.1832670007264
2019-07-01,79.8722373266329
2019-07-02,79.9363896229939
2019-07-03,79.9103542182941
2019-07-04,79.9583331595014
2019-07-05,80.0286740425004
2019-07-08,79.9993218787043
2019-07-09,80.1626143957152
2019-07-10,80.1381386456606
2019-07-11,80.4480465297041
2019-07-12,80.3670238992445
2019-07-15,80.3080225548278
2019-07-16,80.3729121057167
2019-07-17,80.485510389499
2019-07-18,80.5204188730116
2019-07-19,80.4109633466851
2019-07-22,80.4288136277539
2019-07-23,79.910512274276
2019-07-24,79.8413184187945
2019-07-25,79.8090014102725
2019-07-26,79.5762742710793
2019-07-29,79.1583189466338
2019-07-30,79.1583985368795
2019-07-31,79.2705007099768
2019-08-01,77.63935688105
2019-08-02,77.2313156229339
2019-08-05,77.2970027959594
2019-08-06,77.2316699953156
2019-08-07,77.1839519293221
2019-08-08,77.2103909320394
2019-08-09,77.2736719305323
2019-08-12,76.8117123419148
2019-08-13,76.908983820661
2019-08-14,76.9679788337514
2019-08-15,76.9622320091811
2019-08-16,76.8841576989391
2019-08-19,77.4519707173452
2019-08-20,77.4689966810996
2019-08-21,77.3557132030585
2019-08-22,77.4595695970805
2019-08-23,76.3408690792923
2019-08-26,76.3678617659232
2019-08-27,76.3791665330427
2019-08-28,76.4042885895832
2019-08-29,76.3793376357267
2019-08-30,76.3039046942011
2019-09-02,76.2707059566239
2019-09-03,76.1779619021881
2019-09-04,75.8814280285105
2019-09-05,75.8879029441937
2019-09-06,75.8931219491694
2019-09-09,75.7008324569294
2019-09-10,75.4166117909807
2019-09-11,75.3498827786918
2019-09-12,75.128771189886
2019-09-16,74.8912950860238
2019-09-17,74.5967499573903
2019-09-18,74.1970846673009
2019-09-19,74.3228508343509
2019-09-20,74.3371132082416
2019-09-23,74.2898867531694
2019-09-24,73.590054395035
2019-09-25,73.1208852320338
2019-09-26,72.9124311429092
2019-09-27,72.6046338033998
2019-09-30,72.4644711152076
2019-10-08,72.5245670353998
2019-10-09,72.4547884803463
2019-10-10,72.263418306146
2019-10-11,72.3602730173001
2019-10-14,72.4780198425088
2019-10-15,72.2642593998638
2019-10-16,72.41756149921
2019-10-17,72.6680911534997
2019-10-18,72.6766559162858
2019-10-21,72.6686904940478
2019-10-22,72.9167744318703
2019-10-23,72.9030971339387
2019-10-24,73.1130403923356
2019-10-25,73.0467437256721
2019-10-28,72.9652814990969
2019-10-29,73.1012870061213
2019-10-30,73.0364359575848
2019-10-31,72.8465951188758
2019-11-01,72.739450371208
2019-11-04,72.739101080204
2019-11-05,72.8151724466652
2019-11-06,72.7955270762711
2019-11-07,72.9070403458433
2019-11-08,73.0486081645654
2019-11-11,72.7592205005534
2019-11-12,72.7227424517635
2019-11-13,72.5675421638044
2019-11-14,72.6504815289168
2019-11-15,72.6561618403119
2019-11-18,72.8848613898197
2019-11-19,72.5271697136872
2019-11-20,72.5866285953517
2019-11-21,72.6066928050889
2019-11-22,72.645063314258
2019-11-25,72.687320086729
2019-11-26,72.7324723456493
2019-11-27,72.7447783182187
2019-11-28,72.7310460203677
2019-11-29,72.9249046871594
2019-12-02,73.1063210220076
2019-12-03,73.0082983175327
2019-12-04,73.0572176141005
2019-12-05,73.091519817595
2019-12-06,72.6802940652088
2019-12-09,72.7886955673104
2019-12-10,72.2896528719911
2019-12-11,72.2488912732705
2019-12-12,72.3409828699649
2019-12-13,71.5743183600458
2019-12-16,71.6138029286759
2019-12-17,71.5948032872834
2019-12-18,71.5845654960494
2019-12-19,71.7813592451377
2019-12-20,71.7613290422401
2019-12-23,71.8740252578238
2019-12-24,71.8540267258037
2019-12-25,71.7298216089433
2019-12-26,70.6161793874684
2019-12-27,70.2367671660261
2019-12-30,70.1450467825959
2019-12-31,70.4820055808621
2020-01-02,70.5273785626432
2020-01-03,70.4626906810956
2020-01-06,70.2542403067886
2020-01-07,70.2401741725638
2020-01-08,70.2782920616621
2020-01-09,70.1015799795882
2020-01-10,70.2907679949149
2020-01-13,70.0266046973487
2020-01-14,69.933391726073
2020-01-15,70.1232512280161
2020-01-16,70.1852859930367
2020-01-17,70.4852363760619
2020-01-20,70.2202388735831
2020-01-21,70.2852273746366
2020-01-22,70.2455108951335
2020-01-23,71.1754124936383
2020-02-03,79.8313400497732
2020-02-04,77.7170894557246
2020-02-05,77.7504758763536
2020-02-06,77.3312338087554
2020-02-07,77.2365191383189
2020-02-10,77.3982446962359
2020-02-11,77.1885012633243
2020-02-12,77.6634939857366
2020-02-13,77.6990530658032
2020-02-14,77.8341296375125
2020-02-17,77.9569488374277
2020-02-18,78.0743513729503
2020-02-19,78.5533960290441
2020-02-20,78.0589163224339
2020-02-21,77.9420034238983
2020-02-24,78.1212058478142
2020-02-25,77.9925827650202
2020-02-26,74.2530963761714
2020-02-27,74.3781938349641
2020-02-28,77.0100752541288
2020-03-02,76.9489644795647
2020-03-03,75.9046672181293
2020-03-04,76.1406193199102
2020-03-05,76.0806143064487
2020-03-06,75.8384609692432
2020-03-09,78.2223957566564
2020-03-10,78.0471581630935
2020-03-11,78.0909889443613
2020-03-12,78.2535213873215
2020-03-13,78.1107392492069
2020-03-16,79.0804160531115
2020-03-17,78.6353828556275
2020-03-18,78.5561068031671
2020-03-19,78.2985050632037
2020-03-20,78.2906280620761
2020-03-23,79.3113832544188
2020-03-24,79.0660199165815
2020-03-25,79.2639114673702
2020-03-26,79.261124167456
2020-03-27,79.2679808075881
2020-03-30,79.1571643737844
2020-03-31,79.1418266996459
2020-04-01,79.0000102121949
2020-04-02,78.8538488360559
2020-04-03,78.9199842674691
2020-04-07,78.9613708771888
2020-04-08,79.2510535530645
2020-04-09,79.0380342184885
2020-04-10,79.0590822083448
2020-04-13,78.6240490558111
2020-04-14,78.4675653360477
2020-04-15,78.3076612212729
2020-04-16,78.1175497340871
2020-04-17,78.5381699851795
2020-04-20,78.6350483008488
2020-04-21,78.5554293128371
2020-04-22,77.6370009771584
2020-04-23,77.6803090388045
2020-04-24,77.7944870583829
2020-04-27,77.7174946564927
2020-04-28,77.5912411290253
2020-04-29,77.451110932022
2020-04-30,77.2158502637867
2020-05-06,77.0920584417473
2020-05-07,77.1471689643644
2020-05-08,77.0161707687943
2020-05-11,77.3432173834271
2020-05-12,77.0402028803581
2020-05-13,77.076685723352
2020-05-14,77.3605505426819
2020-05-15,77.2823171662387
2020-05-18,77.1583510487061
2020-05-19,77.3780105945804
2020-05-20,77.3854614076672
2020-05-21,77.4357209524939
2020-05-22,77.4298817102605
2020-05-25,77.2176975068757
2020-05-26,77.141313657867
2020-05-27,77.1061566452331
2020-05-28,77.0693358477642
2020-05-29,77.1794718322528
2020-06-01,77.6587454267937
2020-06-02,77.8533536183948
2020-06-03,77.5496555684953
2020-06-04,77.7580011531
2020-06-05,77.7895327440225
2020-06-08,77.8885638874309
2020-06-09,77.9357084805758
2020-06-10,77.9295036302274
2020-06-11,77.96790494866
2020-06-12,77.9683367280445
2020-06-15,77.9171844276794
2020-06-16,77.7793862407765
2020-06-17,77.7675467232799
2020-06-18,77.7855557164606
2020-06-19,77.7099935314178
2020-06-22,77.8336578262583
2020-06-23,77.9586466286071
2020-06-24,77.9543609021339
2020-06-29,77.9040939350647
2020-06-30,77.6599575662106
2020-07-01,77.4642237103721
2020-07-02,77.4009145925028
2020-07-03,77.3233861407094
2020-07-06,78.1326258486562
2020-07-07,77.7867236083417
2020-07-08,77.814969342901
2020-07-09,77.6210900104484
2020-07-10,78.2368921656523
2020-07-13,78.8274215316491
2020-07-14,78.6335474192604
2020-07-15,79.0442623135707
2020-07-16,80.0441754147514
2020-07-17,79.483963626725
2020-07-20,80.3806969089552
2020-07-21,80.4309053965691
2020-07-22,80.4322045554011
2020-07-23,80.4837910013813
2020-07-24,81.8006057647887
2020-07-27,81.4056788387623
2020-07-28,81.3988258248242
2020-07-29,81.510901746216
2020-07-30,81.3873773351568
2020-07-31,81.3362926580191
2020-08-03,81.2715789450006
2020-08-04,81.1841873985373
2020-08-05,81.2387368420295
2020-08-06,81.1325339527827
2020-08-07,81.1620979489482
2020-08-10,80.9853875891809
2020-08-11,81.005009175821
2020-08-12,80.5103723287798
2020-08-13,80.5366647829075
2020-08-14,80.3804497705908
2020-08-17,80.3603567633702
2020-08-18,80.2601491792122
2020-08-19,80.1618453647146
2020-08-20,80.1718084906721
2020-08-21,80.3778776356603
2020-08-24,80.3969604904718
2020-08-25,80.4648617911325
2020-08-26,80.3718410430766
2020-08-27,80.4230435789222
2020-08-28,80.2353075606794
2020-08-31,79.9911024622967
2020-09-01,79.8972181318762
2020-09-02,79.6999552671507
2020-09-03,79.7160070960455
2020-09-04,79.7917088776169
2020-09-07,79.7070998058217
2020-09-08,79.3969285878056
2020-09-09,79.3697449818705
2020-09-10,79.3265061046766
2020-09-11,79.178858053226
2020-09-14,79.2216380557619
2020-09-15,79.2779271111797
2020-09-16,79.2466085417199
2020-09-17,79.1734013766048
2020-09-18,79.1068544159594
2020-09-21,79.1392933487456
2020-09-22,79.1179312983066
2020-09-23,79.1667999580977
2020-09-24,79.2119365547646
2020-09-25,79.3423492646237
2020-09-28,79.1901593891058
2020-09-29,79.346238271593
2020-09-30,79.4303703452648
2020-10-09,79.3989839292387
2020-10-12,80.0732410838503
2020-10-13,80.1152156934827
2020-10-14,80.1195385039606
2020-10-15,80.2648612998524
2020-10-16,80.2584134620832
2020-10-19,80.1033516686527
2020-10-20,79.902640707434
2020-10-21,79.9108261794261
2020-10-22,79.7068364964427
2020-10-23,79.5385656240152
2020-10-26,79.5447806318239
2020-10-27,79.4919215332355
2020-10-28,79.4569787805965
2020-10-29,79.3709046957062
2020-10-30,79.4412647195667
2020-11-02,79.7139915714629
2020-11-03,79.7713070609385
2020-11-04,79.6327111634866
2020-11-05,79.4811569137774
2020-11-06,79.4736609868372
2020-11-09,79.283511422398
2020-11-10,79.3174796830206
2020-11-11,79.0493378891234
2020-11-12,79.0442746754335
2020-11-13,78.9767075570337
2020-11-16,78.8661821692396
2020-11-17,78.9609279633785
2020-11-18,78.9334455900725
2020-11-19,78.9831319895831
2020-11-20,78.6896578647528
2020-11-23,71.3464839104051
2020-11-24,71.801357425537
2020-11-25,71.7495587038286
2020-11-26,71.9239015636664
2020-11-27,72.0464457667567
2020-11-30,71.9325205812242
2020-12-01,71.7177569201129
2020-12-02,71.5791178962497
2020-12-03,71.501448405348
2020-12-04,71.3487187972142
2020-12-07,71.2432206696272
2020-12-08,71.1213769868694
2020-12-09,71.3230660666751
2020-12-10,71.7827776759278
2020-12-11,71.7234991269027
2020-12-14,71.5427910808711
2020-12-15,71.5155813483483
2020-12-16,71.6482501719306
2020-12-17,71.6582720721228
2020-12-18,70.8774814847441
2020-12-21,70.9605849613413
2020-12-22,70.7324957073533
2020-12-23,70.6220819512825
2020-12-24,70.768264863657
2020-12-25,70.7625422019701
2020-12-28,69.1641601308405
2020-12-29,69.0136881074443
2020-12-30,69.1525296433826
2020-12-31,68.8899862576828
2021-01-04,68.6594638057898
2021-01-05,66.3088339882794
2021-01-06,66.293059098236
2021-01-07,66.2963465126053
2021-01-08,66.3726392294385
2021-01-11,66.4007225262454
2021-01-12,63.7140536063423
2021-01-13,63.5933772942861
2021-01-14,62.7435850367596
2021-01-15,62.6854907945232
2021-01-18,62.628947157474
2021-01-19,62.3969387284978
2021-01-20,62.2955056954969
2021-01-21,62.4603874263881
2021-01-22,62.3834358710939
2021-01-25,62.4322998096503
2021-01-26,62.2847307119132
2021-01-27,62.1731550163773
2021-01-28,62.3245395446461
2021-01-29,62.1689607921794
2021-02-01,62.1574582443025
2021-02-02,62.0965000836043
2021-02-03,62.0532055878388
2021-02-04,61.8760557420729
2021-02-05,62.4448174355824
2021-02-08,62.2512871758638
2021-02-09,62.562478059044
2021-02-10,62.3437528929617
2021-02-18,62.5997180996251
2021-02-19,62.1801851436714
2021-02-22,62.8632640740072
2021-02-23,62.6868843008745
2021-02-24,62.7401457702498
2021-02-25,62.1410480184028
2021-02-26,62.1594834758471
2021-03-01,62.2705759742123
2021-03-02,61.9696266815092
2021-03-03,62.0753403247075
2021-03-04,62.697527854362
2021-03-05,62.58170210113
2021-03-08,63.2309399291976
2021-03-09,63.3010752893527
2021-03-10,63.1883046361298
2021-03-11,63.1300446747627
2021-03-12,63.3411136950707
2021-03-15,63.1732243512852
2021-03-16,62.9064279104143
2021-03-17,63.0206929036267
2021-03-18,63.1309809691693
2021-03-19,63.1803037573468
2021-03-22,63.0960296217065
2021-03-23,63.1578946606058
2021-03-24,62.3691195207456
2021-03-25,62.1783631736558
2021-03-26,62.0664728904679
2021-03-29,61.9853544361407
2021-03-30,61.8122063812594
2021-03-31,61.7377856040889
2021-04-01,61.7965337308682
2021-04-02,61.7384857099343
2021-04-06,61.8194336015662
2021-04-07,61.8712649311711
2021-04-08,62.1735367192715
2021-04-09,62.1525275325669
2021-04-12,62.1423987753102
2021-04-13,62.1640475440269
2021-04-14,62.1732987842819
2021-04-15,62.3944581882864
2021-04-16,62.3901605464074
2021-04-19,62.5065828360772
2021-04-20,62.4859613317209
2021-04-21,62.7674628221475
2021-04-22,62.8925941745408
2021-04-23,63.0542118677543
2021-04-26,62.9285234362731
2021-04-27,62.0235564562765
2021-04-28,62.0386968348836
2021-04-29,62.0434001240729
2021-04-30,62.1751795309641
2021-05-06,62.0922262661193
2021-05-07,61.5721585403379
2021-05-10,61.5480389468674
2021-05-11,60.889837927338
2021-05-12,59.1902499290726
2021-05-13,59.321826558446
2021-05-14,59.4949983115047
2021-05-17,59.5078179633503
2021-05-18,59.4827555771539
2021-05-19,59.8315047282301
2021-05-20,57.5755900788707
2021-05-21,57.7638424322704
2021-05-24,57.6956485111485
2021-05-25,57.2567317579486
2021-05-26,57.2747037176327
2021-05-27,57.1433697019142
2021-05-28,57.0478093203316
2021-05-31,57.1776622420503
2021-06-01,57.1305773854132
2021-06-02,57.1772512359422
2021-06-03,57.1559053596266
2021-06-04,57.3443235367266
2021-06-07,57.2966338710569
2021-06-08,57.4366104279603
2021-06-09,57.6097700712327
2021-06-10,57.6412419395912
2021-06-11,57.5994709881594
2021-06-15,57.4367519463147
2021-06-16,57.2766610022179
2021-06-17,57.2783935839796
2021-06-18,57.1563092712836
2021-06-21,57.2283694377385
2021-06-22,57.2404259526416
2021-06-23,57.3173173128321
2021-06-24,56.7950916054799
2021-06-25,56.7849266749086
2021-06-28,57.0831163084398
2021-06-29,57.0590473427716
2021-06-30,57.1078530716375
2021-07-01,57.2480985108617
2021-07-02,57.0217623147019
2021-07-05,56.784454640069
2021-07-06,56.6671042595212
2021-07-07,56.2658694632906
2021-07-08,56.0332240987668
2021-07-09,56.1021928493344
2021-07-12,56.2478619581993
2021-07-13,55.7706485062875
2021-07-14,55.7850072949468
2021-07-15,55.9113874901032
2021-07-16,55.6893470094507
2021-07-19,55.7787915086309
2021-07-20,55.8611014941736
2021-07-21,55.5347749341916
2021-07-22,55.2787541378584
2021-07-23,54.736286075029
2021-07-26,55.1212253211935
2021-07-27,55.1292499603778
2021-07-28,55.0112754527015
2021-07-29,54.8307067727824
2021-07-30,54.6968951420204
2021-08-02,55.0236687372586
2021-08-03,54.8170579202096
2021-08-04,54.8253840914392
2021-08-05,54.6438533007946
2021-08-06,54.507853339092
2021-08-09,54.368243097213
2021-08-10,54.3857242088712
2021-08-11,54.7617663354416
2021-08-12,54.6257692847824
2021-08-13,54.6143517856183
2021-08-16,54.5128116251919
2021-08-17,54.8145637138895
2021-08-18,55.0302784692165
2021-08-19,55.1153440767795
2021-08-20,54.9320511422995
2021-08-23,55.2573532045781
2021-08-24,55.2024825072137
2021-08-25,55.2357241991757
2021-08-26,55.2335521019129
2021-08-27,55.3479528944543
2021-08-30,55.2415636636408
2021-08-31,55.0599311620742
2021-09-01,55.2443295421277
2021-09-02,55.1836648547751
2021-09-03,55.2222208357194
2021-09-06,55.2867173286886
2021-09-07,55.3853932121463
2021-09-08,55.3022310907286
2021-09-09,55.5781734523916
2021-09-10,55.6202356279609
2021-09-13,55.5155768957954
2021-09-14,55.4118246766904
2021-09-15,55.4037163843308
2021-09-16,55.2898953238934
2021-09-17,55.5091770982112
2021-09-22,55.6968454850505
2021-09-23,55.9240762455212
2021-09-24,55.9358876227307
2021-09-27,55.761063059681
2021-09-28,55.5963687283052
2021-09-29,55.6506114352211
2021-09-30,55.8580864456443
2021-10-08,55.7015800938797
2021-10-11,55.6672528844079
2021-10-12,55.6889985308143
2021-10-13,55.5976987090662
2021-10-14,55.8136094093812
2021-10-15,55.814064932646
2021-10-18,55.8628647120385
2021-10-19,55.8364230773684
2021-10-20,55.7572732018489
2021-10-21,55.8654288642063
2021-10-22,55.874161045871
2021-10-25,55.8726221382211
2021-10-26,55.8147924113056
2021-10-27,55.8879488998636
2021-10-28,55.9489665753038
2021-10-29,55.8027662396462
2021-11-01,55.720349840777
2021-11-02,55.2101624158947
2021-11-03,55.7312034918841
2021-11-04,55.5809710037059
2021-11-05,55.4562186275387
2021-11-08,55.5474931509791
2021-11-09,55.4768941345769
2021-11-10,55.5638407890091
2021-11-11,55.6125751707619
2021-11-12,55.4679940407957
2021-11-15,55.5697976002567
2021-11-16,55.4544691030748
2021-11-17,55.5980242340513
2021-11-18,55.6648541577516
2021-11-19,55.4814926743072
2021-11-22,55.5128771638959
2021-11-23,55.1697670367201
2021-11-24,55.1567246437389
2021-11-25,54.3000527523079
2021-11-26,54.3111045243129
2021-11-29,54.3814800141148
2021-11-30,54.374029875308
2021-12-01,54.1571998761341
2021-12-02,54.229838581131
2021-12-03,53.9790407033376
2021-12-06,54.1787501806166
2021-12-07,54.088158790253
2021-12-08,53.8143826391169
2021-12-09,53.9447678863943
2021-12-10,53.8073658252411
2021-12-13,53.1690851689213
2021-12-14,53.2634708121191
2021-12-15,53.3605279648591
2021-12-16,53.3880758888961
2021-12-17,53.4075709692267
2021-12-20,53.3626117558581
2021-12-21,53.6572858049443
2021-12-22,53.5849590426708
2021-12-23,53.1139035282715
2021-12-24,53.063291453765
2021-12-27,51.0381082587288
2021-12-28,50.9692052574854
2021-12-29,51.0026489780337
2021-12-30,50.7697661451635
2021-12-31,50.7970420969846
2022-01-04,50.2939777870237
2022-01-05,50.5158848997012
2022-01-06,50.5316733216349
2022-01-07,50.6410848180479
2022-01-10,50.5670400556465
2022-01-11,50.3354599665039
2022-01-12,50.4903908891746
2022-01-13,50.3916093806178
2022-01-14,50.1722918078159
2022-01-17,49.9470418637518
2022-01-18,49.8562669006033
2022-01-19,49.761618885475
2022-01-20,49.6647575254057
2022-01-21,49.6278032722458
2022-01-24,49.6356395284034
2022-01-25,49.8070548434558
2022-01-26,49.9812586041242
2022-01-27,50.1617083335219
2022-01-28,50.1574544519303
2022-02-07,50.4497185071488
2022-02-08,50.2352719285698
2022-02-09,50.3757184765112
2022-02-10,50.7286667397206
2022-02-11,50.7217452257573
2022-02-14,50.3600279652854
2022-02-15,50.4104116693388
2022-02-16,50.4431389393413
2022-02-17,50.6034242666865
2022-02-18,50.8686981656992
2022-02-21,50.972366253236
2022-02-22,50.8911447547564
2022-02-23,50.9142024135853
2022-02-24,51.1167638352619
2022-02-25,51.3285738737975
2022-02-28,51.6137627439137
2022-03-01,51.859451737454
2022-03-02,52.0272164844091
2022-03-03,52.1178179994051
2022-03-04,52.150638512607
2022-03-07,54.9730384040275
2022-03-08,55.2632948754816
2022-03-09,55.0797156249069
2022-03-10,55.0238189816103
2022-03-11,54.883389022202
2022-03-14,54.9099557619075
2022-03-15,58.594838641768
2022-03-16,58.0538415571227
2022-03-17,57.7443161231194
2022-03-18,58.2269762498787
2022-03-21,58.241123595738
2022-03-22,58.5272219764626
2022-03-23,58.5310339891867
2022-03-24,58.4638846111457
2022-03-25,58.5610272432049
2022-03-28,58.6784208017189
2022-03-29,58.5817514256101
2022-03-30,59.3201186024449
2022-03-31,59.3158192897482
2022-04-01,59.1702024092704
2022-04-06,59.1177777987489
2022-04-07,59.1513669408143
2022-04-08,58.90115805004
2022-04-11,60.6435601658521
2022-04-12,60.0466234471841
2022-04-13,60.0407260452046
2022-04-14,60.2421432886306
2022-04-15,60.1900977669803
2022-04-18,60.1817756656086
2022-04-19,60.3866651304066
2022-04-20,60.4806279391574
2022-04-21,60.8575798687013
2022-04-22,60.8075337347358
2022-04-25,66.8855149797582
2022-04-26,65.9125162961678
2022-04-27,68.2616517884861
2022-04-28,68.064175776602
2022-04-29,69.5058586054975
2022-05-05,69.2601462098911
2022-05-06,69.0891960977079
2022-05-09,69.0326385628507
2022-05-10,69.1658750090822
2022-05-11,69.2410857090217
2022-05-12,69.1583561522192
2022-05-13,69.2006404215065
2022-05-16,69.3053341698755
2022-05-17,69.4630443407957
2022-05-18,69.6108684795004
2022-05-19,69.7674913944614
2022-05-20,69.7126751202266
2022-05-23,69.9062090949918
2022-05-24,69.9570851501027
2022-05-25,69.9950629977987
2022-05-26,70.0848726443164
2022-05-27,69.7517682792756
2022-05-30,69.7118216522862
2022-05-31,69.6775778410311
2022-06-01,69.6918897960916
2022-06-02,69.8101866961061
2022-06-06,70.1044656509599
2022-06-07,70.196701554626
2022-06-08,70.1917406814926
2022-06-09,70.2622964216846
2022-06-10,70.3183934228392
2022-06-13,70.3813575570948
2022-06-14,70.3575599308865
2022-06-15,70.1924947377465
2022-06-16,69.8945411441126
2022-06-17,69.8757990865204
2022-06-20,69.8414538070634
2022-06-21,69.9699624453147
2022-06-22,70.2210873283285
2022-06-23,70.2952220995585
2022-06-24,70.3892695186862
2022-06-27,70.3972874900158
2022-06-28,70.322712771144
2022-06-29,69.784611592725
2022-06-30,69.7883442242177
2022-07-01,69.7354511038374
2022-07-04,69.6854811882716
2022-07-05,69.838034527722
2022-07-06,69.9803206399718
2022-07-07,69.977856836146
2022-07-08,70.0084257226329
2022-07-11,70.0286210799342
2022-07-12,70.1169309641435
2022-07-13,70.150716696188
2022-07-14,69.9751648754712
2022-07-15,69.9479559975414
2022-07-18,69.9101700049664
2022-07-19,70.165319075293
2022-07-20,70.3440764740661
2022-07-21,70.3564787150683
2022-07-22,70.4896553777789
2022-07-25,70.5043811517129
2022-07-26,70.5984408934219
2022-07-27,70.9986396070145
2022-07-28,70.9074127799385
2022-07-29,70.8004967509894
2022-08-01,70.7353713307699
2022-08-02,71.0835268441229
2022-08-03,71.1469877071899
2022-08-04,71.0956076198947
2022-08-05,71.0350539663155
2022-08-08,71.0945870982094
2022-08-09,71.0863338956526
2022-08-10,71.0862810422055
2022-08-11,71.0137863166621
2022-08-12,71.324186676418
2022-08-15,71.3654504857367
2022-08-16,71.6569237093326
2022-08-17,71.8389452778409
2022-08-18,71.9465541770074
2022-08-19,72.0104128953598
2022-08-22,72.3546728476483
2022-08-23,72.4699236155554
2022-08-24,72.8832788516179
2022-08-25,72.8609510712196
2022-08-26,73.1736508008672
2022-08-29,73.156299884182
2022-08-30,73.098832993357
2022-08-31,73.2054540744002
2022-09-01,73.1338638224507
2022-09-02,73.1191112100676
2022-09-05,73.0339967682411
2022-09-06,73.1981774544024
2022-09-07,73.1906656065681
2022-09-08,73.229225724626
2022-09-09,73.4407137555167
2022-09-13,73.7626325378869
2022-09-14,73.8350063782152
2022-09-15,73.7533310336397
2022-09-16,73.7418478594485
2022-09-19,73.5533262078586
2022-09-20,73.6861650106677
2022-09-21,73.8145956064793
2022-09-22,73.9578974088836
2022-09-23,74.0701526648341
2022-09-26,74.1479362411913
2022-09-27,74.1713402431563
2022-09-28,74.2077837759537
2022-09-29,74.2870886453739
2022-09-30,74.6792566771641
2022-10-10,74.8063370589102
2022-10-11,74.6593122312946
2022-10-12,74.9478228629115
2022-10-13,74.8727064691628
2022-10-14,74.9015771389612
2022-10-17,74.7067112070181
2022-10-18,74.7006908640976
2022-10-19,74.642300904558
2022-10-20,74.6813272125128
2022-10-21,74.5630020827392
2022-10-24,75.079941148762
2022-10-25,75.0320989808891
2022-10-26,75.1838467906114
2022-10-27,75.1088166374892
2022-10-28,75.3549401398822
2022-10-31,75.3962443976645
2022-11-01,75.6910555225107
2022-11-02,75.7222633036869
2022-11-03,75.785610149691
2022-11-04,76.0099710092869
2022-11-07,75.9906664986161
2022-11-08,75.9918265642985
2022-11-09,75.9951639869056
2022-11-10,76.0813054135708
2022-11-11,76.1912876659391
2022-11-14,76.1901954894753
2022-11-15,76.2058731657643
2022-11-16,76.263283550019
2022-11-17,76.4159990068553
2022-11-18,76.4812122206764
2022-11-21,76.5767023251033
2022-11-22,76.6568256390967
2022-11-23,76.7809330072083
2022-11-24,76.6104957377017
2022-11-25,76.6342500614622
2022-11-28,76.799909549072
2022-11-29,77.1172643738019
2022-11-30,77.188895321143
2022-12-01,76.9567474323907
2022-12-02,77.1103775532702
2022-12-05,76.9689992982042
2022-12-06,76.937760921526
2022-12-07,76.8000553505787
2022-12-08,76.5199563822439
2022-12-09,76.3845435946426
2022-12-12,76.3624463043937
2022-12-13,76.3909639496991
2022-12-14,76.5134337514418
2022-12-15,76.4469402845001
2022-12-16,76.2913289526455
2022-12-19,76.2351927719053
2022-12-20,76.1133885323249
2022-12-21,76.1062100226893
2022-12-22,76.069428929498
2022-12-23,76.3127531488827
2022-12-26,75.0395470593872
2022-12-27,75.2260312774689
2022-12-28,75.2340650234448
2022-12-29,75.5898981181165
2022-12-30,75.8399785571125
2023-01-03,75.6214478935819
2023-01-04,73.929503608624
2023-01-05,73.6507097860791
2023-01-06,73.8944074717662
2023-01-09,73.8263980158372
2023-01-10,73.7171722659735
2023-01-11,73.6044535844945
2023-01-12,73.7932138346326
2023-01-13,73.830116272803
2023-01-16,73.8609999074701
2023-01-17,74.0349799643652
2023-01-18,74.2269054400723
2023-01-19,74.0514736900169
2023-01-20,74.302219453719
2023-01-30,74.2039785492296
2023-01-31,74.1476689386052
2023-02-01,74.119860672387
2023-02-02,74.2120243775342
2023-02-03,72.7480931675987
2023-02-06,73.0688004854598
2023-02-07,73.0264340577838
2023-02-08,73.2480922786169
2023-02-09,73.3746868472752
2023-02-10,73.4074867940869
2023-02-13,73.3286274199802
2023-02-14,73.274907566156
2023-02-15,73.1475094823522
2023-02-16,73.1370685529715
2023-02-17,66.667530588206
2023-02-20,66.7587072829151
2023-02-21,64.8531383156085
2023-02-22,64.7975699796078
2023-02-23,63.4362412762154
2023-02-24,63.7988879918679
2023-02-27,63.9211531491061
2023-02-28,63.8083514629974
2023-03-01,63.9371646901672
2023-03-02,63.8970916737757
2023-03-03,63.9155264792632
2023-03-06,63.8669064778627
2023-03-07,64.0268073765669
2023-03-08,64.2058407752737
2023-03-09,64.5721020047691
2023-03-10,64.5277554548849
2023-03-13,64.5437021913188
2023-03-14,64.3416460813663
2023-03-15,63.5041820048875
2023-03-16,63.3462729927144
2023-03-17,63.4110519005151
2023-03-20,63.1515778958744
2023-03-21,63.3634485462471
2023-03-22,63.3134829666496
2023-03-23,63.35000859099
2023-03-24,63.3415258347436
2023-03-27,63.3133412981973
2023-03-28,63.2630018415269
2023-03-29,63.4549459422522
2023-03-30,63.0931619931009
2023-03-31,62.9276163392664
2023-04-03,62.8850024534214
2023-04-04,63.0057846889329
2023-04-06,63.2514837401471
2023-04-07,63.5465704298921
2023-04-10,63.5401305168912
2023-04-11,63.4554619150772
2023-04-12,63.6572807457918
2023-04-13,63.8382884569258
2023-04-14,63.5042178054024
2023-04-17,63.7001438084756
2023-04-18,63.8605452303123
2023-04-19,63.5639891437645
2023-04-20,62.8002169519689
2023-04-21,63.0317951956498
2023-04-24,63.0601782928086
2023-04-25,62.9746729464814
2023-04-26,63.2025702327465
2023-04-27,63.0363215915318
2023-04-28,63.0577669858673
2023-05-04,62.8901560394875
2023-05-05,62.7993394490449
2023-05-08,62.8019497595104
2023-05-09,62.8033663328654
2023-05-10,62.8765537784041
2023-05-11,62.6458641900986
2023-05-12,62.8237884019956
2023-05-15,62.8042440828896
2023-05-16,62.8158788135348
2023-05-17,62.9440353378391
2023-05-18,62.8702297090268
2023-05-19,63.0215206714673
2023-05-22,63.0349122403442
2023-05-23,62.9792720163394
2023-05-24,62.7126988647185
2023-05-25,62.8376457040807
2023-05-26,62.7611969337001
2023-05-29,62.1685489206762
2023-05-30,62.2754617051073
2023-05-31,62.2420391152036
2023-06-01,61.8259942792769
2023-06-02,61.7152497265266
2023-06-05,61.5736006156844
2023-06-06,61.6069278361498
2023-06-07,61.303321997129
2023-06-08,61.1775455206027
2023-06-09,61.1351983623994
2023-06-12,61.0967768158186
2023-06-13,61.0896815869745
2023-06-14,61.1592558305956
2023-06-15,61.2078471616129
2023-06-16,61.1138819500904
2023-06-19,61.1826185429988
2023-06-20,60.1145594001102
2023-06-21,60.1657902446106
2023-06-26,60.2887711635395
2023-06-27,60.53026631273
2023-06-28,60.6133983874837
2023-06-29,60.6012459760041
2023-06-30,60.6541459253953
2023-07-03,60.8062949937282
2023-07-04,60.8374065474511
2023-07-05,60.6074703473731
2023-07-06,60.6542713101058
2023-07-07,60.7024668501629
2023-07-10,60.6134738798728
2023-07-11,60.6404427705492
2023-07-12,60.7286960620946
2023-07-13,60.4957210419333
2023-07-14,60.1503502600093
2023-07-17,60.3288825079757
2023-07-18,60.428867680422
2023-07-19,60.6225446079581
2023-07-20,60.7755677638003
2023-07-21,60.8211032670408
2023-07-24,60.9403172008072
2023-07-25,60.7940619088923
2023-07-26,60.3625121049947
2023-07-27,60.3223692225217
2023-07-28,60.2516440414413
2023-07-31,60.1214852264974
2023-08-01,60.0022753267903
2023-08-02,59.1499524579264
2023-08-03,59.2799173441297
2023-08-04,58.7894805526622
2023-08-07,58.8810669862434
2023-08-08,58.627356194869
2023-08-09,58.5462864259784
2023-08-10,58.7031665218189
2023-08-11,58.8033686122238
2023-08-14,58.1301503960345
2023-08-15,58.2871561885504
2023-08-16,58.3039194582613
2023-08-17,58.3145167263752
2023-08-18,57.0662702126059
2023-08-21,56.8993638590445
2023-08-22,56.1261955309426
2023-08-23,56.3925276257882
2023-08-24,56.1701966337085
2023-08-25,55.6895680805777
2023-08-28,55.7684305027059
2023-08-29,55.9613220224025
2023-08-30,55.8260520462516
2023-08-31,55.8492306303972
2023-09-01,55.5362350139812
2023-09-04,55.8014860667195
2023-09-05,55.5528669319917
2023-09-06,55.6698205717703
2023-09-07,55.8732488604971
2023-09-08,55.8016231073134
2023-09-11,55.7815790826015
2023-09-12,55.8938022566285
2023-09-13,55.9223715689019
2023-09-14,56.0539794010108
2023-09-15,56.1721031816269
2023-09-18,56.2087233445477
2023-09-19,55.5621488788721
2023-09-20,55.8471975513526
2023-09-21,55.8883930679597
2023-09-22,56.0556687824117
2023-09-25,56.0363403285811
2023-09-26,56.140537952638
2023-09-27,56.008089120241
2023-09-28,55.9402534964899
2023-10-09,56.1120779083477
2023-10-10,55.9773363943535
2023-10-11,55.7607172040189
2023-10-12,55.8232792525829
2023-10-13,55.8116908180644
2023-10-16,55.426058181795
2023-10-17,55.3934912806652
2023-10-18,55.3064663274142
2023-10-19,55.4661560045431
2023-10-20,55.4001025495589
2023-10-23,55.5353104304876
2023-10-24,55.4655333071174
2023-10-25,55.616030929793
2023-10-26,55.6793209136097
2023-10-27,55.6003406527702
2023-10-30,55.8595706362199
2023-10-31,55.8047566711615
2023-11-01,55.8124127849518
2023-11-02,55.1540284973766
2023-11-03,55.4664656149838
2023-11-06,55.6087682616858
2023-11-07,55.6553778736576
2023-11-08,55.7961515819132
2023-11-09,55.821194908673
2023-11-10,55.4856669676337
2023-11-13,55.3491881646914
2023-11-14,55.3267666971141
2023-11-15,55.241358675124
2023-11-16,55.2676767304013
2023-11-17,55.631556203546
2023-11-20,55.6396355933582
2023-11-21,55.5825470067588
2023-11-22,55.6185624069205
2023-11-23,55.8722321925542
2023-11-24,56.1289802944614
2023-11-27,56.2698400483285
2023-11-28,56.0970897067732
2023-11-29,56.214502684041
2023-11-30,55.999238781311
2023-12-01,55.8321681522048
2023-12-04,55.4848723666005
2023-12-05,55.5514022833311
2023-12-06,55.7424275465887
2023-12-07,55.52585700368
2023-12-08,55.293399538764
2023-12-11,54.9501941005348
2023-12-12,54.7404569804629
2023-12-13,55.0975798035698
2023-12-14,55.3251278502267
2023-12-15,55.1125944346131
2023-12-18,55.0774498539301
2023-12-19,55.1201652527407
2023-12-20,55.1459057948108
2023-12-21,55.0611888700769
2023-12-22,55.105166366736
2023-12-25,55.0897875689426
2023-12-26,55.2457557856995
2023-12-27,55.1836400755925
2023-12-28,56.1873737453378
2023-12-29,55.6275517278174
2024-01-02,55.7301965503211
2024-01-03,55.7815130187617
2024-01-04,55.7209648759299
2024-01-05,55.7960834383058
2024-01-08,55.956434996668
2024-01-09,56.0260773338346
2024-01-10,56.2532917940915
2024-01-11,56.2402397913754
2024-01-12,56.0519301661097
2024-01-15,55.9947080249365
2024-01-16,55.9405327912446
2024-01-17,56.3517160274601
2024-01-18,56.3203876997131
2024-01-19,56.2351853345744
2024-01-22,57.5866759962494
2024-01-23,57.5848606528436
2024-01-24,57.7675353435366
2024-01-25,58.1265232975425
2024-01-26,58.1572714203573
2024-01-29,58.0921819826996
2024-01-30,58.5796248378839
2024-01-31,58.7420818713222
2024-02-01,58.4149222962344
2024-02-02,59.1323987064393
2024-02-05,59.1722855526148
2024-02-06,64.918685158037
2024-02-07,65.0638858718226
2024-02-08,64.4756690151676
2024-02-19,63.9906820481662
2024-02-20,64.2942274719918
2024-02-21,64.3861145044136
2024-02-22,64.1038786772266
2024-02-23,64.5063628600317
2024-02-26,64.5199924867377
2024-02-27,65.1890672588468
2024-02-28,65.5823568689071
2024-02-29,66.5053035496207
2024-03-01,66.1171836444511
2024-03-04,66.0744002841985
2024-03-05,66.3898188670852
2024-03-06,66.2305228129063
2024-03-07,66.7333628287883
2024-03-08,66.8070835492086
2024-03-11,66.2524197241216
2024-03-12,66.0644395271464
2024-03-13,66.0295205765246
2024-03-14,66.0334607067974
2024-03-15,66.2057090563102
2024-03-18,66.3189153125427
2024-03-19,66.3225110835683
2024-03-20,66.8411710422697
2024-03-21,66.8283079922169
2024-03-22,66.6708006897048
2024-03-25,66.7971950775567
2024-03-26,67.001248003645
2024-03-27,67.5017175741115
2024-03-28,66.985392615051
2024-03-29,67.011318547842
2024-04-01,68.0037429550346
2024-04-02,67.9997215785076
2024-04-03,68.5626568628461
2024-04-08,68.8526666639627
2024-04-09,68.7458186287296
2024-04-10,68.8007695951363
2024-04-11,68.9638146254601
2024-04-12,69.0373662286805
2024-04-15,69.3171613357707
2024-04-16,69.3760423603714
2024-04-17,68.9746152734439
2024-04-18,68.9650030001743
2024-04-19,69.009065186123
2024-04-22,69.0144518597686
2024-04-23,69.0955459157313
2024-04-24,69.1605763450952
2024-04-25,69.154911174231
2024-04-26,69.275745633268
2024-04-29,69.6338338653912
2024-04-30,69.4521782190088
2024-05-06,69.5897470796391
2024-05-07,69.6389687274633
2024-05-08,69.5759676056245
2024-05-09,69.6816533201474
2024-05-10,69.5878701474764
2024-05-13,69.4345275592473
2024-05-14,69.986767959383
2024-05-15,69.7824977493742
2024-05-16,69.786775684154
2024-05-17,69.4630522422158
2024-05-20,69.5229714361399
2024-05-21,69.2904631893151
2024-05-22,68.7000931750262
2024-05-23,68.8035301660381
2024-05-24,68.8411722080729
2024-05-27,68.7501081233447
2024-05-28,69.0442021316293
2024-05-29,69.0244728268832
2024-05-30,68.942136867639
2024-05-31,68.8781144928589
2024-06-03,69.0026788600723
2024-06-04,69.2850604612533
2024-06-05,69.2564076938208
2024-06-06,69.1826061522682
2024-06-07,69.0096816531766
2024-06-11,68.5245902167148
2024-06-12,68.66059377293
2024-06-13,68.6992388169015
2024-06-14,68.7656290987832
2024-06-17,68.7697622026968
2024-06-18,69.0097337940701
2024-06-19,68.9967952767896
2024-06-20,69.0091266840831
2024-06-21,68.7168081342575
2024-06-24,68.911381514265
2024-06-25,68.9431313681107
2024-06-26,69.0018543724855
2024-06-27,68.9002294473749
2024-06-28,68.7024921342392
2024-07-01,68.542636591173
2024-07-02,68.2993684076217
2024-07-03,68.2193613196948
2024-07-04,68.332726674023
2024-07-05,68.2981129516243
2024-07-08,68.3023888731395
2024-07-09,68.3601511256902
2024-07-10,68.1976331409944
2024-07-11,68.0606594533463
2024-07-12,67.9925217261252
2024-07-15,67.5764351836687
2024-07-16,67.39050619585
2024-07-17,67.3832016474403
2024-07-18,67.2398851956645
2024-07-19,67.0469965460435
2024-07-22,66.7581436111609
2024-07-23,67.8334637712401
2024-07-24,67.692770555537
2024-07-25,67.7703132696288
2024-07-26,67.8425627606336
2024-07-29,67.620545147734
2024-07-30,67.6385814918817
2024-07-31,68.3145366529056
2024-08-01,68.3534692622583
2024-08-02,68.2763542159192
2024-08-05,68.5555513376246
2024-08-06,68.9260960706561
2024-08-07,68.8218471051555
2024-08-08,69.0158194762621
2024-08-09,69.1940465518742
2024-08-12,69.2631692389015
2024-08-13,69.2387351843366
2024-08-14,69.4862729343915
2024-08-15,69.617546046279
2024-08-16,69.9285442312864
2024-08-19,69.9904590524805
2024-08-20,70.230448370894
2024-08-21,70.2204925481113
2024-08-22,70.3015140574803
2024-08-23,70.2556335435806
2024-08-26,70.0804173381603
2024-08-27,69.9162890001283
2024-08-28,69.7104262945957
2024-08-29,69.4919591315993
2024-08-30,69.4061304575172
2024-09-02,69.3941442121225
2024-09-03,69.3612370244742
2024-09-04,69.5944808830753
2024-09-05,69.8628207641773
2024-09-06,69.8310931791004
2024-09-09,69.564290391668
2024-09-10,69.5637576239466
2024-09-11,69.3413676085694
2024-09-12,69.3145810477924
2024-09-13,69.274574814516
2024-09-18,69.0699351757794
2024-09-19,69.2760756102345
2024-09-20,69.3471338358133
2024-09-23,69.6826216687453
2024-09-24,71.5702872068899
2024-09-25,71.2763257039438
2024-09-26,74.4372803971541
2024-09-27,77.111575558967
2024-09-30,86.6161266844603
2024-10-08,85.1958070992768
2024-10-09,86.6711474209014
2024-10-10,85.2838258982814
2024-10-11,86.05183253758
2024-10-14,86.1234175163924
2024-10-15,86.23230852389
2024-10-16,86.3049790140588
2024-10-17,86.4092988283032
2024-10-18,87.1428487875466
2024-10-21,87.096360093673
2024-10-22,86.916092861461
2024-10-23,86.7043065163039
2024-10-24,86.5941047793517
2024-10-25,86.4813913149723
2024-10-28,86.4143420374487
2024-10-29,86.3675247649905
2024-10-30,86.118795345919
2024-10-31,85.9116680094403
2024-11-01,85.8185965430983
2024-11-04,85.7768969504863
2024-11-05,85.83711026859
2024-11-06,86.0116999211113
2024-11-07,85.9268991539529
2024-11-08,85.8323816230489
2024-11-11,85.7541357141175
2024-11-12,85.4325136804836
2024-11-13,85.3621646084312
2024-11-14,85.3061123165876
2024-11-15,85.1641263833297
2024-11-18,85.1702330758157
2024-11-19,84.9661028570248
2024-11-20,85.1811650283833
2024-11-21,85.2704643270222
2024-11-22,85.8253420862679
2024-11-25,85.6312954636302
2024-11-26,85.6291731110886
2024-11-27,85.6081366278672
2024-11-28,85.7668928044813
2024-11-29,85.9751631158279
2024-12-02,85.9634092999004
2024-12-03,85.6707537352919
2024-12-04,85.744305204166
2024-12-05,85.3694975346392
2024-12-06,85.4879198423428
2024-12-09,85.5262238160152
2024-12-10,85.5674538570588
2024-12-11,85.795245519411
2024-12-12,85.8429284813367
2024-12-13,85.7879618408094
2024-12-16,85.4418569332264
2024-12-17,85.4637437779392
2024-12-18,85.4669942550915
2024-12-19,85.3301283407424
2024-12-20,85.1011523733383
2024-12-23,85.2220967992049
2024-12-24,85.2863609194138
2024-12-25,85.438519042886
2024-12-26,85.4311727666316
2024-12-27,85.5201184933027
2024-12-30,85.5223862865922
2024-12-31,85.5647343701478
2025-01-02,85.8142794909643
2025-01-03,85.864609282179
2025-01-06,85.9008002005684
2025-01-07,85.8568756492774
2025-01-08,85.9100689709672
2025-01-09,85.8676830030496
2025-01-10,85.837581925347
2025-01-13,85.8253763736251
2025-01-14,86.1167265645688
2025-01-15,86.0803306992496
2025-01-16,86.1317239772366
2025-01-17,86.1105233955262
2025-01-20,86.2116932801338
2025-01-21,86.1384486943081
2025-01-22,86.0802750089707
2025-01-23,86.2761148883607
2025-01-24,86.2730616479524
2025-01-27,86.2801262534156
