"Dataset","Var","Type","Obs","Missing","Unique","Mean","Std","Min","Max","Median","P25","P75"
"Monthly_Indicator_Analysis","HC_Return","numeric",121,0,121,0.00330309534603271,0.0607844177400281,-0.182152697808986,0.189581525402074,0.00297555490104339,-0.0355739939165928,0.0399680369004686
"Monthly_Indicator_Analysis","MC_Return","numeric",121,0,121,0.00451641311200249,0.0657538692976138,-0.204662745657785,0.197747878519338,-0.000388117915091144,-0.0321238806384932,0.035252375313783
"Monthly_Indicator_Analysis","LC_Return","numeric",121,0,121,0.00887777768761282,0.0732050535663404,-0.204365439921211,0.265201283412252,0.0074555331290828,-0.0320459001315543,0.0415532626012596
"Monthly_Indicator_Analysis","LC_HC_Return","numeric",121,0,121,0.0055746823415801,0.0411662986531222,-0.163908462222193,0.176886807291079,0.00814869064034401,-0.0176222571437661,0.0291788431654584
"Monthly_Indicator_Analysis","IndexRiskFreeRate.x","numeric",121,0,121,0.00179936182887318,0.000460246608852516,0.000740559518736417,0.00319307242322342,0.00176166367795316,0.00148038682363283,0.00200564374760748
"Monthly_Indicator_Analysis","HC_Premium","numeric",121,0,121,0.00150373351715955,0.0607949260781117,-0.183990343717086,0.188423430463457,0.00057594299462439,-0.0376781057008932,0.0383159645941952
"Monthly_Indicator_Analysis","MC_Premium","numeric",121,0,121,0.00271705128312932,0.0657627123515319,-0.206500391565885,0.196589783580721,-0.00207913479931327,-0.0348546573860563,0.0341178152363784
"Monthly_Indicator_Analysis","LC_Premium","numeric",121,0,121,0.00707841585873965,0.0731994064923488,-0.206203085829311,0.263546592460807,0.00523285863269906,-0.0346786089113802,0.0394911867770447
"Monthly_Indicator_Analysis","LC_HC_Premium","numeric",121,0,121,0.00557468234158011,0.0411662986531222,-0.163908462222193,0.176886807291079,0.008148690640344,-0.0176222571437661,0.0291788431654585
"Monthly_Indicator_Analysis","MarketPremium","numeric",121,0,121,-0.000215281939879427,0.0556359493376621,-0.228325137360923,0.18287745261964,-0.00214772137356123,-0.0295476796788051,0.0253623914735723
"Monthly_Indicator_Analysis","SMB2","numeric",121,0,121,0.00546697520661157,0.047449206663804,-0.130121,0.227766,0.001734,-0.023223,0.027847
"Monthly_Indicator_Analysis","HML2","numeric",121,0,121,-0.00121880165289256,0.0382438787253638,-0.140465,0.102754,0.000383,-0.027627,0.019321
"Monthly_Indicator_Analysis","RMW2","numeric",121,0,121,-0.000685347107438016,0.0295144295759749,-0.089176,0.067441,-0.00226,-0.016431,0.016872
"Monthly_Indicator_Analysis","CMA2","numeric",121,0,121,9.73471074380164e-05,0.0243961131913504,-0.048866,0.06337,-0.00048,-0.018488,0.019035
"Monthly_Indicator_Analysis","IndexRiskFreeRate.y","numeric",121,0,121,0.00179936182887318,0.000460246608852516,0.000740559518736417,0.00319307242322342,0.00176166367795316,0.00148038682363283,0.00200564374760748
"Monthly_Indicator_Analysis","CARDI_5P_M","numeric",121,0,121,1.0233147812764,0.181875965159303,0.672088197,1.49927828365217,1.01086073813636,0.905657592181818,1.1252612588
"Monthly_Indicator_Analysis","CARDI_1P_M","numeric",121,0,121,1.02265742953611,0.199153020539132,0.697964627666667,1.69984586886364,1.01152087995238,0.881580588857143,1.13011617613044
"Monthly_Indicator_Analysis","CARDI_10P_M","numeric",121,0,121,1.02932432251217,0.199200224833781,0.678740553666667,1.63358834809524,1.00966171094444,0.8972632647,1.1304501800625
"Monthly_Indicator_Analysis","CARDI_5P_LogDiff_M","numeric",120,1,120,-0.0049534337161301,0.109751483812724,-0.301456925399425,0.381271940052467,-0.00281127707714451,-0.0503977031388354,0.0492860764701758
"Monthly_Indicator_Analysis","CARDI_1P_LogDiff_M","numeric",120,1,120,-0.00430206627895097,0.126609373358867,-0.541836228087136,0.33893502740414,0.0017510016744598,-0.0475246506101956,0.0583213836294624
"Monthly_Indicator_Analysis","CARDI_10P_LogDiff_M","numeric",120,1,120,-0.00537276589848198,0.10178407187585,-0.352841607657763,0.342559283368903,-0.00752290723394592,-0.0631484550320319,0.0481901706360012
"Monthly_Indicator_Analysis","CarbonVol_M_Shenzhen","numeric",119,2,119,0.230425546544021,0.248681000370597,0.0129312582384839,1.10624320861378,0.142773891256307,0.0682634730899501,0.282864775823612
"Monthly_Indicator_Analysis","CarbonVol_M_Guangdong","numeric",121,0,121,0.0359290607463481,0.0281658477765671,0.00604938186984464,0.207654530650606,0.0259147955502573,0.0165291059001966,0.051309756663168
"Monthly_Indicator_Analysis","CarbonVol_M_Hubei","numeric",119,2,119,0.0264472658515185,0.0142364622312793,0.0034800004252907,0.0720132827747759,0.0248612868874908,0.0151259467918097,0.0353627069091417
"Monthly_Indicator_Analysis","RealEstate_Premium_M","numeric",121,0,121,-0.00636087484051821,0.0623959543343676,-0.184123160351791,0.162759080257638,-0.00772508608569034,-0.0386251456084565,0.0264720872831301
"Monthly_Indicator_Analysis","Slope_M","numeric",121,0,121,0.83254122085008,0.307062282165328,-0.0626652173913043,1.74743333333333,0.803918181818182,0.644573684210526,1.02751111111111
"Monthly_Indicator_Analysis","TED_M","numeric",121,0,121,0.69119133059039,0.398752789569235,0.0858285714285714,1.78035294117647,0.588995238095238,0.421984210526316,0.839740909090909
"Monthly_Indicator_Analysis","TY3M_Change_M","numeric",121,0,121,-0.0161545454545455,0.249100935365566,-0.709,0.5704,-0.004,-0.1264,0.138
"Monthly_Indicator_Analysis","MarketVol_M","numeric",121,0,121,0.0113039492754377,0.00681416378335938,0.00272964851549567,0.0392873596802456,0.00906713924477122,0.00711998210905919,0.0129210957321047
"Monthly_Indicator_Analysis","Event_dummy_M","numeric",121,0,2,0.140495867768595,0.348945676860237,0,1,0,0,0
"Monthly_Indicator_Analysis","Event_Covid_M","numeric",121,0,2,0.00826446280991736,0.0909090909090909,0,1,0,0,0
"Monthly_Indicator_Analysis","Event_China_M","numeric",121,0,2,0.0826446280991736,0.276489205922646,0,1,0,0,0
"Monthly_Indicator_Analysis","Event_International_M","numeric",121,0,2,0.0578512396694215,0.234432671967775,0,1,0,0,0
"Monthly_Indicator_Analysis","fitted_LC_HC_Premium","numeric",121,0,121,0.00557468234158012,0.033628786172813,-0.103954151799488,0.114640776031941,0.00765193724710502,-0.0166770698186719,0.0273236630252587
"Monthly_Indicator_Analysis","pure_LC_premium","numeric",121,0,121,-5.43193828747433e-18,0.0237438178341495,-0.107246757143178,0.0768145048534438,0.00280106589903027,-0.013636867015507,0.013177681386228
"Monthly_Indicator_Analysis","pure_LC_premium_VaR_10","numeric",98,23,23,-0.024342278377443,0.00679756790556273,-0.0361230047942739,-0.0153591452930709,-0.0215865442796427,-0.028017801464013,-0.0194631224532559
"Monthly_Indicator_Analysis","pure_LC_premium_VaR_5","numeric",98,23,21,-0.0382782495723809,0.0258707191813934,-0.0842511944093271,-0.0173976494454383,-0.0233221021304927,-0.0339312939415661,-0.0217721446855758
"Monthly_Indicator_Analysis","pure_LC_premium_VaR_1","numeric",98,23,18,-0.049254164865199,0.0317802211810869,-0.103899445736283,-0.0216731578024115,-0.0323412539864614,-0.0700761203867557,-0.0309297154947792
"Monthly_Indicator_Analysis","pure_LC_premium_lag1","numeric",120,1,120,5.80533836220531e-05,0.0238347481321907,-0.107246757143178,0.0768145048534438,0.00308716782085345,-0.0136667510114453,0.0132982257484591
"Monthly_Indicator_Analysis","AR1_Premium","numeric",120,1,120,5.33884866654385e-19,0.0222507115615077,-0.102472314953105,0.0660137380854138,0.00259108917725832,-0.0135893895889289,0.0130955621153127
"Monthly_Indicator_Analysis","AR1_Premium_VaR_10","numeric",98,23,23,-0.0259361060696368,0.00709472088489585,-0.0404105303565598,-0.0145681423897523,-0.0238029415795218,-0.0291448401680734,-0.0206280733571877
"Monthly_Indicator_Analysis","AR1_Premium_VaR_5","numeric",98,23,18,-0.0322046893395934,0.0118188811126531,-0.0526655597592734,-0.0202467130202163,-0.0254441642946224,-0.0359057227316839,-0.0243474788735996
"Monthly_Indicator_Analysis","AR1_Premium_VaR_1","numeric",98,23,17,-0.0467730497072541,0.0262000080256707,-0.0914055360317095,-0.0220940092616721,-0.0323271420059544,-0.0499958676164422,-0.0319861789619428
"Monthly_Indicator_Analysis","Vol_HL_Ratio","numeric",121,0,121,0.934974293795527,0.110375863677904,0.743689245332893,1.25218093031763,0.919158221386509,0.856502464442289,0.992546504684202
"Monthly_Indicator_Analysis","VolVaR_HL_Ratio","numeric",121,0,121,0.960788103598033,0.192113389205268,0.632505920465971,1.47640287614497,0.960546335786397,0.784918051535869,1.09401640543629
"Monthly_Indicator_Analysis","DY_HL_Ratio","numeric",118,3,118,1.08731466134918,0.0587350746226639,0.958376023171934,1.30032878648751,1.08535037326692,1.04909679882575,1.12217499067124
"Monthly_Indicator_Analysis","EDC_HL_Ratio","numeric",121,0,121,1.02104329149083,0.0533543891654106,0.885115089242018,1.20938041182407,1.01947668873296,0.98254724088485,1.05358652003068
"Monthly_Indicator_Analysis","CVaR_HL_Ratio","numeric",121,0,121,0.943600240604134,0.105632580150823,0.725811856001642,1.3076606363657,0.934810290668418,0.864792174820782,1.00773056530359
"Monthly_Indicator_Analysis","InDegree_HL_Ratio","numeric",121,0,121,0.962884332160393,0.0573496804547547,0.82413959601036,1.15546265547468,0.956659200382896,0.931029770482317,0.990635605863938
"Monthly_Indicator_Analysis","Eigenvector_HL_Ratio","numeric",121,0,121,1.0458296470714,0.785525410120808,-1.41177050386747,5.37195189638136,0.925550289646184,0.693543295765619,1.22668416531962
"HC_Firm_Monthly","StockID","numeric",45915,0,362,297888.447631493,290274.087559676,12,601992,300080,2066,600483
"HC_Firm_Monthly","Year","numeric",45915,0,12,2019.28472176849,3.06966645122981,2014,2025,2019,2017,2022
"HC_Firm_Monthly","Price","numeric",45915,0,3732,8.79196558858761,8.98588088234217,0.92,163.17,6.4,4.22,10.03
"HC_Firm_Monthly","MktCap","numeric",45915,0,42135,218.924243042667,855.984902361509,5.8776,24506.5089298302,75.2553183487,41.36340106935,171.21431517525
"HC_Firm_Monthly","CarbonType","character",45915,0,1,NA,NA,NA,NA,NA,NA,NA
"HC_Firm_Monthly","Return","numeric",45553,362,36542,0.00250931130065409,0.126637814141991,-1.16691317846496,1.50483126036267,0,-0.0643999306030827,0.063304714688643
"HC_Firm_Monthly","IndexRiskFreeRate","numeric",45915,0,127,0.00184699002099524,0.000497398477503509,0.000740559518736417,0.00319307242322342,0.0018044829672379,0.00148915914788672,0.0021356516810942
"HC_Firm_Monthly","ExReturn","numeric",45553,362,44127,0.000670990474270587,0.126630849162667,-1.16881254389766,1.50312216772728,-0.00300096917061898,-0.0662916336188624,0.0614995658945832
"HC_Firm_Monthly","lag_logAsset","numeric",45580,335,3973,22.9626981247932,1.46229867468824,18.0346688492997,26.8330907508458,22.8298973898908,21.9136805181402,23.9337791210894
"HC_Firm_Monthly","lag_ROE","numeric",45210,705,3838,0.0512519453691661,0.166926778328407,-0.6657376,0.621552660000001,0.058398,0.016457,0.111507
"HC_Firm_Monthly","lag_BM","numeric",39051,6864,3144,0.6662858591367,0.4390417696987,0.0180519932773966,1.83460293831007,0.559126922339524,0.340942863825507,0.910853189415648
"HC_Firm_Monthly","lag_CapExRatio","numeric",45438,477,3955,0.0487666450406883,0.042639403837055,0.000301642555837079,0.269914976367284,0.037718721550833,0.017584623207486,0.0671883162178439
"HC_Firm_Monthly","lag_logEmissions","numeric",45915,0,362,13.3869887696105,1.5558930206529,9.01664610841188,19.7271194285409,13.2186201754787,12.3263288092604,14.3443989959879
"HC_Firm_Monthly","IndustryCode","character",45915,0,28,NA,NA,NA,NA,NA,NA,NA
"HC_Firm_Monthly","PureReturn","numeric",38675,7240,38675,-0.000165245089293349,0.118139015459013,-1.15569986457606,1.23270411589106,-0.00476370046116095,-0.0648204371485937,0.057364198551601
"HC_Firm_Monthly","vola_return","numeric",45915,0,44890,0.0250528880573483,0.0135378437955842,0,0.131583862019419,0.0223283859129143,0.0156076350749374,0.0318921481503922
"HC_Firm_Monthly","vola_ExReturn","numeric",45915,0,44950,0.0250529601923864,0.013537690691004,3.48668518805447e-07,0.131583566790441,0.022328659417119,0.0156076939624272,0.0318926461799565
"HC_Firm_Monthly","vola_PurReturn","numeric",38675,7240,38277,0.0238526985033339,0.0121137692421356,3.48668518805429e-07,0.131583566790441,0.021496792747293,0.0152084414677654,0.0304309222307865
"HC_Firm_Monthly","n_daily_obs","numeric",45915,0,15,20.2417292823696,2.1961469717282,3,23,21,19,22
"HC_Firm_Monthly","firm_identifier","numeric",45915,0,362,297888.447631493,290274.087559676,12,601992,300080,2066,600483
"HC_Firm_Monthly","price","numeric",45915,0,3732,8.79196558858761,8.98588088234217,0.92,163.17,6.4,4.22,10.03
"HC_Firm_Monthly","market_value","numeric",45915,0,42135,218.924243042667,855.984902361509,5.8776,24506.5089298302,75.2553183487,41.36340106935,171.21431517525
"HC_Firm_Monthly","return","numeric",45553,362,36542,0.00250931130065409,0.126637814141991,-1.16691317846496,1.50483126036267,0,-0.0643999306030827,0.063304714688643
"HC_Firm_Monthly","excess_return","numeric",45553,362,44127,0.000670990474270587,0.126630849162667,-1.16881254389766,1.50312216772728,-0.00300096917061898,-0.0662916336188624,0.0614995658945832
"HC_Firm_Monthly","industry_code","character",45915,0,28,NA,NA,NA,NA,NA,NA,NA
"HC_Firm_Monthly","LC_wavg_firm_vola_return","numeric",45915,0,127,0.0243479854383675,0.00739999615193776,0.0136716663067427,0.056436990102425,0.0224051721565929,0.019533565126961,0.027563839279166
"HC_Firm_Monthly","LC_wavg_firm_vola_ExReturn","numeric",45915,0,127,0.0243480226904027,0.00739994683257968,0.0136717226240023,0.0564356528247001,0.0224053461664102,0.0195337404494207,0.0275636448897513
"HC_Firm_Monthly","LC_wavg_firm_vola_PurReturn","numeric",39400,6515,109,0.0233655634334911,0.00595930953264277,0.0136738189448495,0.0438416819497946,0.02217770038912,0.0190818602335204,0.0261978434798408
"HC_Firm_Monthly","Rela_vola_Return","numeric",45915,0,44890,1.03320092621253,0.47654398054763,0,5.93493154467231,0.967574128529929,0.722033077399001,1.27716947972605
"HC_Firm_Monthly","Rela_vola_ExReturn","numeric",45915,0,44950,1.03320257335863,0.47653865429929,1.5186839423206e-05,5.93495036901288,0.967585115548539,0.722045869929948,1.27714519682044
"HC_Firm_Monthly","Rela_vola_PurReturn","numeric",38675,7240,38277,1.03385463468897,0.484427694800797,1.53139734111282e-05,5.88276931136474,0.95181802855516,0.708675327571052,1.27882233782461
"HC_Firm_Monthly","CARDI_5P_M","numeric",43744,2171,121,1.02334978606093,0.181083557213653,0.672088197,1.49927828365217,1.01086073813636,0.905657592181818,1.1252612588
"HC_Firm_Monthly","CARDI_1P_M","numeric",43744,2171,121,1.02271996299017,0.198344258620019,0.697964627666667,1.69984586886364,1.01152087995238,0.881580588857143,1.13011617613044
"HC_Firm_Monthly","CARDI_10P_M","numeric",43744,2171,121,1.02935238470204,0.198314923675245,0.678740553666667,1.63358834809524,1.00966171094444,0.8972632647,1.1304501800625
"HC_Firm_Monthly","CARDI_5P_LogDiff_M","numeric",43382,2533,120,-0.00495449703660572,0.109242518759224,-0.301456925399425,0.381271940052467,-0.0031518580286341,-0.050109101408583,0.0492128577509603
"HC_Firm_Monthly","CARDI_1P_LogDiff_M","numeric",43382,2533,120,-0.00430371704520628,0.126061612812357,-0.541836228087136,0.33893502740414,0.00254086734163928,-0.0461371163702731,0.0579204644173356
"HC_Firm_Monthly","CARDI_10P_LogDiff_M","numeric",43382,2533,120,-0.00537596487215642,0.101303017447253,-0.352841607657763,0.342559283368903,-0.00752290723394591,-0.0627880188152647,0.0480303679497483
"HC_Firm_Monthly","CarbonVol_M_Shenzhen","numeric",45194,721,125,0.224755562748439,0.243115769555388,0.0129312582384839,1.10624320861378,0.135673577759554,0.0693758622530446,0.277887412466065
"HC_Firm_Monthly","CarbonVol_M_Guangdong","numeric",45915,0,127,0.0371700707725243,0.0280422022756296,0.00604938186984464,0.207654530650606,0.0273639413816244,0.0166039426576271,0.0537602002309742
"HC_Firm_Monthly","CarbonVol_M_Hubei","numeric",45194,721,125,0.0261077483031604,0.0141783646193767,0.0034800004252907,0.0720132827747759,0.0243905865746306,0.0148699993071208,0.0351811603405761
"HC_Firm_Monthly","CarbonReturn_M_Shenzhen","numeric",44473,1442,123,-0.00905405809255874,0.416698800549021,-1.59036466077264,1.37589332791461,0.0182399981496708,-0.148845627597565,0.121360857004267
"HC_Firm_Monthly","CarbonReturn_M_Guangdong","numeric",45915,0,127,-0.00362175877075406,0.149092124127116,-0.509454821632212,0.615746482349248,-0.00162307295759945,-0.0584717684553335,0.0555574986895673
"HC_Firm_Monthly","CarbonReturn_M_Hubei","numeric",44473,1442,121,0.00354212016653119,0.100293260655474,-0.293189229459053,0.525929094256395,0.00125339477449282,-0.0345267720196993,0.0422598092898827
"HC_Firm_Monthly","BankReturn_M","numeric",45915,0,127,0.00510297925276546,0.0584259162099188,-0.152852603810962,0.285164652830378,0.0088992720086587,-0.0254114644345123,0.0409269126884801
"HC_Firm_Monthly","RealEstateReturn_M","numeric",45915,0,127,-0.00143889200574126,0.0796062811199388,-0.336975764162753,0.268118169099238,-0.0060580468637621,-0.0541052935129755,0.0410915845217179
"HC_Firm_Monthly","RealEstate_Premium_M","numeric",45915,0,127,-0.00654187125850674,0.0629202841496789,-0.184123160351791,0.162759080257638,-0.00772508608569034,-0.0386251456084565,0.0305419134826401
"HC_Firm_Monthly","Slope_M","numeric",45915,0,127,0.818634354891182,0.308472223424125,-0.0626652173913043,1.74743333333333,0.791186956521739,0.6337,1.02347272727273
"HC_Firm_Monthly","TED_M","numeric",45915,0,127,0.71321942605199,0.401772485057273,0.0858285714285714,1.78035294117647,0.606040909090909,0.423613043478261,0.90122380952381
"HC_Firm_Monthly","TY3M_Change_M","numeric",45915,0,127,-0.0140442164869868,0.248833242036629,-0.709,0.5704,-0.004,-0.1409,0.1451
"HC_Firm_Monthly","MarketVol_M","numeric",45915,0,127,0.0112680765193017,0.00672594056285582,0.00272964851549567,0.0392873596802456,0.00894658867876886,0.00711998210905919,0.0129210957321047
"HC_Firm_Monthly","Event_dummy_M","numeric",45915,0,2,0.141696613307198,0.348742500881461,0,1,0,0,0
"HC_Firm_Monthly","Event_Covid_M","numeric",45915,0,2,0.00786235435043014,0.088321614732944,0,1,0,0,0
"HC_Firm_Monthly","Event_China_M","numeric",45915,0,2,0.0787542197538931,0.269357704171077,0,1,0,0,0
"HC_Firm_Monthly","Event_International_M","numeric",45915,0,2,0.062942393553305,0.242861963338692,0,1,0,0,0
"HC_Firm_Monthly","Vol_HC","numeric",44830,1085,124,0.0260638609116738,0.00752568313768866,0.0162374930263415,0.0575866603542131,0.0249991421069902,0.0212075217161488,0.0291350681331989
"HC_Firm_Monthly","Vol_LC","numeric",44830,1085,124,0.0279017234860511,0.00744789517577289,0.0171779682317152,0.0582290953012857,0.0270660504263243,0.0231009678115966,0.0304284033389765
"HC_Firm_Monthly","Vol_HL_Ratio","numeric",44830,1085,124,0.936113441001097,0.108931484731766,0.743689245332893,1.25218093031763,0.919432349716095,0.856803890079853,0.992546504684202
"HC_Firm_Monthly","VolVaR_HC","numeric",43744,2171,121,0.016482483306288,0.00606501423680392,0.00905144473433239,0.0406791910674158,0.0148672451267072,0.0122907570604918,0.0191903528522594
"HC_Firm_Monthly","VolVaR_LC","numeric",43744,2171,121,0.0172485799474426,0.0049453983827048,0.00796090085852594,0.0357018139942549,0.0172431243727336,0.0132898273687984,0.0200867701102546
"HC_Firm_Monthly","VolVaR_HL_Ratio","numeric",43744,2171,121,0.96089161265634,0.191333280420936,0.632505920465971,1.47640287614497,0.960546335786397,0.784918051535869,1.09401640543629
"HC_Firm_Monthly","DY_TCI_HC","numeric",42658,3257,118,75.8073288894991,9.30504006837076,59.9781462833838,92.1443247025089,76.7310880158617,66.7673247608436,83.1947282781806
"HC_Firm_Monthly","DY_TCI_LC","numeric",42658,3257,118,70.1273532907385,10.7424308512207,50.1336851123728,89.120751911926,70.2152395458148,61.5260455500837,78.1349354235439
"HC_Firm_Monthly","DY_HL_Ratio","numeric",42658,3257,118,1.08729466221515,0.0585073701111743,0.958376023171934,1.30032878648751,1.08519408146757,1.04896185101911,1.12349604294492
"HC_Firm_Monthly","EDC_HC","numeric",44830,1085,124,0.570771037096235,0.0757487636892616,0.429907142601995,0.729209800521434,0.561349558865282,0.520719812992025,0.620763953912511
"HC_Firm_Monthly","EDC_LC","numeric",44830,1085,124,0.560404399763004,0.0770051754263119,0.40783007263001,0.758892546026946,0.549558888034977,0.500917987837724,0.624416519166138
"HC_Firm_Monthly","EDC_HL_Ratio","numeric",44830,1085,124,1.02067176645794,0.052590728786041,0.885115089242018,1.20938041182407,1.01845512851557,0.98254724088485,1.05358652003068
"HC_Firm_Monthly","CVaR_HC","numeric",44830,1085,124,0.0526314781109733,0.0152660452690952,0.0298916354100796,0.0972236562718125,0.0511142197753336,0.0416778945525574,0.058870392611473
"HC_Firm_Monthly","CVaR_LC","numeric",44830,1085,124,0.0557624524053489,0.0148355698247795,0.0331608798859383,0.0985616559731516,0.0541985510287627,0.0444653946705152,0.0621196830804117
"HC_Firm_Monthly","CVaR_HL_Ratio","numeric",44830,1085,124,0.943648306492338,0.10393850012933,0.725811856001642,1.3076606363657,0.934810290668418,0.865454478219338,1.00410388741597
"HC_Firm_Monthly","OutDegree_avg_HC","numeric",44830,1085,124,0.961574034831079,0.0856221154104207,0.704493619975006,1.2023252122345,0.961248894166136,0.905822503345747,1.01678672870722
"HC_Firm_Monthly","InDegree_avg_HC","numeric",44830,1085,124,0.961574034831079,0.0856221154104207,0.704493619975006,1.2023252122345,0.961248894166136,0.905822503345747,1.01678672870722
"HC_Firm_Monthly","Closeness_avg_HC","numeric",44830,1085,66,0.000173450287804767,0.000333228775120974,0,0.00127433443588456,8.7566883116418e-07,0,0.000126623416431466
"HC_Firm_Monthly","Betweenness_avg_HC","numeric",44830,1085,123,89.7355968692198,7.51433847288609,70.422,105.69,90.486,83.963620230701,95.7673684210526
"HC_Firm_Monthly","Eigenvector_avg_HC","numeric",44830,1085,124,0.266966617115371,0.0856942615075915,0.0384768123848616,0.464416031062677,0.272546871221787,0.209499468802536,0.329363584972462
"HC_Firm_Monthly","OutDegree_avg_LC","numeric",44830,1085,124,1.00168409308798,0.100204227903048,0.748798251882415,1.20119373380777,1.00391497206509,0.930772273083984,1.08096103439772
"HC_Firm_Monthly","InDegree_avg_LC","numeric",44830,1085,124,1.00168409308798,0.100204227903048,0.748798251882415,1.20119373380777,1.00391497206509,0.930772273083984,1.08096103439772
"HC_Firm_Monthly","Closeness_avg_LC","numeric",44830,1085,118,0.000197724209615229,0.000275980053067188,0,0.00103423426238577,5.69976386253023e-05,3.77310070256476e-06,0.000290713914199309
"HC_Firm_Monthly","Betweenness_avg_LC","numeric",44830,1085,124,91.3649669012965,4.65660610856532,79.9588905775076,104.374444444444,91.3288888888889,88.339332096475,94.8690909090909
"HC_Firm_Monthly","Eigenvector_avg_LC","numeric",44830,1085,124,0.273080490131717,0.0945181064680648,0.0412851782251265,0.436703182197985,0.285537086703485,0.201168562603486,0.345493603315968
"HC_Firm_Monthly","InDegree_HL_Ratio","numeric",44830,1085,124,0.963603039203092,0.0569714578070285,0.82413959601036,1.15546265547468,0.957937557758973,0.934095302649605,0.9934515524651
"HC_Firm_Monthly","Eigenvector_HL_Ratio","numeric",44830,1085,124,1.0474952921863,0.773425562284613,-1.41177050386747,5.37195189638136,0.933874059945519,0.695130450280434,1.23730441579349
"SCARDI_Event","CARDI_1P","numeric",2447,0,2447,1.02271566599264,0.214443230058013,0.483115303,2.05056494,0.997875354,0.873943226,1.132709496
"SCARDI_Event","CARDI_5P","numeric",2447,0,2447,1.02345654603433,0.197804218018545,0.592434911,2.190325895,0.997276888,0.890762077,1.130112754
"SCARDI_Event","CARDI_10P","numeric",2447,0,2447,1.02951625380016,0.213037985475131,0.565850757,2.159922194,1.00879032,0.890371539,1.1388812385
"SCARDI_Event","Id","numeric",2447,0,2447,1224,706.532377177437,1,2447,1224,612.5,1835.5
"SCARDI_Event","CARDI","numeric",2447,0,2447,1.02345654603433,0.197804218018545,0.592434911,2.190325895,0.997276888,0.890762077,1.130112754
"SCARDI_Event","FRM_High_Low_1","numeric",2447,0,2447,1.02271566599264,0.214443230058013,0.483115303,2.05056494,0.997875354,0.873943226,1.132709496
"SCARDI_Event","FRM_High_Low_10","numeric",2447,0,2447,1.02951625380016,0.213037985475131,0.565850757,2.159922194,1.00879032,0.890371539,1.1388812385
"SCARDI_Event","SmoothFRMDiff","numeric",2447,0,2447,1.02397647992069,0.157071547854701,0.717071657445177,1.51846318002765,1.00751729517003,0.906913381794384,1.10883938341922
"SCARDI_Event","deltaSmoothFRMDiff","numeric",2446,1,2446,-0.0271728140428543,0.230255042562827,-0.720423738156639,0.556772690895224,-0.0105640190703881,-0.180979248990427,0.130932155023916
"SCARDI_Event","SmoothFRMDiff_1","numeric",2447,0,2447,1.02202117538888,0.167265064541695,0.709496543549132,1.62081427009642,0.99739388012472,0.907428389687536,1.11608878661635
"SCARDI_Event","deltaSmoothFRMDiff_1","numeric",2446,1,2446,-0.0211881231676309,0.238031796166916,-0.605475052462576,0.584737473729588,-0.00685470128056337,-0.198746834406081,0.112305473279658
"SCARDI_Event","SmoothFRMDiff_10","numeric",2447,0,2447,1.02984312264837,0.177715363565359,0.709512655998888,1.6247702571554,1.02646484008263,0.905676319234568,1.11722168151752
"SCARDI_Event","deltaSmoothFRMDiff_10","numeric",2446,1,2446,-0.0292986413319265,0.215224353981169,-0.773678710433181,0.554518959323963,-0.0289718002024828,-0.165066919077264,0.125163984304964
