date,frm
2014-10-15,0.006675
2014-10-16,0.006528
2014-10-17,0.006683
2014-10-20,0.00686
2014-10-21,0.006869
2014-10-22,0.006703
2014-10-23,0.006889
2014-10-24,0.007042
2014-10-27,0.006845
2014-10-28,0.006492
2014-10-29,0.006899
2014-10-30,0.006687
2014-10-31,0.006449
2014-11-03,0.006753
2014-11-04,0.006767
2014-11-05,0.006749
2014-11-06,0.006805
2014-11-07,0.006418
2014-11-10,0.006533
2014-11-11,0.006626
2014-11-12,0.006238
2014-11-13,0.006505
2014-11-14,0.006292
2014-11-17,0.006288
2014-11-18,0.00613
2014-11-19,0.006232
2014-11-20,0.006234
2014-11-21,0.005881
2014-11-24,0.006103
2014-11-25,0.005908
2014-11-26,0.00633
2014-11-27,0.006242
2014-11-28,0.006312
2014-12-01,0.007018
2014-12-02,0.008902
2014-12-03,0.010586
2014-12-04,0.008925
2014-12-05,0.007397
2014-12-08,0.00741
2014-12-09,0.007659
2014-12-10,0.008012
2014-12-11,0.00795
2014-12-12,0.008128
2014-12-15,0.007775
2014-12-16,0.007637
2014-12-17,0.007699
2014-12-18,0.007877
2014-12-19,0.008168
2014-12-22,0.008012
2014-12-23,0.008337
2014-12-24,0.008296
2014-12-25,0.008098
2014-12-26,0.008725
2014-12-29,0.00828
2014-12-30,0.008569
2014-12-31,0.008728
2015-01-05,0.009156
2015-01-06,0.009209
2015-01-07,0.00945
2015-01-08,0.009412
2015-01-09,0.009062
2015-01-12,0.009914
2015-01-13,0.010038
2015-01-14,0.009431
2015-01-15,0.009508
2015-01-16,0.009678
2015-01-19,0.011432
2015-01-20,0.011917
2015-01-21,0.012469
2015-01-22,0.013551
2015-01-23,0.013684
2015-01-26,0.013678
2015-01-27,0.013591
2015-01-28,0.014038
2015-01-29,0.014465
2015-01-30,0.014022
2015-02-02,0.013594
2015-02-03,0.013694
2015-02-04,0.014141
2015-02-05,0.013979
2015-02-06,0.014789
2015-02-09,0.014254
2015-02-10,0.013889
2015-02-11,0.014403
2015-02-12,0.017022
2015-02-13,0.014599
2015-02-16,0.015643
2015-02-17,0.013921
2015-02-25,0.015555
2015-02-26,0.014173
2015-02-27,0.013723
2015-03-02,0.014996
2015-03-03,0.016697
2015-03-04,0.017852
2015-03-05,0.017822
2015-03-06,0.017446
2015-03-09,0.016471
2015-03-10,0.017088
2015-03-11,0.017454
2015-03-12,0.015962
2015-03-13,0.015368
2015-03-16,0.015514
2015-03-17,0.016902
2015-03-18,0.01833
2015-03-19,0.015661
2015-03-20,0.016494
2015-03-23,0.014882
2015-03-24,0.013879
2015-03-25,0.014323
2015-03-26,0.013691
2015-03-27,0.014713
2015-03-30,0.014588
2015-03-31,0.014411
2015-04-01,0.014285
2015-04-02,0.012818
2015-04-03,0.01314
2015-04-07,0.013971
2015-04-08,0.013176
2015-04-09,0.013536
2015-04-10,0.013404
2015-04-13,0.014616
2015-04-14,0.01547
2015-04-15,0.015418
2015-04-16,0.014319
2015-04-17,0.014264
2015-04-20,0.014387
2015-04-21,0.014742
2015-04-22,0.014821
2015-04-23,0.015272
2015-04-24,0.008681
2015-04-27,0.009879
2015-04-28,0.009762
2015-04-29,0.009024
2015-04-30,0.008812
2015-05-04,0.008891
2015-05-05,0.009342
2015-05-06,0.009795
2015-05-07,0.009566
2015-05-08,0.010314
2015-05-11,0.009929
2015-05-12,0.014081
2015-05-13,0.015052
2015-05-14,0.011457
2015-05-15,0.012602
2015-05-18,0.012169
2015-05-19,0.010595
2015-05-20,0.011273
2015-05-21,0.010956
2015-05-22,0.011591
2015-05-25,0.012087
2015-05-26,0.012308
2015-05-27,0.012167
2015-05-28,0.013339
2015-05-29,0.013196
2015-06-01,0.014357
2015-06-02,0.01436
2015-06-03,0.014392
2015-06-04,0.014475
2015-06-05,0.015852
2015-06-08,0.015776
2015-06-09,0.015839
2015-06-10,0.015811
2015-06-11,0.0163
2015-06-12,0.016805
2015-06-15,0.017558
2015-06-16,0.017869
2015-06-17,0.017819
2015-06-18,0.019019
2015-06-19,0.017667
2015-06-23,0.017978
2015-06-24,0.018382
2015-06-25,0.01811
2015-06-26,0.017728
2015-06-29,0.018216
2015-06-30,0.018089
2015-07-01,0.018863
2015-07-02,0.020067
2015-07-03,0.01963
2015-07-06,0.019928
2015-07-07,0.019295
2015-07-08,0.018381
2015-07-09,0.020734
2015-07-10,0.022804
2015-07-13,0.022318
2015-07-14,0.022061
2015-07-15,0.021941
2015-07-16,0.02331
2015-07-17,0.024935
2015-07-20,0.026911
2015-07-21,0.024446
2015-07-22,0.024539
2015-07-23,0.023742
2015-07-24,0.023541
2015-07-27,0.024263
2015-07-28,0.023958
2015-07-29,0.024096
2015-07-30,0.0233
2015-07-31,0.023925
2015-08-03,0.024773
2015-08-04,0.024527
2015-08-05,0.027918
2015-08-06,0.025455
2015-08-07,0.026527
2015-08-10,0.026476
2015-08-11,0.025733
2015-08-12,0.025187
2015-08-13,0.025845
2015-08-14,0.026095
2015-08-17,0.02572
2015-08-18,0.031067
2015-08-19,0.030735
2015-08-20,0.033923
2015-08-21,0.029138
2015-08-24,0.028776
2015-08-25,0.02817
2015-08-26,0.026785
2015-08-27,0.028275
2015-08-28,0.028971
2015-08-31,0.028594
2015-09-01,0.030797
2015-09-02,0.028211
2015-09-07,0.026446
2015-09-08,0.027441
2015-09-09,0.028919
2015-09-10,0.028618
2015-09-11,0.029327
2015-09-14,0.029991
2015-09-15,0.029953
2015-09-16,0.030572
2015-09-17,0.032792
2015-09-18,0.031828
2015-09-21,0.030555
2015-09-22,0.031083
2015-09-23,0.030021
2015-09-24,0.029762
2015-09-25,0.029087
2015-09-28,0.027489
2015-09-29,0.026661
2015-09-30,0.026743
2015-10-08,0.02766
2015-10-09,0.026355
2015-10-12,0.024287
2015-10-13,0.02916
2015-10-14,0.026229
2015-10-15,0.026597
2015-10-16,0.024168
2015-10-19,0.026463
2015-10-20,0.026103
2015-10-21,0.024257
2015-10-22,0.024574
2015-10-23,0.024691
2015-10-26,0.025089
2015-10-27,0.02638
2015-10-28,0.024156
2015-10-29,0.022841
2015-10-30,0.023314
2015-11-02,0.021788
2015-11-03,0.020067
2015-11-04,0.022133
2015-11-05,0.022569
2015-11-06,0.022047
2015-11-09,0.019939
2015-11-10,0.02033
2015-11-11,0.019759
2015-11-12,0.020087
2015-11-13,0.018544
2015-11-16,0.01661
2015-11-17,0.016139
2015-11-18,0.016118
2015-11-19,0.017168
2015-11-20,0.015979
2015-11-23,0.015708
2015-11-24,0.015454
2015-11-25,0.01532
2015-11-26,0.016196
2015-11-27,0.018111
2015-11-30,0.016416
2015-12-01,0.012211
2015-12-02,0.012616
2015-12-03,0.012511
2015-12-04,0.011954
2015-12-07,0.011732
2015-12-08,0.011957
2015-12-09,0.011777
2015-12-10,0.011037
2015-12-11,0.012178
2015-12-14,0.012118
2015-12-15,0.012302
2015-12-16,0.01156
2015-12-17,0.011143
2015-12-18,0.010305
2015-12-21,0.011344
2015-12-22,0.011739
2015-12-23,0.011347
2015-12-24,0.011895
2015-12-25,0.01225
2015-12-28,0.011182
2015-12-29,0.010459
2015-12-30,0.01063
2015-12-31,0.011021
2016-01-04,0.013764
2016-01-05,0.014887
2016-01-06,0.012935
2016-01-07,0.015488
2016-01-08,0.016709
2016-01-11,0.015711
2016-01-12,0.012722
2016-01-13,0.014269
2016-01-14,0.01307
2016-01-15,0.013299
2016-01-18,0.013829
2016-01-19,0.013856
2016-01-20,0.014084
2016-01-21,0.012508
2016-01-22,0.013318
2016-01-25,0.013489
2016-01-26,0.015486
2016-01-27,0.015065
2016-01-28,0.015554
2016-01-29,0.01499
2016-02-01,0.014581
2016-02-02,0.014512
2016-02-03,0.015918
2016-02-04,0.016147
2016-02-05,0.016721
2016-02-15,0.017138
2016-02-16,0.016111
2016-02-17,0.016682
2016-02-18,0.016017
2016-02-19,0.017876
2016-02-22,0.014598
2016-02-23,0.014751
2016-02-24,0.016686
2016-02-25,0.01505
2016-02-26,0.015374
2016-02-29,0.016989
2016-03-01,0.017882
2016-03-02,0.018142
2016-03-03,0.016751
2016-03-04,0.017011
2016-03-07,0.015436
2016-03-08,0.015559
2016-03-09,0.015853
2016-03-10,0.015424
2016-03-11,0.015617
2016-03-14,0.017214
2016-03-15,0.016891
2016-03-16,0.017114
2016-03-17,0.016961
2016-03-18,0.017039
2016-03-21,0.018314
2016-03-22,0.018315
2016-03-23,0.01857
2016-03-24,0.016866
2016-03-25,0.016728
2016-03-28,0.016741
2016-03-29,0.017304
2016-03-30,0.017404
2016-03-31,0.017275
2016-04-01,0.017653
2016-04-05,0.018318
2016-04-06,0.017042
2016-04-07,0.01813
2016-04-08,0.016453
2016-04-11,0.016052
2016-04-12,0.016133
2016-04-13,0.014511
2016-04-14,0.013779
2016-04-15,0.013396
2016-04-18,0.014149
2016-04-19,0.013244
2016-04-20,0.013498
2016-04-21,0.012841
2016-04-22,0.013795
2016-04-25,0.013593
2016-04-26,0.012879
2016-04-27,0.014029
2016-04-28,0.013606
2016-04-29,0.013219
2016-05-03,0.012289
2016-05-04,0.011892
2016-05-05,0.012133
2016-05-06,0.012599
2016-05-09,0.01316
2016-05-10,0.013275
2016-05-11,0.012657
2016-05-12,0.013158
2016-05-13,0.012352
2016-05-16,0.011667
2016-05-17,0.011654
2016-05-18,0.011493
2016-05-19,0.011819
2016-05-20,0.01105
2016-05-23,0.010478
2016-05-24,0.010538
2016-05-25,0.011025
2016-05-26,0.008012
2016-05-27,0.008156
2016-05-30,0.007283
2016-05-31,0.007737
2016-06-01,0.007214
2016-06-02,0.007702
2016-06-03,0.007082
2016-06-06,0.007005
2016-06-07,0.006727
2016-06-08,0.00701
2016-06-13,0.006653
2016-06-14,0.006617
2016-06-15,0.006827
2016-06-16,0.006896
2016-06-17,0.006727
2016-06-20,0.006494
2016-06-21,0.006386
2016-06-22,0.006667
2016-06-23,0.006602
2016-06-24,0.006945
2016-06-27,0.006748
2016-06-28,0.007142
2016-06-29,0.007322
2016-06-30,0.007152
2016-07-01,0.006972
2016-07-04,0.007071
2016-07-05,0.007189
2016-07-06,0.007218
2016-07-07,0.00726
2016-07-08,0.007177
2016-07-11,0.006927
2016-07-12,0.007149
2016-07-13,0.006725
2016-07-14,0.006797
2016-07-15,0.006781
2016-07-18,0.006895
2016-07-19,0.006773
2016-07-20,0.006309
2016-07-21,0.00664
2016-07-22,0.006636
2016-07-25,0.006615
2016-07-26,0.006046
2016-07-27,0.006454
2016-07-28,0.006677
2016-07-29,0.006508
2016-08-01,0.005999
2016-08-02,0.005664
2016-08-03,0.006195
2016-08-04,0.006582
2016-08-05,0.00564
2016-08-08,0.005898
2016-08-09,0.005855
2016-08-10,0.005718
2016-08-11,0.005847
2016-08-12,0.005575
2016-08-15,0.005741
2016-08-16,0.005284
2016-08-17,0.005553
2016-08-18,0.005546
2016-08-19,0.005617
2016-08-22,0.00554
2016-08-23,0.005184
2016-08-24,0.005286
2016-08-25,0.005111
2016-08-26,0.005286
2016-08-29,0.005614
2016-08-30,0.005429
2016-08-31,0.005243
2016-09-01,0.005285
2016-09-02,0.005288
2016-09-05,0.004984
2016-09-06,0.004975
2016-09-07,0.00503
2016-09-08,0.004523
2016-09-09,0.004479
2016-09-12,0.004433
2016-09-13,0.00433
2016-09-14,0.004268
2016-09-19,0.004384
2016-09-20,0.004374
2016-09-21,0.004221
2016-09-22,0.004327
2016-09-23,0.004187
2016-09-26,0.004177
2016-09-27,0.004304
2016-09-28,0.004373
2016-09-29,0.004482
2016-09-30,0.004412
2016-10-10,0.004184
2016-10-11,0.00485
2016-10-12,0.004288
2016-10-13,0.004364
2016-10-14,0.004452
2016-10-17,0.004328
2016-10-18,0.004332
2016-10-19,0.004509
2016-10-20,0.004311
2016-10-21,0.004109
2016-10-24,0.004262
2016-10-25,0.004343
2016-10-26,0.004385
2016-10-27,0.004366
2016-10-28,0.004274
2016-10-31,0.004372
2016-11-01,0.004144
2016-11-02,0.004353
2016-11-03,0.004103
2016-11-04,0.00428
2016-11-07,0.004201
2016-11-08,0.004252
2016-11-09,0.004327
2016-11-10,0.004148
2016-11-11,0.004489
2016-11-14,0.004463
2016-11-15,0.004449
2016-11-16,0.004278
2016-11-17,0.004382
2016-11-18,0.004384
2016-11-21,0.003915
2016-11-22,0.004106
2016-11-23,0.004194
2016-11-24,0.004179
2016-11-25,0.004042
2016-11-28,0.004051
2016-11-29,0.00425
2016-11-30,0.004543
2016-12-01,0.004425
2016-12-02,0.004605
2016-12-05,0.004699
2016-12-06,0.004275
2016-12-07,0.004477
2016-12-08,0.004468
2016-12-09,0.004796
2016-12-12,0.004806
2016-12-13,0.005152
2016-12-14,0.004752
2016-12-15,0.004858
2016-12-16,0.005043
2016-12-19,0.004865
2016-12-20,0.004741
2016-12-21,0.004813
2016-12-22,0.004887
2016-12-23,0.004875
2016-12-26,0.004992
2016-12-27,0.004887
2016-12-28,0.004935
2016-12-29,0.004897
2016-12-30,0.004618
2017-01-03,0.004966
2017-01-04,0.004803
2017-01-05,0.004889
2017-01-06,0.004663
2017-01-09,0.004607
2017-01-10,0.00461
2017-01-11,0.004833
2017-01-12,0.004761
2017-01-13,0.004799
2017-01-16,0.004497
2017-01-17,0.004463
2017-01-18,0.004571
2017-01-19,0.004426
2017-01-20,0.00445
2017-01-23,0.004543
2017-01-24,0.004641
2017-01-25,0.004674
2017-01-26,0.004796
2017-02-03,0.004866
2017-02-06,0.00471
2017-02-07,0.004606
2017-02-08,0.004503
2017-02-09,0.00482
2017-02-10,0.004702
2017-02-13,0.005018
2017-02-14,0.004551
2017-02-15,0.00542
2017-02-16,0.004685
2017-02-17,0.004866
2017-02-20,0.005158
2017-02-21,0.005022
2017-02-22,0.004966
2017-02-23,0.005011
2017-02-24,0.004679
2017-02-27,0.004809
2017-02-28,0.005187
2017-03-01,0.005015
2017-03-02,0.004855
2017-03-03,0.004844
2017-03-06,0.005065
2017-03-07,0.004741
2017-03-08,0.004673
2017-03-09,0.004517
2017-03-10,0.004743
2017-03-13,0.004733
2017-03-14,0.004636
2017-03-15,0.004892
2017-03-16,0.00465
2017-03-17,0.004403
2017-03-20,0.00438
2017-03-21,0.004626
2017-03-22,0.004577
2017-03-23,0.004374
2017-03-24,0.004694
2017-03-27,0.004197
2017-03-28,0.004193
2017-03-29,0.004388
2017-03-30,0.004046
2017-03-31,0.004175
2017-04-05,0.004144
2017-04-06,0.004077
2017-04-07,0.004394
2017-04-10,0.004279
2017-04-11,0.004069
2017-04-12,0.004304
2017-04-13,0.004076
2017-04-14,0.004464
2017-04-17,0.004369
2017-04-18,0.00422
2017-04-19,0.004135
2017-04-20,0.004468
2017-04-21,0.004325
2017-04-24,0.00487
2017-04-25,0.004743
2017-04-26,0.00508
2017-04-27,0.004803
2017-04-28,0.004977
2017-05-02,0.00492
2017-05-03,0.004901
2017-05-04,0.004904
2017-05-05,0.00479
2017-05-08,0.004669
2017-05-09,0.004978
2017-05-10,0.00485
2017-05-11,0.005049
2017-05-12,0.004909
2017-05-15,0.004837
2017-05-16,0.004885
2017-05-17,0.004851
2017-05-18,0.004633
2017-05-19,0.004657
2017-05-22,0.004699
2017-05-23,0.00717
2017-05-24,0.005776
2017-05-25,0.007448
2017-05-26,0.007239
2017-05-31,0.006057
2017-06-01,0.004924
2017-06-02,0.005108
2017-06-05,0.00493
2017-06-06,0.004947
2017-06-07,0.005318
2017-06-08,0.00526
2017-06-09,0.005365
2017-06-12,0.005167
2017-06-13,0.005078
2017-06-14,0.004969
2017-06-15,0.004973
2017-06-16,0.004731
2017-06-19,0.004729
2017-06-20,0.004717
2017-06-21,0.004928
2017-06-22,0.004912
2017-06-23,0.004715
2017-06-26,0.00488
2017-06-27,0.004625
2017-06-28,0.004866
2017-06-29,0.0049
2017-06-30,0.004847
2017-07-03,0.004947
2017-07-04,0.004865
2017-07-05,0.004794
2017-07-06,0.004901
2017-07-07,0.005091
2017-07-10,0.005066
2017-07-11,0.004825
2017-07-12,0.005163
2017-07-13,0.004911
2017-07-14,0.004917
2017-07-17,0.005041
2017-07-18,0.0051
2017-07-19,0.005356
2017-07-20,0.005347
2017-07-21,0.005635
2017-07-24,0.005527
2017-07-25,0.005298
2017-07-26,0.005061
2017-07-27,0.005076
2017-07-28,0.004995
2017-07-31,0.005495
2017-08-01,0.005424
2017-08-02,0.00541
2017-08-03,0.005508
2017-08-04,0.005275
2017-08-07,0.005337
2017-08-08,0.005866
2017-08-09,0.005904
2017-08-10,0.005799
2017-08-11,0.005923
2017-08-14,0.006261
2017-08-15,0.006011
2017-08-16,0.006016
2017-08-17,0.006543
2017-08-18,0.00632
2017-08-21,0.006112
2017-08-22,0.006431
2017-08-23,0.006575
2017-08-24,0.006335
2017-08-25,0.006552
2017-08-28,0.006751
2017-08-29,0.006075
2017-08-30,0.006524
2017-08-31,0.00665
2017-09-01,0.005865
2017-09-04,0.006567
2017-09-05,0.006476
2017-09-06,0.00634
2017-09-07,0.006497
2017-09-08,0.007421
2017-09-11,0.00665
2017-09-12,0.007286
2017-09-13,0.006956
2017-09-14,0.006693
2017-09-15,0.006422
2017-09-18,0.006174
2017-09-19,0.006066
2017-09-20,0.006421
2017-09-21,0.005935
2017-09-22,0.00662
2017-09-25,0.00643
2017-09-26,0.006501
2017-09-27,0.006365
2017-09-28,0.006194
2017-09-29,0.006074
2017-10-09,0.006308
2017-10-10,0.006067
2017-10-11,0.006351
2017-10-12,0.00633
2017-10-13,0.006191
2017-10-16,0.006358
2017-10-17,0.005921
2017-10-18,0.005922
2017-10-19,0.005993
2017-10-20,0.006529
2017-10-23,0.006401
2017-10-24,0.006083
2017-10-25,0.005854
2017-10-26,0.006025
2017-10-27,0.006328
2017-10-30,0.00582
2017-10-31,0.005859
2017-11-01,0.005984
2017-11-02,0.006329
2017-11-03,0.005082
2017-11-06,0.00561
2017-11-07,0.00516
2017-11-08,0.005271
2017-11-09,0.005115
2017-11-10,0.005261
2017-11-13,0.005498
2017-11-14,0.005334
2017-11-15,0.004816
2017-11-16,0.004865
2017-11-17,0.005078
2017-11-20,0.004685
2017-11-21,0.004807
2017-11-22,0.005006
2017-11-23,0.004736
2017-11-24,0.004878
2017-11-27,0.004833
2017-11-28,0.004846
2017-11-29,0.004847
2017-11-30,0.004572
2017-12-01,0.007967
2017-12-04,0.004874
2017-12-05,0.005149
2017-12-06,0.004793
2017-12-07,0.005046
2017-12-08,0.004722
2017-12-11,0.004663
2017-12-12,0.005021
2017-12-13,0.004909
2017-12-14,0.004668
2017-12-15,0.005087
2017-12-18,0.004861
2017-12-19,0.004768
2017-12-20,0.004775
2017-12-21,0.004992
2017-12-22,0.004939
2017-12-25,0.004802
2017-12-26,0.004838
2017-12-27,0.005152
2017-12-28,0.004895
2017-12-29,0.004703
2018-01-02,0.00508
2018-01-03,0.004947
2018-01-04,0.004777
2018-01-05,0.004998
2018-01-08,0.005111
2018-01-09,0.005192
2018-01-10,0.005145
2018-01-11,0.005115
2018-01-12,0.004864
2018-01-15,0.005168
2018-01-16,0.004989
2018-01-17,0.004957
2018-01-18,0.005135
2018-01-19,0.005254
2018-01-22,0.005394
2018-01-23,0.005077
2018-01-24,0.005096
2018-01-25,0.005518
2018-01-26,0.005266
2018-01-29,0.005029
2018-01-30,0.005334
2018-01-31,0.00539
2018-02-01,0.00562
2018-02-02,0.006041
2018-02-05,0.005797
2018-02-06,0.005652
2018-02-07,0.005719
2018-02-08,0.005885
2018-02-09,0.006803
2018-02-12,0.007498
2018-02-13,0.006883
2018-02-14,0.007175
2018-02-22,0.007243
2018-02-23,0.007305
2018-02-26,0.007264
2018-02-27,0.007499
2018-02-28,0.007108
2018-03-01,0.006986
2018-03-02,0.007258
2018-03-05,0.00688
2018-03-06,0.00706
2018-03-07,0.007268
2018-03-08,0.007424
2018-03-09,0.007029
2018-03-12,0.006765
2018-03-13,0.007263
2018-03-14,0.007578
2018-03-15,0.007407
2018-03-16,0.007453
2018-03-19,0.007604
2018-03-20,0.00674
2018-03-21,0.006568
2018-03-22,0.006835
2018-03-23,0.007522
2018-03-26,0.007286
2018-03-27,0.007199
2018-03-28,0.008012
2018-03-29,0.007328
2018-03-30,0.00813
2018-04-02,0.00735
2018-04-03,0.007317
2018-04-04,0.006947
2018-04-09,0.006867
2018-04-10,0.006728
2018-04-11,0.007175
2018-04-12,0.007139
2018-04-13,0.007583
2018-04-16,0.007218
2018-04-17,0.007003
2018-04-18,0.007133
2018-04-19,0.007263
2018-04-20,0.007521
2018-04-23,0.007353
2018-04-24,0.00725
2018-04-25,0.007427
2018-04-26,0.006838
2018-04-27,0.007518
2018-05-02,0.007604
2018-05-03,0.007454
2018-05-04,0.007167
2018-05-07,0.007409
2018-05-08,0.0072
2018-05-09,0.006701
2018-05-10,0.006364
2018-05-11,0.006506
2018-05-14,0.006706
2018-05-15,0.007058
2018-05-16,0.006788
2018-05-17,0.006393
2018-05-18,0.006536
2018-05-21,0.006582
2018-05-22,0.005803
2018-05-23,0.005799
2018-05-24,0.006079
2018-05-25,0.005668
2018-05-28,0.006172
2018-05-29,0.005853
2018-05-30,0.005997
2018-05-31,0.005886
2018-06-01,0.006108
2018-06-04,0.006508
2018-06-05,0.007451
2018-06-06,0.007546
2018-06-07,0.007581
2018-06-08,0.006124
2018-06-11,0.00566
2018-06-12,0.005484
2018-06-13,0.005597
2018-06-14,0.005375
2018-06-15,0.005778
2018-06-19,0.005948
2018-06-20,0.006336
2018-06-21,0.00658
2018-06-22,0.006343
2018-06-25,0.006108
2018-06-26,0.006194
2018-06-27,0.006005
2018-06-28,0.006197
2018-06-29,0.006758
2018-07-02,0.006479
2018-07-03,0.006202
2018-07-04,0.00622
2018-07-05,0.006527
2018-07-06,0.006227
2018-07-09,0.006544
2018-07-10,0.006317
2018-07-11,0.006139
2018-07-12,0.00618
2018-07-13,0.006221
2018-07-16,0.006039
2018-07-17,0.005882
2018-07-18,0.006183
2018-07-19,0.00629
2018-07-20,0.006728
2018-07-23,0.00631
2018-07-24,0.006237
2018-07-25,0.006585
2018-07-26,0.006265
2018-07-27,0.006656
2018-07-30,0.00674
2018-07-31,0.007335
2018-08-01,0.006523
2018-08-02,0.007094
2018-08-03,0.006948
2018-08-06,0.007815
2018-08-07,0.007296
2018-08-08,0.007489
2018-08-09,0.007816
2018-08-10,0.007872
2018-08-13,0.00751
2018-08-14,0.008234
2018-08-15,0.007885
2018-08-16,0.00754
2018-08-17,0.007664
2018-08-20,0.008376
2018-08-21,0.008518
2018-08-22,0.007913
2018-08-23,0.00735
2018-08-24,0.007666
2018-08-27,0.008314
2018-08-28,0.007895
2018-08-29,0.007633
2018-08-30,0.007086
2018-08-31,0.007068
2018-09-03,0.006903
2018-09-04,0.006745
2018-09-05,0.007015
2018-09-06,0.00729
2018-09-07,0.007234
2018-09-10,0.006898
2018-09-11,0.007333
2018-09-12,0.006883
2018-09-13,0.007161
2018-09-14,0.006317
2018-09-17,0.00616
2018-09-18,0.005934
2018-09-19,0.006573
2018-09-20,0.006355
2018-09-21,0.006226
2018-09-25,0.006344
2018-09-26,0.006432
2018-09-27,0.006065
2018-09-28,0.005671
2018-10-08,0.005977
2018-10-09,0.005876
2018-10-10,0.005579
2018-10-11,0.005999
2018-10-12,0.006423
2018-10-15,0.006036
2018-10-16,0.006725
2018-10-17,0.006852
2018-10-18,0.006736
2018-10-19,0.007027
2018-10-22,0.006993
2018-10-23,0.007441
2018-10-24,0.007323
2018-10-25,0.007443
2018-10-26,0.006759
2018-10-29,0.006947
2018-10-30,0.006865
2018-10-31,0.007045
2018-11-01,0.006716
2018-11-02,0.007609
2018-11-05,0.007205
2018-11-06,0.00725
2018-11-07,0.007055
2018-11-08,0.007095
2018-11-09,0.006492
2018-11-12,0.006107
2018-11-13,0.006537
2018-11-14,0.006561
2018-11-15,0.006833
2018-11-16,0.00671
2018-11-19,0.006131
2018-11-20,0.006831
2018-11-21,0.006335
2018-11-22,0.006366
2018-11-23,0.006803
2018-11-26,0.006584
2018-11-27,0.006242
2018-11-28,0.006593
2018-11-29,0.006432
2018-11-30,0.006633
2018-12-03,0.006779
2018-12-04,0.006771
2018-12-05,0.006592
2018-12-06,0.00648
2018-12-07,0.006774
2018-12-10,0.006863
2018-12-11,0.006857
2018-12-12,0.00662
2018-12-13,0.006764
2018-12-14,0.006819
2018-12-17,0.006843
2018-12-18,0.007002
2018-12-19,0.006658
2018-12-20,0.006997
2018-12-21,0.00703
2018-12-24,0.007017
2018-12-25,0.00714
2018-12-26,0.006405
2018-12-27,0.006157
2018-12-28,0.006004
2019-01-02,0.005977
2019-01-03,0.006151
2019-01-04,0.006037
2019-01-07,0.006191
2019-01-08,0.006445
2019-01-09,0.00629
2019-01-10,0.005874
2019-01-11,0.006201
2019-01-14,0.006387
2019-01-15,0.006047
2019-01-16,0.006101
2019-01-17,0.006146
2019-01-18,0.005932
2019-01-21,0.005956
2019-01-22,0.005739
2019-01-23,0.005661
2019-01-24,0.005664
2019-01-25,0.005458
2019-01-28,0.005364
2019-01-29,0.005266
2019-01-30,0.005488
2019-01-31,0.00537
2019-02-01,0.004868
2019-02-11,0.005018
2019-02-12,0.00502
2019-02-13,0.005032
2019-02-14,0.005661
2019-02-15,0.005452
2019-02-18,0.005723
2019-02-19,0.005335
2019-02-20,0.005603
2019-02-21,0.005482
2019-02-22,0.005594
2019-02-25,0.006018
2019-02-26,0.005438
2019-02-27,0.005578
2019-02-28,0.005418
2019-03-01,0.005111
2019-03-04,0.005206
2019-03-05,0.004988
2019-03-06,0.005133
2019-03-07,0.004919
2019-03-08,0.007596
2019-03-11,0.007611
2019-03-12,0.006914
2019-03-13,0.007927
2019-03-14,0.00769
2019-03-15,0.008034
2019-03-18,0.008013
2019-03-19,0.008625
2019-03-20,0.008288
2019-03-21,0.008015
2019-03-22,0.008495
2019-03-25,0.008786
2019-03-26,0.008409
2019-03-27,0.008598
2019-03-28,0.008567
2019-03-29,0.007798
2019-04-01,0.008172
2019-04-02,0.008841
2019-04-03,0.008984
2019-04-04,0.008945
2019-04-08,0.009056
2019-04-09,0.009283
2019-04-10,0.009222
2019-04-11,0.009412
2019-04-12,0.008989
2019-04-15,0.00905
2019-04-16,0.009402
2019-04-17,0.008963
2019-04-18,0.00926
2019-04-19,0.009468
2019-04-22,0.009637
2019-04-23,0.009902
2019-04-24,0.010017
2019-04-25,0.010077
2019-04-26,0.009507
2019-04-29,0.010018
2019-04-30,0.009329
2019-05-06,0.010728
2019-05-07,0.010081
2019-05-08,0.010295
2019-05-09,0.010518
2019-05-10,0.010843
2019-05-13,0.01094
2019-05-14,0.010764
2019-05-15,0.01032
2019-05-16,0.011087
2019-05-17,0.010665
2019-05-20,0.010449
2019-05-21,0.010466
2019-05-22,0.010119
2019-05-23,0.010156
2019-05-24,0.010852
2019-05-27,0.010973
2019-05-28,0.010424
2019-05-29,0.010574
2019-05-30,0.010714
2019-05-31,0.010754
2019-06-03,0.009665
2019-06-04,0.010289
2019-06-05,0.010127
2019-06-06,0.009941
2019-06-10,0.009365
2019-06-11,0.009753
2019-06-12,0.008461
2019-06-13,0.008242
2019-06-14,0.008385
2019-06-17,0.008362
2019-06-18,0.00805
2019-06-19,0.007291
2019-06-20,0.007207
2019-06-21,0.007328
2019-06-24,0.007561
2019-06-25,0.007454
2019-06-26,0.007448
2019-06-27,0.007255
2019-06-28,0.007256
2019-07-01,0.007295
2019-07-02,0.007254
2019-07-03,0.007558
2019-07-04,0.007026
2019-07-05,0.007387
2019-07-08,0.00778
2019-07-09,0.007541
2019-07-10,0.007654
2019-07-11,0.007398
2019-07-12,0.007312
2019-07-15,0.006914
2019-07-16,0.007587
2019-07-17,0.007999
2019-07-18,0.006976
2019-07-19,0.007082
2019-07-22,0.006837
2019-07-23,0.006475
2019-07-24,0.006646
2019-07-25,0.006792
2019-07-26,0.006348
2019-07-29,0.006487
2019-07-30,0.006625
2019-07-31,0.006037
2019-08-01,0.007173
2019-08-02,0.004944
2019-08-05,0.005046
2019-08-06,0.005148
2019-08-07,0.004931
2019-08-08,0.00508
2019-08-09,0.004876
2019-08-12,0.00485
2019-08-13,0.004834
2019-08-14,0.004489
2019-08-15,0.004523
2019-08-16,0.004423
2019-08-19,0.004365
2019-08-20,0.004747
2019-08-21,0.00463
2019-08-22,0.004901
2019-08-23,0.005006
2019-08-26,0.00501
2019-08-27,0.004738
2019-08-28,0.004651
2019-08-29,0.004763
2019-08-30,0.004764
2019-09-02,0.00501
2019-09-03,0.005157
2019-09-04,0.005297
2019-09-05,0.005015
2019-09-06,0.005061
2019-09-09,0.004949
2019-09-10,0.00477
2019-09-11,0.00496
2019-09-12,0.004864
2019-09-16,0.004922
2019-09-17,0.005054
2019-09-18,0.005062
2019-09-19,0.005047
2019-09-20,0.004967
2019-09-23,0.004953
2019-09-24,0.005063
2019-09-25,0.005225
2019-09-26,0.005632
2019-09-27,0.005566
2019-09-30,0.005614
2019-10-08,0.005438
2019-10-09,0.004941
2019-10-10,0.005492
2019-10-11,0.005189
2019-10-14,0.005097
2019-10-15,0.005143
2019-10-16,0.005178
2019-10-17,0.00531
2019-10-18,0.004945
2019-10-21,0.005256
2019-10-22,0.005373
2019-10-23,0.005087
2019-10-24,0.005007
2019-10-25,0.005091
2019-10-28,0.005063
2019-10-29,0.004919
2019-10-30,0.004873
2019-10-31,0.00485
2019-11-01,0.004603
2019-11-04,0.004666
2019-11-05,0.004773
2019-11-06,0.004759
2019-11-07,0.004677
2019-11-08,0.004494
2019-11-11,0.004614
2019-11-12,0.004723
2019-11-13,0.004719
2019-11-14,0.004701
2019-11-15,0.004651
2019-11-18,0.004505
2019-11-19,0.004485
2019-11-20,0.00454
2019-11-21,0.004654
2019-11-22,0.004284
2019-11-25,0.004705
2019-11-26,0.004413
2019-11-27,0.004586
2019-11-28,0.004503
2019-11-29,0.004519
2019-12-02,0.004618
2019-12-03,0.004378
2019-12-04,0.004434
2019-12-05,0.004258
2019-12-06,0.004412
2019-12-09,0.004243
2019-12-10,0.004198
2019-12-11,0.004054
2019-12-12,0.00411
2019-12-13,0.004197
2019-12-16,0.004466
2019-12-17,0.004216
2019-12-18,0.004197
2019-12-19,0.004375
2019-12-20,0.004408
2019-12-23,0.004434
2019-12-24,0.004386
2019-12-25,0.0044
2019-12-26,0.004368
2019-12-27,0.004537
2019-12-30,0.004757
2019-12-31,0.004679
2020-01-02,0.004638
2020-01-03,0.004655
2020-01-06,0.005012
2020-01-07,0.004687
2020-01-08,0.004903
2020-01-09,0.004785
2020-01-10,0.004716
2020-01-13,0.004963
2020-01-14,0.004661
2020-01-15,0.00489
2020-01-16,0.004776
2020-01-17,0.004725
2020-01-20,0.004747
2020-01-21,0.00507
2020-01-22,0.004864
2020-01-23,0.004962
2020-02-03,0.017913
2020-02-04,0.015943
2020-02-05,0.014809
2020-02-06,0.01724
2020-02-07,0.016488
2020-02-10,0.016977
2020-02-11,0.016174
2020-02-12,0.016904
2020-02-13,0.016405
2020-02-14,0.01637
2020-02-17,0.01651
2020-02-18,0.017061
2020-02-19,0.016782
2020-02-20,0.0196
2020-02-21,0.018307
2020-02-24,0.016316
2020-02-25,0.0163
2020-02-26,0.014716
2020-02-27,0.017798
2020-02-28,0.015007
2020-03-02,0.016736
2020-03-03,0.016765
2020-03-04,0.017348
2020-03-05,0.017682
2020-03-06,0.017726
2020-03-09,0.017155
2020-03-10,0.015995
2020-03-11,0.016042
2020-03-12,0.016692
2020-03-13,0.017464
2020-03-16,0.017525
2020-03-17,0.0185
2020-03-18,0.017837
2020-03-19,0.017676
2020-03-20,0.017498
2020-03-23,0.018361
2020-03-24,0.01771
2020-03-25,0.017621
2020-03-26,0.017828
2020-03-27,0.018285
2020-03-30,0.019095
2020-03-31,0.020941
2020-04-01,0.024356
2020-04-02,0.020625
2020-04-03,0.019852
2020-04-07,0.019538
2020-04-08,0.019718
2020-04-09,0.018856
2020-04-10,0.020726
2020-04-13,0.020765
2020-04-14,0.020867
2020-04-15,0.020533
2020-04-16,0.020314
2020-04-17,0.020728
2020-04-20,0.021352
2020-04-21,0.021435
2020-04-22,0.019386
2020-04-23,0.020595
2020-04-24,0.020718
2020-04-27,0.020189
2020-04-28,0.021079
2020-04-29,0.020839
2020-04-30,0.020054
2020-05-06,0.007501
2020-05-07,0.007913
2020-05-08,0.007571
2020-05-11,0.007632
2020-05-12,0.007579
2020-05-13,0.007212
2020-05-14,0.007843
2020-05-15,0.00784
2020-05-18,0.00782
2020-05-19,0.007777
2020-05-20,0.007747
2020-05-21,0.007725
2020-05-22,0.007332
2020-05-25,0.007298
2020-05-26,0.007215
2020-05-27,0.006988
2020-05-28,0.00685
2020-05-29,0.0072
2020-06-01,0.0069
2020-06-02,0.006582
2020-06-03,0.006812
2020-06-04,0.006715
2020-06-05,0.006447
2020-06-08,0.006524
2020-06-09,0.00647
2020-06-10,0.006284
2020-06-11,0.006617
2020-06-12,0.006452
2020-06-15,0.006479
2020-06-16,0.006368
2020-06-17,0.006125
2020-06-18,0.006199
2020-06-19,0.006406
2020-06-22,0.006082
2020-06-23,0.005876
2020-06-24,0.006055
2020-06-29,0.005966
2020-06-30,0.006248
2020-07-01,0.006068
2020-07-02,0.005986
2020-07-03,0.005944
2020-07-06,0.00601
2020-07-07,0.006218
2020-07-08,0.006145
2020-07-09,0.006557
2020-07-10,0.007016
2020-07-13,0.006926
2020-07-14,0.007161
2020-07-15,0.007578
2020-07-16,0.007878
2020-07-17,0.007619
2020-07-20,0.007593
2020-07-21,0.007896
2020-07-22,0.008075
2020-07-23,0.008049
2020-07-24,0.008437
2020-07-27,0.00856
2020-07-28,0.008526
2020-07-29,0.008356
2020-07-30,0.00836
2020-07-31,0.007798
2020-08-03,0.008458
2020-08-04,0.008378
2020-08-05,0.008573
2020-08-06,0.008543
2020-08-07,0.008667
2020-08-10,0.008067
2020-08-11,0.008259
2020-08-12,0.008036
2020-08-13,0.008436
2020-08-14,0.008455
2020-08-17,0.008496
2020-08-18,0.008595
2020-08-19,0.008977
2020-08-20,0.008932
2020-08-21,0.008177
2020-08-24,0.008574
2020-08-25,0.008566
2020-08-26,0.008509
2020-08-27,0.008298
2020-08-28,0.008211
2020-08-31,0.008159
2020-09-01,0.008498
2020-09-02,0.00807
2020-09-03,0.008119
2020-09-04,0.008637
2020-09-07,0.008559
2020-09-08,0.008374
2020-09-09,0.008803
2020-09-10,0.008634
2020-09-11,0.008662
2020-09-14,0.008355
2020-09-15,0.008415
2020-09-16,0.008235
2020-09-17,0.007925
2020-09-18,0.00782
2020-09-21,0.008079
2020-09-22,0.008167
2020-09-23,0.008024
2020-09-24,0.0077
2020-09-25,0.00761
2020-09-28,0.00749
2020-09-29,0.007329
2020-09-30,0.00736
2020-10-09,0.007017
2020-10-12,0.007435
2020-10-13,0.007119
2020-10-14,0.006698
2020-10-15,0.007173
2020-10-16,0.006833
2020-10-19,0.006705
2020-10-20,0.006484
2020-10-21,0.005959
2020-10-22,0.006268
2020-10-23,0.005895
2020-10-26,0.005865
2020-10-27,0.005791
2020-10-28,0.006031
2020-10-29,0.006106
2020-10-30,0.005789
2020-11-02,0.005681
2020-11-03,0.006019
2020-11-04,0.005667
2020-11-05,0.005784
2020-11-06,0.005726
2020-11-09,0.005931
2020-11-10,0.006133
2020-11-11,0.006287
2020-11-12,0.006268
2020-11-13,0.006234
2020-11-16,0.006224
2020-11-17,0.006334
2020-11-18,0.006267
2020-11-19,0.00623
2020-11-20,0.006195
2020-11-23,0.006171
2020-11-24,0.006007
2020-11-25,0.005766
2020-11-26,0.005897
2020-11-27,0.006251
2020-11-30,0.005958
2020-12-01,0.006388
2020-12-02,0.00609
2020-12-03,0.006117
2020-12-04,0.006042
2020-12-07,0.006143
2020-12-08,0.005936
2020-12-09,0.00589
2020-12-10,0.00617
2020-12-11,0.006216
2020-12-14,0.00609
2020-12-15,0.005927
2020-12-16,0.005963
2020-12-17,0.00611
2020-12-18,0.005827
2020-12-21,0.006289
2020-12-22,0.006393
2020-12-23,0.006571
2020-12-24,0.006368
2020-12-25,0.006524
2020-12-28,0.006555
2020-12-29,0.006459
2020-12-30,0.006384
2020-12-31,0.006317
2021-01-04,0.006541
2021-01-05,0.006396
2021-01-06,0.006738
2021-01-07,0.006715
2021-01-08,0.00684
2021-01-11,0.006852
2021-01-12,0.007192
2021-01-13,0.006773
2021-01-14,0.007194
2021-01-15,0.006981
2021-01-18,0.007327
2021-01-19,0.007266
2021-01-20,0.007273
2021-01-21,0.006947
2021-01-22,0.007243
2021-01-25,0.00749
2021-01-26,0.00762
2021-01-27,0.007688
2021-01-28,0.007559
2021-01-29,0.007478
2021-02-01,0.007859
2021-02-02,0.007711
2021-02-03,0.007736
2021-02-04,0.007554
2021-02-05,0.007667
2021-02-08,0.008065
2021-02-09,0.007912
2021-02-10,0.007902
2021-02-18,0.008152
2021-02-19,0.007945
2021-02-22,0.008699
2021-02-23,0.008276
2021-02-24,0.008737
2021-02-25,0.00876
2021-02-26,0.008323
2021-03-01,0.008242
2021-03-02,0.008116
2021-03-03,0.008287
2021-03-04,0.00853
2021-03-05,0.008405
2021-03-08,0.008532
2021-03-09,0.008711
2021-03-10,0.008831
2021-03-11,0.009001
2021-03-12,0.009414
2021-03-15,0.009227
2021-03-16,0.00905
2021-03-17,0.009271
2021-03-18,0.009231
2021-03-19,0.009112
2021-03-22,0.008882
2021-03-23,0.009205
2021-03-24,0.008851
2021-03-25,0.009371
2021-03-26,0.008964
2021-03-29,0.009823
2021-03-30,0.009752
2021-03-31,0.010657
2021-04-01,0.010523
2021-04-02,0.009976
2021-04-06,0.009581
2021-04-07,0.009641
2021-04-08,0.010426
2021-04-09,0.009255
2021-04-12,0.009876
2021-04-13,0.009357
2021-04-14,0.009658
2021-04-15,0.009694
2021-04-16,0.009489
2021-04-19,0.009543
2021-04-20,0.009362
2021-04-21,0.009412
2021-04-22,0.009141
2021-04-23,0.009263
2021-04-26,0.009593
2021-04-27,0.009423
2021-04-28,0.009228
2021-04-29,0.009327
2021-04-30,0.009111
2021-05-06,0.008811
2021-05-07,0.00928
2021-05-10,0.009024
2021-05-11,0.009277
2021-05-12,0.009363
2021-05-13,0.009503
2021-05-14,0.009316
2021-05-17,0.009425
2021-05-18,0.00982
2021-05-19,0.009447
2021-05-20,0.009707
2021-05-21,0.00977
2021-05-24,0.009392
2021-05-25,0.008971
2021-05-26,0.008326
2021-05-27,0.008021
2021-05-28,0.008227
2021-05-31,0.007857
2021-06-01,0.007871
2021-06-02,0.007926
2021-06-03,0.007676
2021-06-04,0.007674
2021-06-07,0.007402
2021-06-08,0.007237
2021-06-09,0.007638
2021-06-10,0.00769
2021-06-11,0.00785
2021-06-15,0.007494
2021-06-16,0.007782
2021-06-17,0.007867
2021-06-18,0.007406
2021-06-21,0.007765
2021-06-22,0.00769
2021-06-23,0.007737
2021-06-24,0.007611
2021-06-25,0.007586
2021-06-28,0.007724
2021-06-29,0.00703
2021-06-30,0.007346
2021-07-01,0.007282
2021-07-02,0.006842
2021-07-05,0.007066
2021-07-06,0.007123
2021-07-07,0.007532
2021-07-08,0.007549
2021-07-09,0.007438
2021-07-12,0.00749
2021-07-13,0.00776
2021-07-14,0.007631
2021-07-15,0.007695
2021-07-16,0.007534
2021-07-19,0.007647
2021-07-20,0.007254
2021-07-21,0.007283
2021-07-22,0.007656
2021-07-23,0.008174
2021-07-26,0.008235
2021-07-27,0.008423
2021-07-28,0.008723
2021-07-29,0.008399
2021-07-30,0.00853
2021-08-02,0.008575
2021-08-03,0.008436
2021-08-04,0.00825
2021-08-05,0.008956
2021-08-06,0.008118
2021-08-09,0.007892
2021-08-10,0.00805
2021-08-11,0.0077
2021-08-12,0.008443
2021-08-13,0.008318
2021-08-16,0.008087
2021-08-17,0.008142
2021-08-18,0.008146
2021-08-19,0.007816
2021-08-20,0.007991
2021-08-23,0.007592
2021-08-24,0.008282
2021-08-25,0.008592
2021-08-26,0.007819
2021-08-27,0.008717
2021-08-30,0.009371
2021-08-31,0.009136
2021-09-01,0.009195
2021-09-02,0.009607
2021-09-03,0.009242
2021-09-06,0.009007
2021-09-07,0.009594
2021-09-08,0.008968
2021-09-09,0.008968
2021-09-10,0.009348
2021-09-13,0.009401
2021-09-14,0.009625
2021-09-15,0.009964
2021-09-16,0.010261
2021-09-17,0.010354
2021-09-22,0.010213
2021-09-23,0.009689
2021-09-24,0.011057
2021-09-27,0.011229
2021-09-28,0.011021
2021-09-29,0.011881
2021-09-30,0.012078
2021-10-08,0.011378
2021-10-11,0.011979
2021-10-12,0.011656
2021-10-13,0.011544
2021-10-14,0.011639
2021-10-15,0.011632
2021-10-18,0.011291
2021-10-19,0.011982
2021-10-20,0.012189
2021-10-21,0.012399
2021-10-22,0.011565
2021-10-25,0.012368
2021-10-26,0.01179
2021-10-27,0.012019
2021-10-28,0.011606
2021-10-29,0.011837
2021-11-01,0.011312
2021-11-02,0.011282
2021-11-03,0.01139
2021-11-04,0.011342
2021-11-05,0.011087
2021-11-08,0.011099
2021-11-09,0.011074
2021-11-10,0.011545
2021-11-11,0.011402
2021-11-12,0.011363
2021-11-15,0.010844
2021-11-16,0.010625
2021-11-17,0.010798
2021-11-18,0.011369
2021-11-19,0.010974
2021-11-22,0.011899
2021-11-23,0.011692
2021-11-24,0.010866
2021-11-25,0.011025
2021-11-26,0.011193
2021-11-29,0.010695
2021-11-30,0.011125
2021-12-01,0.011008
2021-12-02,0.010735
2021-12-03,0.010493
2021-12-06,0.011284
2021-12-07,0.011237
2021-12-08,0.010849
2021-12-09,0.010976
2021-12-10,0.011028
2021-12-13,0.010935
2021-12-14,0.010899
2021-12-15,0.011392
2021-12-16,0.011351
2021-12-17,0.010887
2021-12-20,0.010689
2021-12-21,0.010406
2021-12-22,0.009949
2021-12-23,0.010377
2021-12-24,0.010049
2021-12-27,0.010013
2021-12-28,0.009825
2021-12-29,0.009666
2021-12-30,0.008544
2021-12-31,0.008811
2022-01-04,0.008127
2022-01-05,0.008308
2022-01-06,0.008487
2022-01-07,0.008879
2022-01-10,0.008268
2022-01-11,0.008191
2022-01-12,0.00829
2022-01-13,0.008611
2022-01-14,0.008171
2022-01-17,0.007985
2022-01-18,0.008077
2022-01-19,0.007816
2022-01-20,0.007914
2022-01-21,0.007369
2022-01-24,0.007152
2022-01-25,0.007607
2022-01-26,0.007509
2022-01-27,0.007641
2022-01-28,0.007467
2022-02-07,0.007698
2022-02-08,0.007393
2022-02-09,0.008287
2022-02-10,0.008324
2022-02-11,0.007726
2022-02-14,0.00762
2022-02-15,0.007742
2022-02-16,0.00822
2022-02-17,0.007602
2022-02-18,0.007996
2022-02-21,0.007868
2022-02-22,0.007245
2022-02-23,0.007776
2022-02-24,0.007606
2022-02-25,0.008553
2022-02-28,0.008746
2022-03-01,0.007817
2022-03-02,0.008078
2022-03-03,0.00823
2022-03-04,0.007759
2022-03-07,0.008461
2022-03-08,0.008737
2022-03-09,0.008461
2022-03-10,0.008687
2022-03-11,0.008661
2022-03-14,0.008511
2022-03-15,0.008584
2022-03-16,0.008972
2022-03-17,0.008923
2022-03-18,0.008992
2022-03-21,0.009147
2022-03-22,0.008968
2022-03-23,0.008822
2022-03-24,0.008597
2022-03-25,0.008668
2022-03-28,0.008799
2022-03-29,0.009401
2022-03-30,0.00851
2022-03-31,0.009549
2022-04-01,0.00906
2022-04-06,0.009307
2022-04-07,0.009272
2022-04-08,0.00965
2022-04-11,0.010331
2022-04-12,0.010154
2022-04-13,0.009513
2022-04-14,0.009449
2022-04-15,0.008947
2022-04-18,0.009444
2022-04-19,0.00974
2022-04-20,0.009567
2022-04-21,0.009585
2022-04-22,0.009642
2022-04-25,0.009723
2022-04-26,0.009473
2022-04-27,0.010053
2022-04-28,0.009711
2022-04-29,0.009721
2022-05-05,0.009861
2022-05-06,0.009688
2022-05-09,0.009258
2022-05-10,0.009989
2022-05-11,0.009735
2022-05-12,0.009649
2022-05-13,0.009905
2022-05-16,0.009793
2022-05-17,0.009354
2022-05-18,0.009543
2022-05-19,0.009648
2022-05-20,0.009637
2022-05-23,0.009721
2022-05-24,0.009451
2022-05-25,0.010044
2022-05-26,0.010108
2022-05-27,0.009792
2022-05-30,0.010045
2022-05-31,0.010043
2022-06-01,0.009553
2022-06-02,0.009741
2022-06-06,0.009385
2022-06-07,0.009534
2022-06-08,0.010161
2022-06-09,0.009913
2022-06-10,0.010117
2022-06-13,0.009366
2022-06-14,0.009652
2022-06-15,0.009769
2022-06-16,0.009218
2022-06-17,0.009769
2022-06-20,0.009606
2022-06-21,0.009363
2022-06-22,0.009867
2022-06-23,0.00925
2022-06-24,0.009865
2022-06-27,0.009121
2022-06-28,0.009092
2022-06-29,0.009125
2022-06-30,0.009993
2022-07-01,0.009928
2022-07-04,0.009835
2022-07-05,0.009894
2022-07-06,0.009668
2022-07-07,0.009329
2022-07-08,0.009379
2022-07-11,0.00997
2022-07-12,0.009693
2022-07-13,0.009768
2022-07-14,0.009692
2022-07-15,0.009793
2022-07-18,0.010216
2022-07-19,0.009918
2022-07-20,0.009562
2022-07-21,0.009982
2022-07-22,0.009107
2022-07-25,0.009439
2022-07-26,0.008904
2022-07-27,0.008163
2022-07-28,0.007357
2022-07-29,0.007269
2022-08-01,0.007405
2022-08-02,0.007655
2022-08-03,0.007188
2022-08-04,0.007404
2022-08-05,0.007463
2022-08-08,0.007508
2022-08-09,0.007536
2022-08-10,0.007376
2022-08-11,0.007401
2022-08-12,0.007661
2022-08-15,0.0078
2022-08-16,0.007429
2022-08-17,0.007627
2022-08-18,0.007315
2022-08-19,0.007394
2022-08-22,0.00793
2022-08-23,0.007631
2022-08-24,0.007065
2022-08-25,0.007368
2022-08-26,0.007151
2022-08-29,0.007133
2022-08-30,0.007819
2022-08-31,0.00726
2022-09-01,0.007085
2022-09-02,0.007013
2022-09-05,0.007142
2022-09-06,0.007466
2022-09-07,0.007456
2022-09-08,0.007136
2022-09-09,0.007736
2022-09-13,0.007065
2022-09-14,0.007204
2022-09-15,0.007001
2022-09-16,0.007056
2022-09-19,0.007284
2022-09-20,0.007374
2022-09-21,0.007402
2022-09-22,0.007081
2022-09-23,0.006664
2022-09-26,0.006596
2022-09-27,0.006865
2022-09-28,0.006603
2022-09-29,0.006574
2022-09-30,0.006576
2022-10-10,0.006903
2022-10-11,0.006666
2022-10-12,0.007101
2022-10-13,0.006567
2022-10-14,0.006427
2022-10-17,0.006684
2022-10-18,0.006447
2022-10-19,0.006537
2022-10-20,0.006625
2022-10-21,0.006527
2022-10-24,0.006478
2022-10-25,0.006542
2022-10-26,0.006285
2022-10-27,0.006179
2022-10-28,0.006227
2022-10-31,0.006363
2022-11-01,0.006766
2022-11-02,0.006605
2022-11-03,0.006664
2022-11-04,0.006891
2022-11-07,0.006595
2022-11-08,0.006326
2022-11-09,0.00621
2022-11-10,0.006452
2022-11-11,0.006303
2022-11-14,0.006793
2022-11-15,0.006733
2022-11-16,0.00677
2022-11-17,0.006639
2022-11-18,0.006799
2022-11-21,0.006465
2022-11-22,0.006543
2022-11-23,0.006637
2022-11-24,0.006747
2022-11-25,0.00614
2022-11-28,0.006627
2022-11-29,0.006483
2022-11-30,0.006677
2022-12-01,0.006829
2022-12-02,0.007167
2022-12-05,0.006921
2022-12-06,0.006731
2022-12-07,0.006539
2022-12-08,0.006373
2022-12-09,0.006673
2022-12-12,0.006943
2022-12-13,0.006638
2022-12-14,0.006546
2022-12-15,0.006739
2022-12-16,0.006415
2022-12-19,0.006178
2022-12-20,0.006656
2022-12-21,0.006405
2022-12-22,0.006379
2022-12-23,0.0062
2022-12-26,0.006228
2022-12-27,0.005955
2022-12-28,0.006122
2022-12-29,0.00663
2022-12-30,0.006314
2023-01-03,0.006744
2023-01-04,0.006407
2023-01-05,0.006325
2023-01-06,0.006077
2023-01-09,0.006341
2023-01-10,0.006557
2023-01-11,0.006785
2023-01-12,0.006572
2023-01-13,0.006637
2023-01-16,0.006817
2023-01-17,0.006558
2023-01-18,0.006647
2023-01-19,0.006671
2023-01-20,0.006779
2023-01-30,0.006629
2023-01-31,0.006326
2023-02-01,0.006274
2023-02-02,0.005878
2023-02-03,0.005581
2023-02-06,0.005434
2023-02-07,0.00523
2023-02-08,0.00538
2023-02-09,0.0054
2023-02-10,0.005417
2023-02-13,0.005305
2023-02-14,0.005178
2023-02-15,0.005173
2023-02-16,0.005216
2023-02-17,0.00519
2023-02-20,0.005151
2023-02-21,0.00542
2023-02-22,0.005528
2023-02-23,0.005408
2023-02-24,0.004894
2023-02-27,0.005016
2023-02-28,0.005016
2023-03-01,0.005063
2023-03-02,0.00505
2023-03-03,0.005073
2023-03-06,0.005064
2023-03-07,0.0049
2023-03-08,0.004783
2023-03-09,0.005025
2023-03-10,0.005486
2023-03-13,0.005306
2023-03-14,0.005118
2023-03-15,0.004878
2023-03-16,0.005099
2023-03-17,0.005115
2023-03-20,0.005175
2023-03-21,0.005092
2023-03-22,0.005213
2023-03-23,0.005004
2023-03-24,0.00477
2023-03-27,0.00525
2023-03-28,0.004868
2023-03-29,0.005114
2023-03-30,0.004875
2023-03-31,0.004796
2023-04-03,0.004667
2023-04-04,0.004516
2023-04-06,0.004624
2023-04-07,0.004769
2023-04-10,0.004525
2023-04-11,0.004577
2023-04-12,0.004695
2023-04-13,0.004783
2023-04-14,0.004638
2023-04-17,0.004884
2023-04-18,0.004861
2023-04-19,0.004831
2023-04-20,0.00454
2023-04-21,0.004901
2023-04-24,0.004844
2023-04-25,0.004613
2023-04-26,0.004752
2023-04-27,0.004686
2023-04-28,0.004443
2023-05-04,0.004736
2023-05-05,0.004613
2023-05-08,0.00464
2023-05-09,0.004503
2023-05-10,0.004922
2023-05-11,0.004771
2023-05-12,0.005313
2023-05-15,0.005021
2023-05-16,0.005053
2023-05-17,0.004807
2023-05-18,0.00455
2023-05-19,0.004585
2023-05-22,0.004715
2023-05-23,0.004784
2023-05-24,0.004376
2023-05-25,0.004412
2023-05-26,0.004615
2023-05-29,0.00476
2023-05-30,0.004739
2023-05-31,0.004851
2023-06-01,0.004699
2023-06-02,0.004648
2023-06-05,0.00459
2023-06-06,0.004979
2023-06-07,0.004725
2023-06-08,0.004543
2023-06-09,0.004661
2023-06-12,0.004715
2023-06-13,0.004788
2023-06-14,0.004745
2023-06-15,0.005039
2023-06-16,0.004907
2023-06-19,0.004556
2023-06-20,0.004778
2023-06-21,0.004731
2023-06-26,0.004552
2023-06-27,0.004806
2023-06-28,0.004804
2023-06-29,0.004834
2023-06-30,0.00506
2023-07-03,0.004932
2023-07-04,0.005058
2023-07-05,0.005018
2023-07-06,0.00489
2023-07-07,0.004958
2023-07-10,0.004685
2023-07-11,0.004658
2023-07-12,0.004796
2023-07-13,0.004692
2023-07-14,0.00465
2023-07-17,0.004687
2023-07-18,0.004884
2023-07-19,0.004828
2023-07-20,0.004672
2023-07-21,0.004692
2023-07-24,0.004721
2023-07-25,0.004363
2023-07-26,0.004651
2023-07-27,0.004364
2023-07-28,0.004601
2023-07-31,0.004345
2023-08-01,0.004739
2023-08-02,0.004405
2023-08-03,0.004302
2023-08-04,0.0044
2023-08-07,0.004465
2023-08-08,0.004427
2023-08-09,0.004154
2023-08-10,0.004179
2023-08-11,0.004271
2023-08-14,0.004065
2023-08-15,0.00425
2023-08-16,0.00415
2023-08-17,0.004101
2023-08-18,0.004224
2023-08-21,0.004155
2023-08-22,0.003956
2023-08-23,0.004023
2023-08-24,0.004034
2023-08-25,0.003775
2023-08-28,0.003937
2023-08-29,0.004117
2023-08-30,0.003981
2023-08-31,0.003908
2023-09-01,0.004095
2023-09-04,0.004355
2023-09-05,0.004444
2023-09-06,0.004284
2023-09-07,0.004295
2023-09-08,0.004062
2023-09-11,0.004255
2023-09-12,0.004361
2023-09-13,0.004278
2023-09-14,0.004315
2023-09-15,0.004072
2023-09-18,0.004228
2023-09-19,0.004185
2023-09-20,0.00419
2023-09-21,0.004276
2023-09-22,0.004199
2023-09-25,0.004207
2023-09-26,0.004351
2023-09-27,0.004121
2023-09-28,0.004111
2023-10-09,0.004017
2023-10-10,0.004015
2023-10-11,0.004033
2023-10-12,0.004246
2023-10-13,0.004466
2023-10-16,0.004028
2023-10-17,0.004119
2023-10-18,0.004044
2023-10-19,0.00413
2023-10-20,0.004153
2023-10-23,0.004272
2023-10-24,0.004127
2023-10-25,0.004242
2023-10-26,0.004219
2023-10-27,0.004415
2023-10-30,0.004432
2023-10-31,0.004477
2023-11-01,0.004398
2023-11-02,0.004127
2023-11-03,0.004227
2023-11-06,0.004179
2023-11-07,0.004532
2023-11-08,0.004301
2023-11-09,0.004516
2023-11-10,0.004467
2023-11-13,0.004278
2023-11-14,0.004487
2023-11-15,0.004525
2023-11-16,0.004312
2023-11-17,0.004143
2023-11-20,0.004532
2023-11-21,0.004351
2023-11-22,0.004537
2023-11-23,0.004393
2023-11-24,0.004337
2023-11-27,0.00452
2023-11-28,0.004498
2023-11-29,0.004587
2023-11-30,0.004656
2023-12-01,0.004686
2023-12-04,0.00472
2023-12-05,0.004466
2023-12-06,0.004565
2023-12-07,0.0045
2023-12-08,0.004522
2023-12-11,0.004359
2023-12-12,0.004271
2023-12-13,0.004355
2023-12-14,0.004195
2023-12-15,0.004405
2023-12-18,0.004316
2023-12-19,0.004184
2023-12-20,0.004068
2023-12-21,0.004207
2023-12-22,0.004187
2023-12-25,0.004355
2023-12-26,0.004141
2023-12-27,0.004311
2023-12-28,0.005547
2023-12-29,0.004296
2024-01-02,0.004474
2024-01-03,0.004577
2024-01-04,0.004624
2024-01-05,0.00462
2024-01-08,0.00443
2024-01-09,0.004536
2024-01-10,0.004464
2024-01-11,0.004306
2024-01-12,0.004301
2024-01-15,0.004316
2024-01-16,0.004539
2024-01-17,0.004385
2024-01-18,0.004346
2024-01-19,0.004076
2024-01-22,0.004715
2024-01-23,0.004579
2024-01-24,0.004839
2024-01-25,0.004652
2024-01-26,0.004599
2024-01-29,0.004614
2024-01-30,0.004738
2024-01-31,0.004593
2024-02-01,0.004889
2024-02-02,0.004619
2024-02-05,0.004624
2024-02-06,0.00483
2024-02-07,0.004856
2024-02-08,0.004656
2024-02-19,0.004679
2024-02-20,0.004472
2024-02-21,0.004814
2024-02-22,0.005038
2024-02-23,0.005074
2024-02-26,0.005189
2024-02-27,0.005124
2024-02-28,0.005328
2024-02-29,0.005021
2024-03-01,0.005055
2024-03-04,0.005253
2024-03-05,0.005032
2024-03-06,0.00521
2024-03-07,0.004942
2024-03-08,0.004941
2024-03-11,0.005352
2024-03-12,0.005476
2024-03-13,0.005488
2024-03-14,0.005498
2024-03-15,0.005632
2024-03-18,0.005721
2024-03-19,0.005639
2024-03-20,0.005614
2024-03-21,0.005655
2024-03-22,0.00553
2024-03-25,0.005954
2024-03-26,0.005884
2024-03-27,0.006126
2024-03-28,0.00588
2024-03-29,0.00585
2024-04-01,0.005777
2024-04-02,0.005741
2024-04-03,0.005629
2024-04-08,0.005593
2024-04-09,0.005486
2024-04-10,0.005621
2024-04-11,0.005547
2024-04-12,0.005614
2024-04-15,0.005564
2024-04-16,0.00612
2024-04-17,0.005928
2024-04-18,0.005737
2024-04-19,0.005414
2024-04-22,0.005589
2024-04-23,0.005721
2024-04-24,0.006005
2024-04-25,0.005762
2024-04-26,0.005889
2024-04-29,0.005716
2024-04-30,0.005643
2024-05-06,0.005708
2024-05-07,0.0059
2024-05-08,0.005977
2024-05-09,0.006072
2024-05-10,0.005574
2024-05-13,0.005901
2024-05-14,0.005614
2024-05-15,0.005628
2024-05-16,0.005617
2024-05-17,0.005518
2024-05-20,0.005698
2024-05-21,0.005549
2024-05-22,0.005409
2024-05-23,0.005539
2024-05-24,0.005472
2024-05-27,0.005537
2024-05-28,0.005426
2024-05-29,0.005758
2024-05-30,0.005666
2024-05-31,0.005395
2024-06-03,0.005426
2024-06-04,0.005767
2024-06-05,0.005573
2024-06-06,0.005345
2024-06-07,0.005047
2024-06-11,0.00523
2024-06-12,0.005465
2024-06-13,0.005553
2024-06-14,0.005636
2024-06-17,0.005739
2024-06-18,0.005567
2024-06-19,0.005457
2024-06-20,0.005431
2024-06-21,0.005459
2024-06-24,0.005174
2024-06-25,0.005464
2024-06-26,0.005463
2024-06-27,0.005297
2024-06-28,0.005172
2024-07-01,0.005235
2024-07-02,0.005592
2024-07-03,0.005324
2024-07-04,0.005237
2024-07-05,0.005258
2024-07-08,0.005234
2024-07-09,0.00521
2024-07-10,0.005264
2024-07-11,0.005282
2024-07-12,0.005192
2024-07-15,0.005355
2024-07-16,0.005256
2024-07-17,0.005307
2024-07-18,0.005207
2024-07-19,0.005194
2024-07-22,0.005331
2024-07-23,0.005307
2024-07-24,0.005256
2024-07-25,0.004791
2024-07-26,0.004865
2024-07-29,0.004952
2024-07-30,0.005028
2024-07-31,0.005413
2024-08-01,0.005157
2024-08-02,0.005346
2024-08-05,0.00533
2024-08-06,0.005051
2024-08-07,0.00521
2024-08-08,0.005159
2024-08-09,0.005235
2024-08-12,0.005173
2024-08-13,0.005072
2024-08-14,0.005016
2024-08-15,0.004964
2024-08-16,0.004858
2024-08-19,0.004726
2024-08-20,0.005233
2024-08-21,0.004873
2024-08-22,0.004779
2024-08-23,0.004548
2024-08-26,0.004601
2024-08-27,0.004722
2024-08-28,0.00509
2024-08-29,0.005061
2024-08-30,0.004923
2024-09-02,0.004956
2024-09-03,0.004933
2024-09-04,0.005007
2024-09-05,0.005356
2024-09-06,0.004836
2024-09-09,0.004871
2024-09-10,0.004969
2024-09-11,0.005218
2024-09-12,0.005116
2024-09-13,0.005095
2024-09-18,0.005067
2024-09-19,0.004829
2024-09-20,0.004785
2024-09-23,0.005102
2024-09-24,0.004957
2024-09-25,0.005004
2024-09-26,0.005084
2024-09-27,0.005114
2024-09-30,0.00542
2024-10-08,0.005575
2024-10-09,0.006884
2024-10-10,0.006968
2024-10-11,0.007231
2024-10-14,0.007573
2024-10-15,0.007035
2024-10-16,0.006957
2024-10-17,0.007301
2024-10-18,0.007066
2024-10-21,0.007049
2024-10-22,0.006619
2024-10-23,0.007469
2024-10-24,0.007599
2024-10-25,0.007162
2024-10-28,0.007067
2024-10-29,0.008394
2024-10-30,0.007644
2024-10-31,0.008482
2024-11-01,0.007082
2024-11-04,0.00712
2024-11-05,0.007094
2024-11-06,0.007707
2024-11-07,0.00864
2024-11-08,0.008574
2024-11-11,0.008719
2024-11-12,0.008996
2024-11-13,0.008877
2024-11-14,0.008686
2024-11-15,0.008868
2024-11-18,0.008975
2024-11-19,0.008911
2024-11-20,0.008918
2024-11-21,0.008436
2024-11-22,0.00948
2024-11-25,0.009488
2024-11-26,0.009637
2024-11-27,0.008832
2024-11-28,0.00882
2024-11-29,0.009694
2024-12-02,0.009015
2024-12-03,0.009427
2024-12-04,0.009458
2024-12-05,0.00965
2024-12-06,0.011785
2024-12-09,0.010416
2024-12-10,0.010528
2024-12-11,0.010074
2024-12-12,0.01057
2024-12-13,0.011329
2024-12-16,0.010783
2024-12-17,0.011336
2024-12-18,0.0109
2024-12-19,0.011015
2024-12-20,0.010668
2024-12-23,0.009688
2024-12-24,0.010037
2024-12-25,0.009911
2024-12-26,0.010035
2024-12-27,0.009844
2024-12-30,0.009729
2024-12-31,0.008297
2025-01-02,0.009719
2025-01-03,0.008798
2025-01-06,0.008472
2025-01-07,0.006834
2025-01-08,0.006689
2025-01-09,0.006428
2025-01-10,0.006517
2025-01-13,0.006253
2025-01-14,0.006432
2025-01-15,0.006407
2025-01-16,0.006275
2025-01-17,0.006482
2025-01-20,0.006419
2025-01-21,0.006255
2025-01-22,0.006259
2025-01-23,0.006309
2025-01-24,0.006046
2025-01-27,0.005981
