date,quantile
2014-10-15,0.0115381725369371
2014-10-16,0.0105478847091338
2014-10-17,0.012916569342179
2014-10-20,0.0125650802815972
2014-10-21,0.0115964752419613
2014-10-22,0.0119933135661765
2014-10-23,0.0134592790937596
2014-10-24,0.0106128611133843
2014-10-27,0.0101382289893959
2014-10-28,0.00983774639027881
2014-10-29,0.0105260157428485
2014-10-30,0.0140071085097189
2014-10-31,0.0128273677220316
2014-11-03,0.0109702814310077
2014-11-04,0.00994562893505023
2014-11-05,0.0100376098287131
2014-11-06,0.0105243052132142
2014-11-07,0.0146017483195307
2014-11-10,0.0103718299036828
2014-11-11,0.0116444620477881
2014-11-12,0.0148360253832926
2014-11-13,0.0126511260016634
2014-11-14,0.0118979346521916
2014-11-17,0.0122513910584809
2014-11-18,0.0160720654735674
2014-11-19,0.0112330045701783
2014-11-20,0.0114878262865969
2014-11-21,0.0106926597620021
2014-11-24,0.0110827151558376
2014-11-25,0.0119531278551255
2014-11-26,0.0124890049874509
2014-11-27,0.0102775123604036
2014-11-28,0.0117494027133656
2014-12-01,0.0111179191984254
2014-12-02,0.0116184058223427
2014-12-03,0.0120154531852354
2014-12-04,0.0125346025740994
2014-12-05,0.0149695397687303
2014-12-08,0.0126424079161403
2014-12-09,0.0116519796839583
2014-12-10,0.0127536404526591
2014-12-11,0.0110477947474714
2014-12-12,0.0106652575490923
2014-12-15,0.0109602608867402
2014-12-16,0.0133176658853652
2014-12-17,0.0121443226309203
2014-12-18,0.0145229138211385
2014-12-19,0.012352290578561
2014-12-22,0.0125756507544746
2014-12-23,0.00985944288955684
2014-12-24,0.0128341695249649
2014-12-25,0.0111316960170124
2014-12-26,0.011264207418677
2014-12-29,0.0122895476740922
2014-12-30,0.013028712783991
2014-12-31,0.0128025996484549
2015-01-05,0.0137760959079963
2015-01-06,0.0138216847439643
2015-01-07,0.0167306521358317
2015-01-08,0.0147428437708307
2015-01-09,0.0143725628006211
2015-01-12,0.0146982827715253
2015-01-13,0.0140296896001545
2015-01-14,0.0142901645483863
2015-01-15,0.0141652305071582
2015-01-16,0.015941206407404
2015-01-19,0.0184564155799946
2015-01-20,0.0174377177833329
2015-01-21,0.0166998805277066
2015-01-22,0.0203135121453821
2015-01-23,0.018706067730812
2015-01-26,0.0175668850851322
2015-01-27,0.0200624020614314
2015-01-28,0.0191716006571542
2015-01-29,0.0203294591260088
2015-01-30,0.0183615249181709
2015-02-02,0.0181683421399472
2015-02-03,0.0172159796733322
2015-02-04,0.0180403148793653
2015-02-05,0.0186735415300776
2015-02-06,0.0216671103705908
2015-02-09,0.0177963654844381
2015-02-10,0.0201770622812834
2015-02-11,0.0190800971019378
2015-02-12,0.0164959608532905
2015-02-13,0.0415888626507188
2015-02-16,0.019441113332522
2015-02-17,0.0199088495564481
2015-02-25,0.0180103345812904
2015-02-26,0.0185921976335319
2015-02-27,0.0203996308496684
2015-03-02,0.0178415649464344
2015-03-03,0.0201510654543429
2015-03-04,0.0210636374425563
2015-03-05,0.0224977499976018
2015-03-06,0.0175985492746885
2015-03-09,0.0203460244077629
2015-03-10,0.0216378468351704
2015-03-11,0.0210780283530523
2015-03-12,0.0224394810186195
2015-03-13,0.022534758911832
2015-03-16,0.0227580633720828
2015-03-17,0.0186445335894836
2015-03-18,0.0185837764743877
2015-03-19,0.0168109201467917
2015-03-20,0.0194067158908022
2015-03-23,0.0163944906075234
2015-03-24,0.0184541218262296
2015-03-25,0.0177963736992513
2015-03-26,0.0167609516118212
2015-03-27,0.0170292712649795
2015-03-30,0.0171854380159905
2015-03-31,0.0171481876652438
2015-04-01,0.0146925097476692
2015-04-02,0.0137721573553826
2015-04-03,0.0196399318334751
2015-04-07,0.015967780205828
2015-04-08,0.0175482319500512
2015-04-09,0.0183324634544461
2015-04-10,0.015903719374522
2015-04-13,0.0157792314862781
2015-04-14,0.0137411925264452
2015-04-15,0.0164960681304525
2015-04-16,0.0186017658482633
2015-04-17,0.0144191732422717
2015-04-20,0.0196419209454307
2015-04-21,0.0180323070236549
2015-04-22,0.0188056084921196
2015-04-23,0.0174076229774985
2015-04-24,0.014086672964578
2015-04-27,0.0146861723096831
2015-04-28,0.0147255333247069
2015-04-29,0.0147777141633742
2015-04-30,0.0152273168385267
2015-05-04,0.0160040517726984
2015-05-05,0.0139617705043737
2015-05-06,0.0139639356523944
2015-05-07,0.0133693196232908
2015-05-08,0.0166652403137859
2015-05-11,0.018893039444581
2015-05-12,0.0200987137590582
2015-05-13,0.0197059604771028
2015-05-14,0.0178420552828963
2015-05-15,0.0178522439940074
2015-05-18,0.0183999407958832
2015-05-19,0.0209571174745737
2015-05-20,0.0219836184181844
2015-05-21,0.0972012956081687
2015-05-22,0.0703279993195158
2015-05-25,0.022822489539212
2015-05-26,0.0228551959897918
2015-05-27,0.0275765535323397
2015-05-28,0.0465584932796367
2015-05-29,0.0249268826221228
2015-06-01,0.0201144666113956
2015-06-02,0.023466644312639
2015-06-03,0.0221005451659241
2015-06-04,0.0210149317194622
2015-06-05,0.0284085692125747
2015-06-08,0.0238603701517873
2015-06-09,0.0237252696383511
2015-06-10,0.023456780471001
2015-06-11,0.0261674661120475
2015-06-12,0.0249952346592997
2015-06-15,0.0269271830422478
2015-06-16,0.02488588232383
2015-06-17,0.0280243659098042
2015-06-18,0.0311225180995884
2015-06-19,0.0263384372897204
2015-06-23,0.0247680573633737
2015-06-24,0.0271874555057162
2015-06-25,0.0269123884310609
2015-06-26,0.0281877036937253
2015-06-29,0.0295411753954082
2015-06-30,0.0315279394951232
2015-07-01,0.0332724371026476
2015-07-02,0.0303802872756539
2015-07-03,0.0290761433559625
2015-07-06,0.0306634478509727
2015-07-07,0.0321691309727975
2015-07-08,0.0313939288436721
2015-07-09,0.0442620494055299
2015-07-10,0.0446496637450252
2015-07-13,0.0515686181583398
2015-07-14,0.0492634241820442
2015-07-15,0.0420247360337511
2015-07-16,0.0372687952026231
2015-07-17,0.0405397895194035
2015-07-20,0.0487672025135236
2015-07-21,0.0475902049365396
2015-07-22,0.0468543273278039
2015-07-23,0.0454651095275883
2015-07-24,0.0448469700431861
2015-07-27,0.0437025616074445
2015-07-28,0.0454602574375296
2015-07-29,0.0507259574760436
2015-07-30,0.050575551808456
2015-07-31,0.0497410813253152
2015-08-03,0.0497167078042087
2015-08-04,0.0485379743395231
2015-08-05,0.0475041229577157
2015-08-06,0.0539855043097853
2015-08-07,0.0550610716966315
2015-08-10,0.0546261146352088
2015-08-11,0.0564093692561381
2015-08-12,0.0474045323934177
2015-08-13,0.04463678483002
2015-08-14,0.0583700271871256
2015-08-17,0.0795886665828295
2015-08-18,0.0461654904133702
2015-08-19,0.0418269663783552
2015-08-20,0.0386418807684457
2015-08-21,0.0488394643668167
2015-08-24,0.0445432592487207
2015-08-25,0.0463137759576203
2015-08-26,0.0440059081492677
2015-08-27,0.0490396668867013
2015-08-28,0.0490098566642087
2015-08-31,0.0489962542990828
2015-09-01,0.039760434763709
2015-09-02,0.0473539425635465
2015-09-07,0.0398156987488056
2015-09-08,0.13869758
2015-09-09,0.18705502995921
2015-09-10,0.0453578439549896
2015-09-11,0.0452747991960823
2015-09-14,0.0511339299717349
2015-09-15,0.0484447687315684
2015-09-16,0.0490772368468886
2015-09-17,0.048739468441687
2015-09-18,0.0452492553107493
2015-09-21,0.0541777438685371
2015-09-22,0.0536143087786615
2015-09-23,0.0538740023189611
2015-09-24,0.0495790733928453
2015-09-25,0.0541431431803167
2015-09-28,0.0541446531115891
2015-09-29,0.0448513350733393
2015-09-30,0.0532681768508687
2015-10-08,0.0544506922231368
2015-10-09,0.0499533373014078
2015-10-12,0.0406622951405242
2015-10-13,0.0400978058730723
2015-10-14,0.0485051686234187
2015-10-15,0.0479553350253545
2015-10-16,0.0516702017681337
2015-10-19,0.0509402920283719
2015-10-20,0.0534876057126732
2015-10-21,0.0550461365252525
2015-10-22,0.0544533990857094
2015-10-23,0.0525155637200371
2015-10-26,0.0547622012758773
2015-10-27,0.0523275225500682
2015-10-28,0.0545296059278683
2015-10-29,0.0553313647265062
2015-10-30,0.0518231994709302
2015-11-02,0.0615515018724201
2015-11-03,0.0606869451549702
2015-11-04,0.0594486306521047
2015-11-05,0.0591946581674437
2015-11-06,0.0508187388564231
2015-11-09,0.0493812707798881
2015-11-10,0.0515026153959499
2015-11-11,0.0515970971814371
2015-11-12,0.0453508186767828
2015-11-13,0.0447632648585972
2015-11-16,0.0435719473779191
2015-11-17,0.0440102709067734
2015-11-18,0.0411921308535763
2015-11-19,0.0426396310309476
2015-11-20,0.0433511633528343
2015-11-23,0.0406713563464202
2015-11-24,0.0400982514845182
2015-11-25,0.0427281380241313
2015-11-26,0.0395517296860418
2015-11-27,0.0378741948726032
2015-11-30,0.042022920185012
2015-12-01,0.0258262809007047
2015-12-02,0.0315930889460528
2015-12-03,0.0275770267813101
2015-12-04,0.0391824650662968
2015-12-07,0.0405897418401733
2015-12-08,0.0359423183517061
2015-12-09,0.023582268742994
2015-12-10,0.0331169001034145
2015-12-11,0.0311459995301852
2015-12-14,0.0340834422356343
2015-12-15,0.0364258973978753
2015-12-16,0.0268519662052081
2015-12-17,0.0305961257080084
2015-12-18,0.0294741182387131
2015-12-21,0.0256745920393746
2015-12-22,0.0244787055463484
2015-12-23,0.0258891617661549
2015-12-24,0.0218975417254845
2015-12-25,0.0237710643931219
2015-12-28,0.0238142435227285
2015-12-29,0.024454283349619
2015-12-30,0.0533971364159251
2015-12-31,0.0287864460755427
2016-01-04,0.0414296922745295
2016-01-05,0.0344075223633288
2016-01-06,0.0314854506314449
2016-01-07,0.0393277913311739
2016-01-08,0.042045948752101
2016-01-11,0.0416329391845725
2016-01-12,0.04365399555099
2016-01-13,0.040479268232542
2016-01-14,0.0413562357649713
2016-01-15,0.0395016334771507
2016-01-18,0.04400550170454
2016-01-19,0.0403066785659564
2016-01-20,0.0380554968283529
2016-01-21,0.0346122920481338
2016-01-22,0.0358363132481492
2016-01-25,0.0350739801916876
2016-01-26,0.0324940303053499
2016-01-27,0.0314695896582426
2016-01-28,0.0249738647550293
2016-01-29,0.0302300200389166
2016-02-01,0.0411211414559256
2016-02-02,0.0370461905920907
2016-02-03,0.0386658984902757
2016-02-04,0.0372231051963007
2016-02-05,0.0356289870698707
2016-02-15,0.035651227109785
2016-02-16,0.036860176770825
2016-02-17,0.0366199066380448
2016-02-18,0.0374032945121127
2016-02-19,0.0378578361960982
2016-02-22,0.0404645536059023
2016-02-23,0.0329617159234705
2016-02-24,0.0369619734712147
2016-02-25,0.0278240130767278
2016-02-26,0.0326613865026163
2016-02-29,0.0313360076275101
2016-03-01,0.0308837941805339
2016-03-02,0.0442793141660393
2016-03-03,0.0353345192460789
2016-03-04,0.0259599399636254
2016-03-07,0.0319145478041947
2016-03-08,0.035505990812314
2016-03-09,0.0227750055028218
2016-03-10,0.0327200379400926
2016-03-11,0.0302739636694079
2016-03-14,0.0245310370011287
2016-03-15,0.0276381265186477
2016-03-16,0.0275438824759824
2016-03-17,0.0335053239058758
2016-03-18,0.0351845163367275
2016-03-21,0.0340136306770178
2016-03-22,0.0264794133398828
2016-03-23,0.0431074003790187
2016-03-24,0.0255429033155573
2016-03-25,0.0261156424971122
2016-03-28,0.0416241345433745
2016-03-29,0.0333897683506971
2016-03-30,0.0420954340160962
2016-03-31,0.0415308006083434
2016-04-01,0.039828156597241
2016-04-05,0.0453857921161655
2016-04-06,0.0393539033455997
2016-04-07,0.0454234155829185
2016-04-08,0.0256636517149955
2016-04-11,0.0297990597388824
2016-04-12,0.0311914607841118
2016-04-13,0.0241740715186356
2016-04-14,0.0285982578290734
2016-04-15,0.0243173810978612
2016-04-18,0.0187318731663703
2016-04-19,0.0230235529368282
2016-04-20,0.0217633778005477
2016-04-21,0.0206222206406297
2016-04-22,0.0299948891924806
2016-04-25,0.0264292343052608
2016-04-26,0.0250243134067413
2016-04-27,0.0244238585450171
2016-04-28,0.0232270932771681
2016-04-29,0.0303934630387355
2016-05-03,0.0262634997426978
2016-05-04,0.0232027788975764
2016-05-05,0.0264169075957127
2016-05-06,0.0299464304312009
2016-05-09,0.0367372727220802
2016-05-10,0.0189209433800415
2016-05-11,0.01987357934828
2016-05-12,0.0200927419562856
2016-05-13,0.0210031951094999
2016-05-16,0.0477467693074778
2016-05-17,0.0285282014189911
2016-05-18,0.0251451060668352
2016-05-19,0.0295392437361983
2016-05-20,0.022919834085766
2016-05-23,0.0226852167978656
2016-05-24,0.0193363711887383
2016-05-25,0.0215175180907315
2016-05-26,0.0120299920761054
2016-05-27,0.0124165810047456
2016-05-30,0.0125978316017164
2016-05-31,0.0103616791870458
2016-06-01,0.0098024943595828
2016-06-02,0.00905245634887846
2016-06-03,0.0113228575983557
2016-06-06,0.0100331074884067
2016-06-07,0.0101247669888613
2016-06-08,0.0102806634389983
2016-06-13,0.0097918677439448
2016-06-14,0.0149342810239412
2016-06-15,0.0138415039646197
2016-06-16,0.00967782297224493
2016-06-17,0.00978699566575849
2016-06-20,0.010928967940364
2016-06-21,0.0094241725433264
2016-06-22,0.00905433608771929
2016-06-23,0.00959354628122029
2016-06-24,0.00957655086758998
2016-06-27,0.0116313462937244
2016-06-28,0.0116819914919347
2016-06-29,0.0105651408617923
2016-06-30,0.00972233186735522
2016-07-01,0.014608157432123
2016-07-04,0.00971278445622314
2016-07-05,0.0144339025269489
2016-07-06,0.0119902408731434
2016-07-07,0.0141455480301916
2016-07-08,0.0131379101769182
2016-07-11,0.00939784342651635
2016-07-12,0.0120310182784856
2016-07-13,0.0106181833478598
2016-07-14,0.0115851303783649
2016-07-15,0.0113850618568273
2016-07-18,0.0119235200662329
2016-07-19,0.010522082661887
2016-07-20,0.010363003151644
2016-07-21,0.0137001115019674
2016-07-22,0.012678367490869
2016-07-25,0.0118928859097236
2016-07-26,0.012636739463745
2016-07-27,0.0135565782415139
2016-07-28,0.0102724064578121
2016-07-29,0.0127411029251052
2016-08-01,0.0112729987790691
2016-08-02,0.0122388881532126
2016-08-03,0.0121940103794901
2016-08-04,0.0122041404651529
2016-08-05,0.0116323576767464
2016-08-08,0.00990149608857918
2016-08-09,0.00928482604900247
2016-08-10,0.0110899926219045
2016-08-11,0.00932796407462779
2016-08-12,0.00925201521215152
2016-08-15,0.00996217072937547
2016-08-16,0.00952054014111487
2016-08-17,0.00963278538162412
2016-08-18,0.00851055980131291
2016-08-19,0.00893911580061104
2016-08-22,0.00985654250684726
2016-08-23,0.0101360452697464
2016-08-24,0.0107594010476247
2016-08-25,0.0103593701704825
2016-08-26,0.0102830212605161
2016-08-29,0.00991849984387072
2016-08-30,0.00872472367288236
2016-08-31,0.00841947979728064
2016-09-01,0.00929258056547878
2016-09-02,0.0300759018560464
2016-09-05,0.0507148168210775
2016-09-06,0.0278853712254593
2016-09-07,0.0122280163107434
2016-09-08,0.0123122643084338
2016-09-09,0.012174964847295
2016-09-12,0.00950889140584927
2016-09-13,0.0102638377727039
2016-09-14,0.00857870201592571
2016-09-19,0.00898848860891924
2016-09-20,0.00840001217134948
2016-09-21,0.00885785214580107
2016-09-22,0.0125449482314421
2016-09-23,0.00904540243317122
2016-09-26,0.0134257611044306
2016-09-27,0.00880111482856121
2016-09-28,0.0139480107889528
2016-09-29,0.0126698991592261
2016-09-30,0.008967329748816
2016-10-10,0.00810071459103657
2016-10-11,0.0107686775822445
2016-10-12,0.00786965241420906
2016-10-13,0.0204035414486965
2016-10-14,0.00914223423607509
2016-10-17,0.00918951711345672
2016-10-18,0.00956174939698089
2016-10-19,0.00891636830825299
2016-10-20,0.00943797243975163
2016-10-21,0.00823369752921469
2016-10-24,0.00857394791322091
2016-10-25,0.00858127434017686
2016-10-26,0.00914120105518933
2016-10-27,0.00900294691552058
2016-10-28,0.00773677657816911
2016-10-31,0.00802511050095355
2016-11-01,0.00788110132029979
2016-11-02,0.00693824846403085
2016-11-03,0.00925562558987263
2016-11-04,0.00738943090525082
2016-11-07,0.00725721184774667
2016-11-08,0.00745195636755323
2016-11-09,0.00710874583441532
2016-11-10,0.00732487152174376
2016-11-11,0.00736610077057698
2016-11-14,0.00839592802658404
2016-11-15,0.00744641967525213
2016-11-16,0.00831716827980315
2016-11-17,0.00852449313082586
2016-11-18,0.0067101175265156
2016-11-21,0.00531244407470087
2016-11-22,0.00742410512484898
2016-11-23,0.00712331924812691
2016-11-24,0.00850680539233657
2016-11-25,0.00795231283278668
2016-11-28,0.00831141779141256
2016-11-29,0.00840381229033033
2016-11-30,0.00890004689058747
2016-12-01,0.00967083779077637
2016-12-02,0.00773895366355666
2016-12-05,0.00814502327682273
2016-12-06,0.00905826018150727
2016-12-07,0.0108543099289094
2016-12-08,0.0083587373630785
2016-12-09,0.00866135750708011
2016-12-12,0.0105466024593144
2016-12-13,0.00938220403950595
2016-12-14,0.0102553081261941
2016-12-15,0.0115267672100837
2016-12-16,0.0113804925697959
2016-12-19,0.00951323612023124
2016-12-20,0.0299223020290001
2016-12-21,0.0304942004244269
2016-12-22,0.00894551900941001
2016-12-23,0.00896877453476475
2016-12-26,0.00736693494205034
2016-12-27,0.00876671744773436
2016-12-28,0.0102319688852601
2016-12-29,0.00717386237724129
2016-12-30,0.00829917661609374
2017-01-03,0.0106172381135078
2017-01-04,0.0136980073758812
2017-01-05,0.00659207923221312
2017-01-06,0.00769667106549086
2017-01-09,0.00837495540147493
2017-01-10,0.00850549019777171
2017-01-11,0.00850131584451483
2017-01-12,0.00857906710854922
2017-01-13,0.00918810338460864
2017-01-16,0.00654517159808291
2017-01-17,0.00711111795850431
2017-01-18,0.00638473244901494
2017-01-19,0.00699263329315179
2017-01-20,0.00681946704486141
2017-01-23,0.00814280150590412
2017-01-24,0.00618058671419294
2017-01-25,0.0067321807318961
2017-01-26,0.00738748247021493
2017-02-03,0.00751443537876655
2017-02-06,0.00708245172631577
2017-02-07,0.00804987708054402
2017-02-08,0.0080810202569912
2017-02-09,0.00911509638706885
2017-02-10,0.00829537670632511
2017-02-13,0.00758047692697288
2017-02-14,0.00814126411197094
2017-02-15,0.00735600109060811
2017-02-16,0.00698608037611425
2017-02-17,0.00804403978183122
2017-02-20,0.00711697429559318
2017-02-21,0.00961301557126989
2017-02-22,0.0079137846425456
2017-02-23,0.00749691726465091
2017-02-24,0.0080425007125736
2017-02-27,0.00980998948579705
2017-02-28,0.0093435860978913
2017-03-01,0.00960486589556428
2017-03-02,0.00828910135470356
2017-03-03,0.00657461546197503
2017-03-06,0.00731248015387711
2017-03-07,0.00694990285277462
2017-03-08,0.0085777331897391
2017-03-09,0.00850005907358926
2017-03-10,0.00716639461011923
2017-03-13,0.0087447413366552
2017-03-14,0.00717673390161229
2017-03-15,0.0066831125185692
2017-03-16,0.00711442955951411
2017-03-17,0.00568548645645909
2017-03-20,0.00621275540875652
2017-03-21,0.00645592390717887
2017-03-22,0.00655097456232152
2017-03-23,0.00563223403788165
2017-03-24,0.00639652510898098
2017-03-27,0.00709520252206631
2017-03-28,0.00754372047713637
2017-03-29,0.00704456372975674
2017-03-30,0.00817305210180493
2017-03-31,0.00649528880970182
2017-04-05,0.00593899784011177
2017-04-06,0.00680244572234011
2017-04-07,0.0081165344181208
2017-04-10,0.019767327457401
2017-04-11,0.00840527130353329
2017-04-12,0.0114786505802919
2017-04-13,0.00921949958516094
2017-04-14,0.00800315424136742
2017-04-17,0.0124466546455157
2017-04-18,0.013373876910208
2017-04-19,0.00615679582147029
2017-04-20,0.00673397516213629
2017-04-21,0.00678168216676723
2017-04-24,0.00670076920474414
2017-04-25,0.00947418551964879
2017-04-26,0.00912282789008349
2017-04-27,0.00972524369179674
2017-04-28,0.0083116767124657
2017-05-02,0.0100018823064122
2017-05-03,0.0283047853991801
2017-05-04,0.0111876680834597
2017-05-05,0.0165570266908984
2017-05-08,0.00843109341362541
2017-05-09,0.00644438123433874
2017-05-10,0.0077366999680975
2017-05-11,0.00683004684077686
2017-05-12,0.00701208540291702
2017-05-15,0.00684523199532486
2017-05-16,0.00711041508471805
2017-05-17,0.00767062118909641
2017-05-18,0.00782331446168406
2017-05-19,0.00711512299920526
2017-05-22,0.00854094625192982
2017-05-23,0.00617772684837388
2017-05-24,0.0088515407424347
2017-05-25,0.00960718175487044
2017-05-26,0.0065281002936268
2017-05-31,0.00633863491828806
2017-06-01,0.00666490634696639
2017-06-02,0.00685924361219158
2017-06-05,0.00652277149126009
2017-06-06,0.0075867302927695
2017-06-07,0.00829131750695017
2017-06-08,0.00663705489551294
2017-06-09,0.00673432819613793
2017-06-12,0.00917422724847251
2017-06-13,0.0102770734192654
2017-06-14,0.00972426204247176
2017-06-15,0.0096679096701713
2017-06-16,0.00769859964223091
2017-06-19,0.00814470099693317
2017-06-20,0.00735151541451302
2017-06-21,0.00731654210728783
2017-06-22,0.00669658938142279
2017-06-23,0.0067215242162231
2017-06-26,0.00753560449262528
2017-06-27,0.00870047680554452
2017-06-28,0.00846116628896837
2017-06-29,0.00823169692507789
2017-06-30,0.00756255112900141
2017-07-03,0.00765400275673619
2017-07-04,0.007999516087035
2017-07-05,0.00877595264011747
2017-07-06,0.00827954763920359
2017-07-07,0.00803320074301099
2017-07-10,0.0100208357848874
2017-07-11,0.0106645002879332
2017-07-12,0.00971631843138114
2017-07-13,0.00795245544650462
2017-07-14,0.00854534112708372
2017-07-17,0.00805813049116071
2017-07-18,0.00675050237353409
2017-07-19,0.00881027838097258
2017-07-20,0.0078639620388048
2017-07-21,0.00943481270531923
2017-07-24,0.00811876112988097
2017-07-25,0.00838049797065469
2017-07-26,0.00786868113772016
2017-07-27,0.00689087075261919
2017-07-28,0.00770296495074121
2017-07-31,0.00767713754288846
2017-08-01,0.00770443320787017
2017-08-02,0.00771610421651958
2017-08-03,0.00797648053140409
2017-08-04,0.00762330643486706
2017-08-07,0.00694997753811768
2017-08-08,0.00740629715799141
2017-08-09,0.00932047951590572
2017-08-10,0.00847750093794392
2017-08-11,0.00865592434285907
2017-08-14,0.00854584345509072
2017-08-15,0.00793252363675487
2017-08-16,0.00894642075706539
2017-08-17,0.00843357353132033
2017-08-18,0.0108209188065468
2017-08-21,0.0105579027008647
2017-08-22,0.00886654301334807
2017-08-23,0.00837293382435881
2017-08-24,0.00842703241691988
2017-08-25,0.00822666728531892
2017-08-28,0.00864091372313849
2017-08-29,0.00804204629479238
2017-08-30,0.00826132536074087
2017-08-31,0.00782576792691767
2017-09-01,0.00847954584308452
2017-09-04,0.00821507419809654
2017-09-05,0.00832690599880132
2017-09-06,0.0106905619722166
2017-09-07,0.0109301962789548
2017-09-08,0.0101113266821217
2017-09-11,0.0089211679192974
2017-09-12,0.00806628640882554
2017-09-13,0.00845886681548524
2017-09-14,0.00811970765178856
2017-09-15,0.00884995781883762
2017-09-18,0.00857031624262776
2017-09-19,0.00858185757820112
2017-09-20,0.00955598958971237
2017-09-21,0.00843213622761341
2017-09-22,0.00802258358822462
2017-09-25,0.00911166387584173
2017-09-26,0.00927458085395548
2017-09-27,0.00790558220340157
2017-09-28,0.00825316169806613
2017-09-29,0.00746550123314683
2017-10-09,0.0090656489106162
2017-10-10,0.00652945389213236
2017-10-11,0.00980742428817572
2017-10-12,0.00756801048378143
2017-10-13,0.00870192140022118
2017-10-16,0.00970028374561724
2017-10-17,0.00968905014295923
2017-10-18,0.00844344584502389
2017-10-19,0.00805269651387693
2017-10-20,0.0077947061483528
2017-10-23,0.00710937817890063
2017-10-24,0.00660754147902324
2017-10-25,0.0074119732193648
2017-10-26,0.00731718819285517
2017-10-27,0.00743770846401483
2017-10-30,0.00763220954406247
2017-10-31,0.0079897016519446
2017-11-01,0.00744252852916184
2017-11-02,0.0078862772443796
2017-11-03,0.0070377763546662
2017-11-06,0.00697668857144106
2017-11-07,0.00805532763692018
2017-11-08,0.00920271401488492
2017-11-09,0.00872010316343338
2017-11-10,0.00802634868033912
2017-11-13,0.00780880309966897
2017-11-14,0.0095777714178664
2017-11-15,0.00828639480533261
2017-11-16,0.0075357977527628
2017-11-17,0.0102219208725865
2017-11-20,0.0086771940166686
2017-11-21,0.0103474205227017
2017-11-22,0.00884869107239553
2017-11-23,0.0125852005475642
2017-11-24,0.0118842478478932
2017-11-27,0.0117020425943696
2017-11-28,0.0125633754743489
2017-11-29,0.0111702201944227
2017-11-30,0.012886563841036
2017-12-01,0.0777206443205
2017-12-04,0.0125532349118841
2017-12-05,0.012251971784982
2017-12-06,0.0133058372440405
2017-12-07,0.0123701461913868
2017-12-08,0.01289137161574
2017-12-11,0.0129470708783637
2017-12-12,0.0133596620797571
2017-12-13,0.0150935879137243
2017-12-14,0.0193347520372116
2017-12-15,0.0173345427210562
2017-12-18,0.0158439903428383
2017-12-19,0.0157862727096407
2017-12-20,0.0142495642187844
2017-12-21,0.0136830758967321
2017-12-22,0.0135567430785319
2017-12-25,0.0147171640978539
2017-12-26,0.0130196357946747
2017-12-27,0.0150694976131866
2017-12-28,0.0133153481888179
2017-12-29,0.0138212597800551
2018-01-02,0.0125882108221326
2018-01-03,0.016688656484536
2018-01-04,0.0162332597311872
2018-01-05,0.0157126475276331
2018-01-08,0.0128699161039674
2018-01-09,0.0139241396766092
2018-01-10,0.0123619969732452
2018-01-11,0.0167469365486261
2018-01-12,0.0161222229395866
2018-01-15,0.0133746445835237
2018-01-16,0.0115371829697381
2018-01-17,0.0108924719710256
2018-01-18,0.0148148031241572
2018-01-19,0.0113312728995871
2018-01-22,0.0114234138289461
2018-01-23,0.0120147340745045
2018-01-24,0.0122067637180493
2018-01-25,0.0108126053934841
2018-01-26,0.0113293007245993
2018-01-29,0.0142211201122594
2018-01-30,0.0161322247381313
2018-01-31,0.0165014790642806
2018-02-01,0.0150255720068254
2018-02-02,0.0157759081013501
2018-02-05,0.0133892846522039
2018-02-06,0.0119137590413088
2018-02-07,0.00980938271919506
2018-02-08,0.0134619940979837
2018-02-09,0.0133677459620367
2018-02-12,0.0123228906857729
2018-02-13,0.0130544856232155
2018-02-14,0.0144271297596018
2018-02-22,0.0162705859593575
2018-02-23,0.0121359503425587
2018-02-26,0.0122521816190129
2018-02-27,0.0103890757274823
2018-02-28,0.0101859350448817
2018-03-01,0.0113823397965345
2018-03-02,0.01428634414951
2018-03-05,0.0094178124456848
2018-03-06,0.00984687274645425
2018-03-07,0.0102979667463702
2018-03-08,0.00881306398103033
2018-03-09,0.0121496112384954
2018-03-12,0.0111612897300705
2018-03-13,0.00980782124738751
2018-03-14,0.00997424014369295
2018-03-15,0.0105915055471513
2018-03-16,0.0110002520998412
2018-03-19,0.00914554009989906
2018-03-20,0.0111885804970112
2018-03-21,0.0101742853913131
2018-03-22,0.0109578286968551
2018-03-23,0.0122971218374723
2018-03-26,0.0112377516598514
2018-03-27,0.0111007088331725
2018-03-28,0.0127899505961142
2018-03-29,0.010433349693906
2018-03-30,0.0106028726516322
2018-04-02,0.0105078845874913
2018-04-03,0.0107106100269006
2018-04-04,0.0106158900429287
2018-04-09,0.00997603654232311
2018-04-10,0.0132741267421063
2018-04-11,0.0102954827342957
2018-04-12,0.0100378253626867
2018-04-13,0.011102512371388
2018-04-16,0.0113381920308194
2018-04-17,0.0126739254440376
2018-04-18,0.0118276273684275
2018-04-19,0.0116481885593729
2018-04-20,0.0137163913837903
2018-04-23,0.0146843812932876
2018-04-24,0.0113190003962644
2018-04-25,0.0138718674368455
2018-04-26,0.0155502646660316
2018-04-27,0.0182591639808408
2018-05-02,0.0129726180952275
2018-05-03,0.0157827777573482
2018-05-04,0.010753715592948
2018-05-07,0.0115164136803362
2018-05-08,0.0146105840538283
2018-05-09,0.0117129959962624
2018-05-10,0.0127809282502585
2018-05-11,0.0115708347812272
2018-05-14,0.0160659159453932
2018-05-15,0.0115412294688515
2018-05-16,0.00988366455846002
2018-05-17,0.0107240434885665
2018-05-18,0.00997295429464149
2018-05-21,0.0124651728207165
2018-05-22,0.0119224868890429
2018-05-23,0.0114780742802499
2018-05-24,0.0113695544728304
2018-05-25,0.00834024015499732
2018-05-28,0.0111990093302672
2018-05-29,0.0105588107146289
2018-05-30,0.0122410693665882
2018-05-31,0.00960121350211397
2018-06-01,0.0101908870874186
2018-06-04,0.00996996938454191
2018-06-05,0.0110709249543782
2018-06-06,0.0106907357330778
2018-06-07,0.00941659628363549
2018-06-08,0.012208121051396
2018-06-11,0.0120440220123388
2018-06-12,0.0125072143452408
2018-06-13,0.0106084611306655
2018-06-14,0.0104543834877099
2018-06-15,0.0114571930935909
2018-06-19,0.0114031766363435
2018-06-20,0.0114052228729396
2018-06-21,0.0111096162838708
2018-06-22,0.0102955377926033
2018-06-25,0.0141999167136055
2018-06-26,0.0149118005029838
2018-06-27,0.0114786006473834
2018-06-28,0.0367911226142962
2018-06-29,0.0110580654751243
2018-07-02,0.0111998946398842
2018-07-03,0.0113515457327604
2018-07-04,0.0125342989173502
2018-07-05,0.0131079142267787
2018-07-06,0.0133295187536601
2018-07-09,0.0139942206427329
2018-07-10,0.014045423403911
2018-07-11,0.0141878987882902
2018-07-12,0.0127710724025267
2018-07-13,0.0126936247081379
2018-07-16,0.0120738648748701
2018-07-17,0.0194831546060458
2018-07-18,0.0117143965142794
2018-07-19,0.0162738076255073
2018-07-20,0.0160599502109134
2018-07-23,0.012616441583292
2018-07-24,0.0129328230812432
2018-07-25,0.0125019046475825
2018-07-26,0.012063019148972
2018-07-27,0.0135131775954603
2018-07-30,0.0183315473756649
2018-07-31,0.0168931720023933
2018-08-01,0.0628922220886027
2018-08-02,0.0574516064897118
2018-08-03,0.0127707072062118
2018-08-06,0.0130000542776753
2018-08-07,0.0122163782838491
2018-08-08,0.0132436573820319
2018-08-09,0.0149870548594675
2018-08-10,0.0121760705378661
2018-08-13,0.0129083366382597
2018-08-14,0.01368906553339
2018-08-15,0.0147749076205979
2018-08-16,0.0135500709974772
2018-08-17,0.0135274352609147
2018-08-20,0.0146001450251898
2018-08-21,0.0172253906875233
2018-08-22,0.0179549073196017
2018-08-23,0.017951359650076
2018-08-24,0.0138369229534384
2018-08-27,0.0204825892244893
2018-08-28,0.0204056929284684
2018-08-29,0.0167891943092577
2018-08-30,0.0170245475847294
2018-08-31,0.0141222673713228
2018-09-03,0.0143091201369862
2018-09-04,0.0126953718034109
2018-09-05,0.0140755833945912
2018-09-06,0.0156435695266553
2018-09-07,0.0141694301565817
2018-09-10,0.0156095420232196
2018-09-11,0.0157202538869891
2018-09-12,0.0156185978775764
2018-09-13,0.0161668017763132
2018-09-14,0.0128789615236604
2018-09-17,0.0125412124793424
2018-09-18,0.0127696176128538
2018-09-19,0.0138281706393578
2018-09-20,0.0138371455331995
2018-09-21,0.0116387259979666
2018-09-25,0.014872035595855
2018-09-26,0.0125855351011026
2018-09-27,0.0152990659410426
2018-09-28,0.0163966092447259
2018-10-08,0.017024125091357
2018-10-09,0.0200318495754823
2018-10-10,0.0139160065228949
2018-10-11,0.0155522548344544
2018-10-12,0.0169257326054866
2018-10-15,0.0175350554228899
2018-10-16,0.0161232840883585
2018-10-17,0.0212229180450691
2018-10-18,0.0220194317190861
2018-10-19,0.0179890521089775
2018-10-22,0.0172898821725367
2018-10-23,0.0152343695808391
2018-10-24,0.0144392839625335
2018-10-25,0.0151209248247134
2018-10-26,0.0147913185033269
2018-10-29,0.0156164692524604
2018-10-30,0.0164352218260946
2018-10-31,0.0156664723020865
2018-11-01,0.0153662267583946
2018-11-02,0.0154963648978259
2018-11-05,0.0149640375587806
2018-11-06,0.0168653863593776
2018-11-07,0.0149610214979498
2018-11-08,0.0180211015011731
2018-11-09,0.0169163960071485
2018-11-12,0.0159933794527232
2018-11-13,0.0165704223677529
2018-11-14,0.0168291392081409
2018-11-15,0.0154537388249704
2018-11-16,0.0148971443686579
2018-11-19,0.0172938696526966
2018-11-20,0.0162952975549101
2018-11-21,0.0189853931848638
2018-11-22,0.0145230281008244
2018-11-23,0.014906143174774
2018-11-26,0.0145971455340548
2018-11-27,0.0165652189947601
2018-11-28,0.0236133631535826
2018-11-29,0.0244964617515762
2018-11-30,0.016564123422907
2018-12-03,0.0150773157271415
2018-12-04,0.0147888322388744
2018-12-05,0.0134298267975496
2018-12-06,0.0140238486837298
2018-12-07,0.0185116459555752
2018-12-10,0.0186733345969381
2018-12-11,0.014876320059682
2018-12-12,0.014074852254162
2018-12-13,0.0184979255724783
2018-12-14,0.0209248506269818
2018-12-17,0.0189711035434538
2018-12-18,0.016689649944814
2018-12-19,0.015247785156108
2018-12-20,0.0195469501320283
2018-12-21,0.0149771200212007
2018-12-24,0.014970825072794
2018-12-25,0.0119319731291416
2018-12-26,0.0128986006862721
2018-12-27,0.0127153128456869
2018-12-28,0.0153252997915018
2019-01-02,0.0148759727830648
2019-01-03,0.0171291649331553
2019-01-04,0.0164581757907707
2019-01-07,0.0176007023871225
2019-01-08,0.0140705512484202
2019-01-09,0.0165078805497473
2019-01-10,0.00920163789514787
2019-01-11,0.0124138771416702
2019-01-14,0.0116094776587868
2019-01-15,0.0118424133102163
2019-01-16,0.014318009424109
2019-01-17,0.0103922071906321
2019-01-18,0.0126198391755921
2019-01-21,0.0107271241901979
2019-01-22,0.0132897079156321
2019-01-23,0.0118885453298512
2019-01-24,0.0117189101529848
2019-01-25,0.015031575450433
2019-01-28,0.0139834109844932
2019-01-29,0.0134586599878305
2019-01-30,0.0114870160205563
2019-01-31,0.0132854439103018
2019-02-01,0.0115673690810099
2019-02-11,0.0128997603988545
2019-02-12,0.0132707308091414
2019-02-13,0.0131928384513299
2019-02-14,0.0136286751393915
2019-02-15,0.0152531437243376
2019-02-18,0.0150067866755628
2019-02-19,0.0147831353323568
2019-02-20,0.0143606232392574
2019-02-21,0.0148707911450159
2019-02-22,0.0152091964383869
2019-02-25,0.0158885905716783
2019-02-26,0.0152201834903814
2019-02-27,0.010712536640286
2019-02-28,0.011630962183134
2019-03-01,0.0129728577728254
2019-03-04,0.0136031509490128
2019-03-05,0.0132692155382177
2019-03-06,0.0119930175550471
2019-03-07,0.0141592117437706
2019-03-08,0.0134457470490843
2019-03-11,0.0123297851056787
2019-03-12,0.012231738572829
2019-03-13,0.0127783760000892
2019-03-14,0.0121950114164902
2019-03-15,0.0126283529251852
2019-03-18,0.0129101644689421
2019-03-19,0.0133153034771111
2019-03-20,0.012164290106139
2019-03-21,0.0138103914407777
2019-03-22,0.0139300189210271
2019-03-25,0.0129596716428738
2019-03-26,0.0121754048269149
2019-03-27,0.0124297828125943
2019-03-28,0.0124083150338594
2019-03-29,0.0129585162373862
2019-04-01,0.0128561012576208
2019-04-02,0.0129489091116751
2019-04-03,0.0140384763635421
2019-04-04,0.0147059491077327
2019-04-08,0.0146947631326566
2019-04-09,0.0153927471824039
2019-04-10,0.0148300370900811
2019-04-11,0.0150064969622281
2019-04-12,0.0174802295252084
2019-04-15,0.0155640711393298
2019-04-16,0.0141371008932257
2019-04-17,0.0158965457774872
2019-04-18,0.0172689237133501
2019-04-19,0.0168841110569711
2019-04-22,0.0154764051420387
2019-04-23,0.0210644027450747
2019-04-24,0.0165327175150316
2019-04-25,0.0170985431594526
2019-04-26,0.0154309926119523
2019-04-29,0.014196654024273
2019-04-30,0.0153096234634111
2019-05-06,0.0239319853699789
2019-05-07,0.0238821936591392
2019-05-08,0.0250487385279033
2019-05-09,0.0267828937396798
2019-05-10,0.0302683969666898
2019-05-13,0.0264027809705033
2019-05-14,0.0302750575026754
2019-05-15,0.0256591810534089
2019-05-16,0.033380566378048
2019-05-17,0.0332716422824721
2019-05-20,0.0392454071023378
2019-05-21,0.0455364848896825
2019-05-22,0.0448771640239853
2019-05-23,0.043733621854264
2019-05-24,0.0354281680673713
2019-05-27,0.0341388328195744
2019-05-28,0.0305094596228815
2019-05-29,0.0286946527960309
2019-05-30,0.0330754537463856
2019-05-31,0.0290202383350102
2019-06-03,0.0429504385378572
2019-06-04,0.0408091150620055
2019-06-05,0.0346682413669023
2019-06-06,0.0403840706524604
2019-06-10,0.0411658099607784
2019-06-11,0.038279497756102
2019-06-12,0.036361314415008
2019-06-13,0.0509272650900572
2019-06-14,0.0464443715289866
2019-06-17,0.0438803480200631
2019-06-18,0.0493873658214338
2019-06-19,0.0399636406798696
2019-06-20,0.0409358474738249
2019-06-21,0.0416975724551133
2019-06-24,0.0374034290524682
2019-06-25,0.045081095162446
2019-06-26,0.0463327258453937
2019-06-27,0.0454704872681549
2019-06-28,0.0469651496041892
2019-07-01,0.0440294035074174
2019-07-02,0.0463986008944019
2019-07-03,0.03011083464372
2019-07-04,0.046140239807902
2019-07-05,0.0344840676676808
2019-07-08,0.0254497555438425
2019-07-09,0.0340248072898789
2019-07-10,0.0336214595283683
2019-07-11,0.0458432841057198
2019-07-12,0.0459677477962377
2019-07-15,0.046188676390553
2019-07-16,0.0474384100559702
2019-07-17,0.0474678134576287
2019-07-18,0.0410699870162849
2019-07-19,0.0413752396063646
2019-07-22,0.0432472566427759
2019-07-23,0.0369489933142079
2019-07-24,0.0385479424804682
2019-07-25,0.0359302566406201
2019-07-26,0.0236868446565835
2019-07-29,0.0215628563766595
2019-07-30,0.0276708840142279
2019-07-31,0.0261373680045426
2019-08-01,0.0259603520375647
2019-08-02,0.0169635928775233
2019-08-05,0.0125437791569094
2019-08-06,0.0117297836083374
2019-08-07,0.0108600049102758
2019-08-08,0.0134690031639769
2019-08-09,0.0118297846468952
2019-08-12,0.0113276315416822
2019-08-13,0.0108650845611669
2019-08-14,0.0102253943124828
2019-08-15,0.0106380715542118
2019-08-16,0.0103139791216691
2019-08-19,0.010393745384055
2019-08-20,0.0114887264001373
2019-08-21,0.0103590623036225
2019-08-22,0.0100925526052574
2019-08-23,0.0094954094719066
2019-08-26,0.00983389220525246
2019-08-27,0.0105167887868767
2019-08-28,0.0367193081708143
2019-08-29,0.0824520957447289
2019-08-30,0.0960155222957419
2019-09-02,0.0104428507699238
2019-09-03,0.0105012390629628
2019-09-04,0.0097713400992715
2019-09-05,0.0104962027513501
2019-09-06,0.0112096029560263
2019-09-09,0.00999931448944011
2019-09-10,0.00970458492481261
2019-09-11,0.010941444867018
2019-09-12,0.0106893596787865
2019-09-16,0.0107478391231844
2019-09-17,0.010751164001112
2019-09-18,0.0107201395621994
2019-09-19,0.0101599818392284
2019-09-20,0.0129226905311178
2019-09-23,0.0111322860119991
2019-09-24,0.0125115488380599
2019-09-25,0.014128647250016
2019-09-26,0.0102241930711739
2019-09-27,0.0101728694043762
2019-09-30,0.0122051625526376
2019-10-08,0.0110984230193704
2019-10-09,0.0112509719889922
2019-10-10,0.0120401792699134
2019-10-11,0.0104868389749261
2019-10-14,0.0105666888905206
2019-10-15,0.00882181156922409
2019-10-16,0.0116211211375076
2019-10-17,0.0119114102993288
2019-10-18,0.0118482579923628
2019-10-21,0.012316052679272
2019-10-22,0.011784479725267
2019-10-23,0.0115357765427282
2019-10-24,0.0106249925112226
2019-10-25,0.0119044626951396
2019-10-28,0.0101808697138264
2019-10-29,0.0106894849124728
2019-10-30,0.00970425540761731
2019-10-31,0.0123938680313761
2019-11-01,0.0103310873618
2019-11-04,0.011329727749648
2019-11-05,0.0110527185796219
2019-11-06,0.0110618937651652
2019-11-07,0.0115838127789905
2019-11-08,0.011843993323858
2019-11-11,0.0124653093924701
2019-11-12,0.0117678126756352
2019-11-13,0.0104946226205487
2019-11-14,0.00950160032265312
2019-11-15,0.0104718927078637
2019-11-18,0.00990074166951432
2019-11-19,0.010200957108159
2019-11-20,0.0106044118684106
2019-11-21,0.0103941752594332
2019-11-22,0.0101642953161526
2019-11-25,0.00997327556640585
2019-11-26,0.011522620899661
2019-11-27,0.0116222412709461
2019-11-28,0.0128859643525785
2019-11-29,0.0135574903371758
2019-12-02,0.0132154726502692
2019-12-03,0.0131400115284804
2019-12-04,0.0132616386326746
2019-12-05,0.0116370316821135
2019-12-06,0.0113070196450182
2019-12-09,0.0109553088070027
2019-12-10,0.0109970848182129
2019-12-11,0.0119843939296302
2019-12-12,0.0121364805769072
2019-12-13,0.0115580301634242
2019-12-16,0.0121785585329906
2019-12-17,0.0117879808400038
2019-12-18,0.0119765727269735
2019-12-19,0.0110819858847121
2019-12-20,0.0116855167828509
2019-12-23,0.0108775677300539
2019-12-24,0.0110398732763828
2019-12-25,0.0106030975434227
2019-12-26,0.0123386965436357
2019-12-27,0.010711533783122
2019-12-30,0.00901259128908121
2019-12-31,0.011162705477979
2020-01-02,0.0123497419473912
2020-01-03,0.0124759440757178
2020-01-06,0.0106230814820609
2020-01-07,0.0104106349317955
2020-01-08,0.00997099607995226
2020-01-09,0.0100366361856584
2020-01-10,0.0104372090356738
2020-01-13,0.0111327437710809
2020-01-14,0.0106365565313548
2020-01-15,0.0105521628008503
2020-01-16,0.0110755176361393
2020-01-17,0.0115047816802884
2020-01-20,0.0119009790195985
2020-01-21,0.0117036676842486
2020-01-22,0.0110132991652209
2020-01-23,0.0137011803887403
2020-02-03,0.0422648688120387
2020-02-04,0.0508297450126156
2020-02-05,0.0404370833842872
2020-02-06,0.0380576998026444
2020-02-07,0.0425795709817335
2020-02-10,0.0347531347226087
2020-02-11,0.0428694816276347
2020-02-12,0.0457133043657683
2020-02-13,0.0385508253742614
2020-02-14,0.0438295046270052
2020-02-17,0.0447352112583706
2020-02-18,0.0445879137908046
2020-02-19,0.0471914650375066
2020-02-20,0.0456265397067048
2020-02-21,0.0448858325689662
2020-02-24,0.0472223328349107
2020-02-25,0.045874234413905
2020-02-26,0.0462833104591037
2020-02-27,0.0460647177173246
2020-02-28,0.0464931061772604
2020-03-02,0.0474038174677043
2020-03-03,0.049675843544482
2020-03-04,0.044011347077829
2020-03-05,0.0502705848730859
2020-03-06,0.049746335436583
2020-03-09,0.0483305158956645
2020-03-10,0.048325697886057
2020-03-11,0.0455983499935922
2020-03-12,0.0488610263113172
2020-03-13,0.0504928708835447
2020-03-16,0.0506079573702644
2020-03-17,0.0543708735086241
2020-03-18,0.0532405619735437
2020-03-19,0.04873425300282
2020-03-20,0.0486945577138585
2020-03-23,0.0452439037573003
2020-03-24,0.0461027676310282
2020-03-25,0.0418421229012576
2020-03-26,0.0477382293707193
2020-03-27,0.0362749946164109
2020-03-30,0.0413619694738369
2020-03-31,0.043215231531459
2020-04-01,0.0472967539190707
2020-04-02,0.0476678444066177
2020-04-03,0.0476126439719646
2020-04-07,0.041700544791084
2020-04-08,0.0441875753286356
2020-04-09,0.0451784874753529
2020-04-10,0.0443582441525793
2020-04-13,0.0444167748901289
2020-04-14,0.0459377570813044
2020-04-15,0.0487137219301485
2020-04-16,0.0497644891879949
2020-04-17,0.043206860296044
2020-04-20,0.0434368573220033
2020-04-21,0.0449455134405845
2020-04-22,0.0462849193100875
2020-04-23,0.0439919818758127
2020-04-24,0.0446360038697945
2020-04-27,0.044451915799507
2020-04-28,0.0404277077323395
2020-04-29,0.0461491139108361
2020-04-30,0.0412239245095329
2020-05-06,0.0239643364231605
2020-05-07,0.0253276721105447
2020-05-08,0.022212704757482
2020-05-11,0.0216692009067114
2020-05-12,0.029502104048308
2020-05-13,0.0286840674711222
2020-05-14,0.0241448184840413
2020-05-15,0.0232477007026995
2020-05-18,0.022349245854062
2020-05-19,0.0249020147227139
2020-05-20,0.0238125858606014
2020-05-21,0.0228779504224673
2020-05-22,0.0205613087766735
2020-05-25,0.0225243192166712
2020-05-26,0.0193942926065472
2020-05-27,0.0207705905290069
2020-05-28,0.020067570274487
2020-05-29,0.0187819047265024
2020-06-01,0.0185860014613478
2020-06-02,0.0239741113299601
2020-06-03,0.0210376187452428
2020-06-04,0.0221882543609153
2020-06-05,0.0229273742554871
2020-06-08,0.022380207940929
2020-06-09,0.023937375552048
2020-06-10,0.0231340348564919
2020-06-11,0.0178744097497244
2020-06-12,0.0167121015221373
2020-06-15,0.0184524177123434
2020-06-16,0.0160661492424026
2020-06-17,0.0148170626114773
2020-06-18,0.0153642652458142
2020-06-19,0.0152475667000595
2020-06-22,0.0129154105885914
2020-06-23,0.0121166637237433
2020-06-24,0.0132462543747907
2020-06-29,0.0178364112037654
2020-06-30,0.0122987967620452
2020-07-01,0.0139678009714482
2020-07-02,0.0114978101794152
2020-07-03,0.0117668713127439
2020-07-06,0.014347620758993
2020-07-07,0.0251019718090236
2020-07-08,0.0114980971970772
2020-07-09,0.0129455865492675
2020-07-10,0.0131063215864054
2020-07-13,0.0144554965478343
2020-07-14,0.0108431156003559
2020-07-15,0.0144258533436019
2020-07-16,0.0224121057124478
2020-07-17,0.0245156878494989
2020-07-20,0.017475195399453
2020-07-21,0.0183683779082094
2020-07-22,0.0167777644382427
2020-07-23,0.0156154196609975
2020-07-24,0.0181871422725565
2020-07-27,0.0183860234908739
2020-07-28,0.0203167864630041
2020-07-29,0.0193962257295112
2020-07-30,0.0184795198556902
2020-07-31,0.0180600054014308
2020-08-03,0.0264237543857373
2020-08-04,0.0268452595285842
2020-08-05,0.0239422056398618
2020-08-06,0.0203390881122121
2020-08-07,0.0259626249444136
2020-08-10,0.0215431266851732
2020-08-11,0.0250711772270975
2020-08-12,0.0188978443158328
2020-08-13,0.0237109635101898
2020-08-14,0.026434686755295
2020-08-17,0.024158275542338
2020-08-18,0.0283738125387675
2020-08-19,0.0270195550929987
2020-08-20,0.0260149486508002
2020-08-21,0.0256978532702605
2020-08-24,0.0230944514146858
2020-08-25,0.0232184666896316
2020-08-26,0.0227346548544682
2020-08-27,0.0205286488632035
2020-08-28,0.0257631715924176
2020-08-31,0.024794675247993
2020-09-01,0.0211092297264475
2020-09-02,0.0257934059249605
2020-09-03,0.0293844070756807
2020-09-04,0.0221591646886619
2020-09-07,0.0204645001644392
2020-09-08,0.0241896224193918
2020-09-09,0.0238039790281587
2020-09-10,0.0226598894460348
2020-09-11,0.0223523871270166
2020-09-14,0.0182790529750972
2020-09-15,0.0164829697696983
2020-09-16,0.0198229349230573
2020-09-17,0.0189947236487514
2020-09-18,0.0188049358317875
2020-09-21,0.0211631540396833
2020-09-22,0.0174304986434753
2020-09-23,0.0172497080383922
2020-09-24,0.0205075228791014
2020-09-25,0.0203934833001616
2020-09-28,0.0198574554807607
2020-09-29,0.0192961973192055
2020-09-30,0.0166138318142724
2020-10-09,0.0163601603315929
2020-10-12,0.016935502042887
2020-10-13,0.0196468510642633
2020-10-14,0.0174281959391306
2020-10-15,0.0206869312305049
2020-10-16,0.0224599858376397
2020-10-19,0.0226440090856388
2020-10-20,0.0207010340927228
2020-10-21,0.0147741441172316
2020-10-22,0.0122229131387191
2020-10-23,0.0131037022860976
2020-10-26,0.0147828728373455
2020-10-27,0.0160893053650198
2020-10-28,0.0168023436300335
2020-10-29,0.0120499299228467
2020-10-30,0.0117195374179357
2020-11-02,0.0130026565116163
2020-11-03,0.011176321553444
2020-11-04,0.010943668977779
2020-11-05,0.0111081813278554
2020-11-06,0.0115233615544075
2020-11-09,0.0103909625572591
2020-11-10,0.0100754801956792
2020-11-11,0.0108150209107015
2020-11-12,0.0123022250121012
2020-11-13,0.0105682135396391
2020-11-16,0.0125015328243172
2020-11-17,0.0124335690365783
2020-11-18,0.0142152167397775
2020-11-19,0.0128799346373623
2020-11-20,0.012355700908467
2020-11-23,0.0122400946907375
2020-11-24,0.0129075627330111
2020-11-25,0.0132194949719262
2020-11-26,0.0104940060979061
2020-11-27,0.0125752167265414
2020-11-30,0.0163512826393161
2020-12-01,0.0174342537253065
2020-12-02,0.0155066793086431
2020-12-03,0.0138314798190173
2020-12-04,0.0124902402452986
2020-12-07,0.010794171425913
2020-12-08,0.0125557612365742
2020-12-09,0.0139967526375328
2020-12-10,0.0124115530661051
2020-12-11,0.0132413642251471
2020-12-14,0.0118420924104389
2020-12-15,0.0101443392490445
2020-12-16,0.0112547542363407
2020-12-17,0.0109197960833963
2020-12-18,0.0110371811303579
2020-12-21,0.0119332729260862
2020-12-22,0.0121056389565297
2020-12-23,0.0121680892267556
2020-12-24,0.0115425115313499
2020-12-25,0.0113038028689877
2020-12-28,0.0124415792109998
2020-12-29,0.0112985347112526
2020-12-30,0.011876335207649
2020-12-31,0.0114669264269138
2021-01-04,0.0137688818416748
2021-01-05,0.0249294381955122
2021-01-06,0.015240455311754
2021-01-07,0.0144624411752335
2021-01-08,0.0136731958656264
2021-01-11,0.0127056338828362
2021-01-12,0.0168264760219632
2021-01-13,0.0135988688969513
2021-01-14,0.0143504675901482
2021-01-15,0.0136993838315802
2021-01-18,0.0121028497042637
2021-01-19,0.0127557607401029
2021-01-20,0.0135863901757874
2021-01-21,0.0117311384420154
2021-01-22,0.0145735220637942
2021-01-25,0.0144678434945701
2021-01-26,0.0121688090267889
2021-01-27,0.0150233725449249
2021-01-28,0.0144075525987848
2021-01-29,0.0155140438762272
2021-02-01,0.0163009086078205
2021-02-02,0.0131206417390149
2021-02-03,0.0151154639482238
2021-02-04,0.0153723262236838
2021-02-05,0.0169166490768524
2021-02-08,0.0187572137388035
2021-02-09,0.0187458124133333
2021-02-10,0.0175978669845909
2021-02-18,0.0150910819621624
2021-02-19,0.0169266251907579
2021-02-22,0.0175918267947885
2021-02-23,0.0174182252264516
2021-02-24,0.0180810759324363
2021-02-25,0.0188323208520121
2021-02-26,0.0198168132531565
2021-03-01,0.0146804508987944
2021-03-02,0.0230203732838728
2021-03-03,0.0164889573382551
2021-03-04,0.015822702725308
2021-03-05,0.0147265972002923
2021-03-08,0.0165746450609909
2021-03-09,0.0162495236129388
2021-03-10,0.017265559151166
2021-03-11,0.0168748184572474
2021-03-12,0.0158013300045905
2021-03-15,0.0179505437219631
2021-03-16,0.0177420165091673
2021-03-17,0.0176351380649212
2021-03-18,0.0164891496674414
2021-03-19,0.0158170068605678
2021-03-22,0.0156662873691543
2021-03-23,0.0147842322978734
2021-03-24,0.015111093718928
2021-03-25,0.185055705687361
2021-03-26,0.187607818013007
2021-03-29,0.19048132250409
2021-03-30,0.191626261379277
2021-03-31,0.193082974164118
2021-04-01,0.19585505532915
2021-04-02,0.19610274763531
2021-04-06,0.197931013805755
2021-04-07,0.0168608633384142
2021-04-08,0.0239756401150986
2021-04-09,0.0252020295688805
2021-04-12,0.0160991127736705
2021-04-13,0.0175024154629332
2021-04-14,0.0184913820030707
2021-04-15,0.0165921005775246
2021-04-16,0.0193527885904358
2021-04-19,0.020603917791597
2021-04-20,0.0213156821191743
2021-04-21,0.0660326467315578
2021-04-22,0.0173964904944215
2021-04-23,0.0167072228617983
2021-04-26,0.0685293356453689
2021-04-27,0.016247542551085
2021-04-28,0.0673243332278472
2021-04-29,0.0639027572341541
2021-04-30,0.0646747891840564
2021-05-06,0.064235378224153
2021-05-07,0.0650190745320438
2021-05-10,0.0648976990856165
2021-05-11,0.0138774023507395
2021-05-12,0.0138107397441574
2021-05-13,0.0666292465315707
2021-05-14,0.0688933105754284
2021-05-17,0.0736151170816516
2021-05-18,0.0756808783494425
2021-05-19,0.0789179381885828
2021-05-20,0.0808369864632117
2021-05-21,0.0847949065589402
2021-05-24,0.0908253660518811
2021-05-25,0.0897625267483474
2021-05-26,0.094230691430706
2021-05-27,0.0976570147569442
2021-05-28,0.0125697629464663
2021-05-31,0.102030018180869
2021-06-01,0.0153618203352735
2021-06-02,0.0158073361053155
2021-06-03,0.0148823237280989
2021-06-04,0.0142928803871639
2021-06-07,0.0135274459767863
2021-06-08,0.0172232671586607
2021-06-09,0.0154202589680927
2021-06-10,0.0174210078492914
2021-06-11,0.0124380628813285
2021-06-15,0.0153370891463153
2021-06-16,0.0116817108139808
2021-06-17,0.0113392034508758
2021-06-18,0.0164621095601764
2021-06-21,0.0129104299950098
2021-06-22,0.0140792185901916
2021-06-23,0.0157673345554815
2021-06-24,0.010780598209036
2021-06-25,0.0111595255584489
2021-06-28,0.0112586537817358
2021-06-29,0.0139177379434743
2021-06-30,0.011408737709272
2021-07-01,0.010321647262218
2021-07-02,0.0110718003841191
2021-07-05,0.0123351771387699
2021-07-06,0.0137994419569549
2021-07-07,0.0133086072795181
2021-07-08,0.0115856313902319
2021-07-09,0.0132327563854989
2021-07-12,0.0112416107950318
2021-07-13,0.0107008394703861
2021-07-14,0.0109253580627634
2021-07-15,0.011670864838121
2021-07-16,0.0128308805651219
2021-07-19,0.0127885946152855
2021-07-20,0.0110698451660875
2021-07-21,0.011563814212426
2021-07-22,0.0139036542228758
2021-07-23,0.0124204587923036
2021-07-26,0.0125850936999573
2021-07-27,0.0134271015317708
2021-07-28,0.0118382961259087
2021-07-29,0.0164190277061364
2021-07-30,0.015056194904574
2021-08-02,0.0137102731650931
2021-08-03,0.015102986412201
2021-08-04,0.0173890818449677
2021-08-05,0.0124345428849327
2021-08-06,0.0142429559317968
2021-08-09,0.0138595766740619
2021-08-10,0.0166810861645952
2021-08-11,0.0141790264560398
2021-08-12,0.0135149569002547
2021-08-13,0.0159747059772466
2021-08-16,0.01667538033788
2021-08-17,0.0138504341810646
2021-08-18,0.0160068744923092
2021-08-19,0.0147035351333321
2021-08-20,0.0135681874871571
2021-08-23,0.0143784528753127
2021-08-24,0.0147254940536421
2021-08-25,0.0147329414369157
2021-08-26,0.0160946437036162
2021-08-27,0.014744433521455
2021-08-30,0.0138110593738127
2021-08-31,0.0134991147979403
2021-09-01,0.0166357623111184
2021-09-02,0.0170014900644385
2021-09-03,0.0167821073813506
2021-09-06,0.0118771116563796
2021-09-07,0.0146530791705923
2021-09-08,0.0151172406267283
2021-09-09,0.0124940188772324
2021-09-10,0.0164800525116055
2021-09-13,0.0148513469576917
2021-09-14,0.0156084234120743
2021-09-15,0.0129992429291821
2021-09-16,0.0144720184430533
2021-09-17,0.0137836446542974
2021-09-22,0.0150326199612494
2021-09-23,0.0148877018449787
2021-09-24,0.0152915624023579
2021-09-27,0.0150125997415595
2021-09-28,0.0171161154414051
2021-09-29,0.017595044188183
2021-09-30,0.0160604570303173
2021-10-08,0.0157240020306772
2021-10-11,0.0192114655666141
2021-10-12,0.0186003167538797
2021-10-13,0.0192845170271565
2021-10-14,0.0171047545110243
2021-10-15,0.0181816100718566
2021-10-18,0.0146445593770129
2021-10-19,0.0176572198644982
2021-10-20,0.0148184838898679
2021-10-21,0.0143698553973785
2021-10-22,0.0164098205951651
2021-10-25,0.0137929672562948
2021-10-26,0.0135895601657802
2021-10-27,0.0162314834924672
2021-10-28,0.0148177768715506
2021-10-29,0.0174025451955819
2021-11-01,0.0164644402803386
2021-11-02,0.0126674434543671
2021-11-03,0.0126349667480058
2021-11-04,0.0114398017298159
2021-11-05,0.0123857928607457
2021-11-08,0.0147186989220549
2021-11-09,0.0129038905806922
2021-11-10,0.0133386704184714
2021-11-11,0.0122952552893326
2021-11-12,0.0121846332385683
2021-11-15,0.0143217595453189
2021-11-16,0.0156918624456247
2021-11-17,0.0154926490351194
2021-11-18,0.0132477979574017
2021-11-19,0.0125834698654736
2021-11-22,0.0117110410460586
2021-11-23,0.0112992555923422
2021-11-24,0.0152500783695798
2021-11-25,0.0118794532925568
2021-11-26,0.0113061468264223
2021-11-29,0.0112288789565256
2021-11-30,0.0116088943038627
2021-12-01,0.0115490537904568
2021-12-02,0.0122196330987383
2021-12-03,0.0120025193817183
2021-12-06,0.0110645373645347
2021-12-07,0.0123017429406495
2021-12-08,0.0104963720704418
2021-12-09,0.0102304597302513
2021-12-10,0.0119372799644295
2021-12-13,0.0106700841329726
2021-12-14,0.0114185581278417
2021-12-15,0.0112188622277177
2021-12-16,0.0101465897958588
2021-12-17,0.010856558828102
2021-12-20,0.0131908456655083
2021-12-21,0.00994257418979353
2021-12-22,0.0118866550074743
2021-12-23,0.0101637750064737
2021-12-24,0.0109282756557314
2021-12-27,0.0105525921443185
2021-12-28,0.0104229494886953
2021-12-29,0.01031525176833
2021-12-30,0.0102369651504369
2021-12-31,0.0101150725311345
2022-01-04,0.0116399146888022
2022-01-05,0.0115292117915764
2022-01-06,0.0100425247191716
2022-01-07,0.00993200336213643
2022-01-10,0.0107701795454317
2022-01-11,0.011179214596398
2022-01-12,0.0103199261455452
2022-01-13,0.0120459664371288
2022-01-14,0.0115481630270884
2022-01-17,0.0107741651171285
2022-01-18,0.0123010283154216
2022-01-19,0.0114567610328848
2022-01-20,0.0119615022251119
2022-01-21,0.0106144256105499
2022-01-24,0.0107561474034185
2022-01-25,0.010777427482037
2022-01-26,0.012530579890805
2022-01-27,0.0117811158075769
2022-01-28,0.0119110098583872
2022-02-07,0.0105273558025919
2022-02-08,0.00968546319351066
2022-02-09,0.012197095601819
2022-02-10,0.0117674012322565
2022-02-11,0.0102326158021961
2022-02-14,0.0113463550015927
2022-02-15,0.0106326184796835
2022-02-16,0.0118179590694446
2022-02-17,0.0117222895500496
2022-02-18,0.0141424606690381
2022-02-21,0.009130233043951
2022-02-22,0.00945694739383704
2022-02-23,0.0107218942904217
2022-02-24,0.0104442213027061
2022-02-25,0.0106914726453757
2022-02-28,0.0100420963273313
2022-03-01,0.00931270204682753
2022-03-02,0.0108918825601568
2022-03-03,0.0109635517641081
2022-03-04,0.010159443289279
2022-03-07,0.01135423911799
2022-03-08,0.0135311646088823
2022-03-09,0.0174805720351683
2022-03-10,0.0188891750732386
2022-03-11,0.0132086394005105
2022-03-14,0.0122935347957856
2022-03-15,0.0159186198186388
2022-03-16,0.0150313530663052
2022-03-17,0.0164356951589161
2022-03-18,0.015533176589437
2022-03-21,0.0152358536595785
2022-03-22,0.0152551754938561
2022-03-23,0.0143480401332236
2022-03-24,0.0138066538402161
2022-03-25,0.014284035940158
2022-03-28,0.0136399965588765
2022-03-29,0.0140870137301338
2022-03-30,0.0152200009329975
2022-03-31,0.0170427664184877
2022-04-01,0.0135742302258141
2022-04-06,0.0138868483675014
2022-04-07,0.0149046295246615
2022-04-08,0.0170478885728562
2022-04-11,0.0164725025602777
2022-04-12,0.0178691261134656
2022-04-13,0.0453794408572112
2022-04-14,0.0156982396987904
2022-04-15,0.0449947876111208
2022-04-18,0.0443008246517049
2022-04-19,0.0445829033288404
2022-04-20,0.0423908128671033
2022-04-21,0.042021460604048
2022-04-22,0.0409394127665314
2022-04-25,0.0393185527652717
2022-04-26,0.0175958771238876
2022-04-27,0.0202340410267768
2022-04-28,0.0197288026460537
2022-04-29,0.0179175088782305
2022-05-05,0.015071289278288
2022-05-06,0.0194079312088073
2022-05-09,0.0206715331243592
2022-05-10,0.0210545424748716
2022-05-11,0.0143837210136018
2022-05-12,0.0150828072065332
2022-05-13,0.0171876821332904
2022-05-16,0.0169356019765281
2022-05-17,0.0179559025441113
2022-05-18,0.0173852233003839
2022-05-19,0.0153195000284488
2022-05-20,0.0150013516193217
2022-05-23,0.0186694819334359
2022-05-24,0.0197980103789795
2022-05-25,0.0199114868165455
2022-05-26,0.0179364997867065
2022-05-27,0.0186187138402877
2022-05-30,0.0189655631203837
2022-05-31,0.0174552373282104
2022-06-01,0.0171960020083103
2022-06-02,0.0189797195227759
2022-06-06,0.0207384894817468
2022-06-07,0.0163426045302701
2022-06-08,0.0149636612955379
2022-06-09,0.0162530123494884
2022-06-10,0.0173551741603613
2022-06-13,0.0156439375677593
2022-06-14,0.0152331955642592
2022-06-15,0.0167717169966274
2022-06-16,0.0184280944228139
2022-06-17,0.0165091207844061
2022-06-20,0.0144650800100177
2022-06-21,0.0156674297994831
2022-06-22,0.0152570378504223
2022-06-23,0.0156294730746808
2022-06-24,0.0163379219884444
2022-06-27,0.0190148236646667
2022-06-28,0.0153526675523737
2022-06-29,0.0215817852361622
2022-06-30,0.0183340369755191
2022-07-01,0.019270687239004
2022-07-04,0.030571669819319
2022-07-05,0.0270140084334319
2022-07-06,0.0205352424637847
2022-07-07,0.0252648589985124
2022-07-08,0.0335226825551388
2022-07-11,0.0403805647787575
2022-07-12,0.0337500091437086
2022-07-13,0.0176461189307285
2022-07-14,0.0190026716050989
2022-07-15,0.0286026422316501
2022-07-18,0.0265065447468869
2022-07-19,0.0227604668717916
2022-07-20,0.0234686432675525
2022-07-21,0.0222021720984453
2022-07-22,0.018377315240282
2022-07-25,0.0208242920033556
2022-07-26,0.0207249494328768
2022-07-27,0.0131925301000289
2022-07-28,0.0135924868130616
2022-07-29,0.0130503718992303
2022-08-01,0.0136382521707329
2022-08-02,0.0139370569168397
2022-08-03,0.0166880922921282
2022-08-04,0.0170453293397476
2022-08-05,0.0123893236550412
2022-08-08,0.0147788063937317
2022-08-09,0.0123674538226622
2022-08-10,0.0124870339695292
2022-08-11,0.0132226155911393
2022-08-12,0.0112168866737415
2022-08-15,0.0116832209480712
2022-08-16,0.0108902558266739
2022-08-17,0.0127526107105456
2022-08-18,0.0121360818183577
2022-08-19,0.0123268023288678
2022-08-22,0.0116280284702065
2022-08-23,0.0117769595664062
2022-08-24,0.0127010565579208
2022-08-25,0.0192756888093865
2022-08-26,0.0159053792198697
2022-08-29,0.0138152162236469
2022-08-30,0.013626912372094
2022-08-31,0.0136395143245113
2022-09-01,0.0144649631325665
2022-09-02,0.0147386493122599
2022-09-05,0.0134674134988654
2022-09-06,0.0132496248346119
2022-09-07,0.0142760050355721
2022-09-08,0.0180588082536143
2022-09-09,0.0112157768538232
2022-09-13,0.0111431243364661
2022-09-14,0.0138793813103495
2022-09-15,0.0127096685822972
2022-09-16,0.0107422349771536
2022-09-19,0.010439992543914
2022-09-20,0.0109802638504951
2022-09-21,0.0111207161480661
2022-09-22,0.0107862588092375
2022-09-23,0.0107018206527281
2022-09-26,0.0101577592897007
2022-09-27,0.00952866410967087
2022-09-28,0.00934639576108849
2022-09-29,0.0103992201338761
2022-09-30,0.00920380809527204
2022-10-10,0.0101323384914374
2022-10-11,0.0115906664560677
2022-10-12,0.0105388080811759
2022-10-13,0.0120188422518674
2022-10-14,0.0100168626722837
2022-10-17,0.0112907237498696
2022-10-18,0.0112559456425063
2022-10-19,0.0156276877418899
2022-10-20,0.0109379689015487
2022-10-21,0.0112740750979365
2022-10-24,0.0106299676922242
2022-10-25,0.0102408768505891
2022-10-26,0.0109499535258255
2022-10-27,0.011327410400483
2022-10-28,0.0104123462470072
2022-10-31,0.0110054316655707
2022-11-01,0.0110421104428385
2022-11-02,0.0107806144286424
2022-11-03,0.0105327054350391
2022-11-04,0.0112551680980051
2022-11-07,0.0107703688415497
2022-11-08,0.0103438983891134
2022-11-09,0.0104744545172686
2022-11-10,0.0104266193468142
2022-11-11,0.0110081199113886
2022-11-14,0.0110290913490082
2022-11-15,0.0118535555571309
2022-11-16,0.0118615951022397
2022-11-17,0.011829376105389
2022-11-18,0.0123528293984657
2022-11-21,0.0107609505125975
2022-11-22,0.014370268409115
2022-11-23,0.0119268789931955
2022-11-24,0.0101039846037113
2022-11-25,0.00992265488403115
2022-11-28,0.0115786609100807
2022-11-29,0.0117217193813441
2022-11-30,0.0115048032262875
2022-12-01,0.0116653423512356
2022-12-02,0.00979999967105918
2022-12-05,0.00990560371731846
2022-12-06,0.0114016495937633
2022-12-07,0.0113428437143407
2022-12-08,0.0100649774787316
2022-12-09,0.010929309731237
2022-12-12,0.0116303162264635
2022-12-13,0.0110666226151053
2022-12-14,0.0115021435970625
2022-12-15,0.011313416140037
2022-12-16,0.0114677809188357
2022-12-19,0.0112911806716105
2022-12-20,0.0120830107900494
2022-12-21,0.0118964892774606
2022-12-22,0.0159652786019221
2022-12-23,0.0149753765616497
2022-12-26,0.0146732045500669
2022-12-27,0.0136756548578861
2022-12-28,0.0143416395160797
2022-12-29,0.0124140550035835
2022-12-30,0.0134844114518535
2023-01-03,0.0139066960043579
2023-01-04,0.0125191693875973
2023-01-05,0.0120617585217823
2023-01-06,0.0127740253404619
2023-01-09,0.0108947919780794
2023-01-10,0.0104715348956745
2023-01-11,0.0114058535973148
2023-01-12,0.010236843046755
2023-01-13,0.00911535184236118
2023-01-16,0.0100794170014214
2023-01-17,0.0133341325406362
2023-01-18,0.00970606668731901
2023-01-19,0.00955919983771827
2023-01-20,0.00920495919327579
2023-01-30,0.00977216716737797
2023-01-31,0.00979100814769768
2023-02-01,0.0104592308761641
2023-02-02,0.00989333222295868
2023-02-03,0.00837296274972714
2023-02-06,0.00771599098147494
2023-02-07,0.0113917709916912
2023-02-08,0.00790277713895964
2023-02-09,0.0133127066551829
2023-02-10,0.00848100991088018
2023-02-13,0.00861177982072619
2023-02-14,0.00838852052029275
2023-02-15,0.00794627731151262
2023-02-16,0.00920527241184618
2023-02-17,0.0100590713309067
2023-02-20,0.00845172665723671
2023-02-21,0.00885659613298155
2023-02-22,0.00824330428869891
2023-02-23,0.00872632771442999
2023-02-24,0.00895022213367039
2023-02-27,0.00897119025064057
2023-02-28,0.00956865281345292
2023-03-01,0.00893286916156318
2023-03-02,0.00904667035262227
2023-03-03,0.00944152358274604
2023-03-06,0.00926597037090219
2023-03-07,0.010629202837053
2023-03-08,0.00995596474009696
2023-03-09,0.0104374038463647
2023-03-10,0.0105378393131547
2023-03-13,0.00939475525380786
2023-03-14,0.00866098209480006
2023-03-15,0.00792926623621212
2023-03-16,0.00907416842266441
2023-03-17,0.00933322499626182
2023-03-20,0.00863973777325758
2023-03-21,0.00801797795241435
2023-03-22,0.00932038974284333
2023-03-23,0.0112001979559011
2023-03-24,0.00899141115523619
2023-03-27,0.00895210827199543
2023-03-28,0.00786021467715969
2023-03-29,0.00953934513406235
2023-03-30,0.0081220104890956
2023-03-31,0.00908441528561209
2023-04-03,0.00925466513135838
2023-04-04,0.0124776843296201
2023-04-06,0.00961176902353906
2023-04-07,0.0090972953081853
2023-04-10,0.00884922515073003
2023-04-11,0.00988457738068356
2023-04-12,0.0105015013460227
2023-04-13,0.00903111760040438
2023-04-14,0.00962223055863883
2023-04-17,0.00827257501788651
2023-04-18,0.00903880656852524
2023-04-19,0.00915227167854359
2023-04-20,0.0091412723825423
2023-04-21,0.00898621756509812
2023-04-24,0.0104715064897544
2023-04-25,0.00865612321447728
2023-04-26,0.0104498796013867
2023-04-27,0.010799377368798
2023-04-28,0.00974067305656569
2023-05-04,0.00915149705008373
2023-05-05,0.00847588796675145
2023-05-08,0.00923342071428393
2023-05-09,0.00956158203884725
2023-05-10,0.00868499968237476
2023-05-11,0.00860960425367269
2023-05-12,0.0106486289466596
2023-05-15,0.0104833295650293
2023-05-16,0.0105268704512939
2023-05-17,0.0102729183878733
2023-05-18,0.0105494891276251
2023-05-19,0.0108760150534634
2023-05-22,0.0120606003550571
2023-05-23,0.00983429573029686
2023-05-24,0.0108522328573594
2023-05-25,0.00905623964366546
2023-05-26,0.0123893174147884
2023-05-29,0.0100443481599759
2023-05-30,0.00870480859648098
2023-05-31,0.009734579615538
2023-06-01,0.00900502283696969
2023-06-02,0.00920815595150313
2023-06-05,0.00915778026536806
2023-06-06,0.00916370141627526
2023-06-07,0.00948769358056383
2023-06-08,0.00865749082331017
2023-06-09,0.009363279927526
2023-06-12,0.0101865083481975
2023-06-13,0.00898554284461754
2023-06-14,0.00948904629417795
2023-06-15,0.0104759820693646
2023-06-16,0.0110548612491935
2023-06-19,0.00841594361825953
2023-06-20,0.00882893575628675
2023-06-21,0.00907260285655784
2023-06-26,0.0101568803872069
2023-06-27,0.00886653327706238
2023-06-28,0.00978798974705255
2023-06-29,0.0102600472114069
2023-06-30,0.0101455992073504
2023-07-03,0.010676229492368
2023-07-04,0.0102664440839784
2023-07-05,0.00917801969555972
2023-07-06,0.00889609900132893
2023-07-07,0.00922697429456288
2023-07-10,0.00974399790418557
2023-07-11,0.0100215834940442
2023-07-12,0.0103921216641471
2023-07-13,0.00847843912393097
2023-07-14,0.00989501686266724
2023-07-17,0.00839905839044699
2023-07-18,0.00814883003607353
2023-07-19,0.00839345617922134
2023-07-20,0.0102759091487055
2023-07-21,0.00861854273277169
2023-07-24,0.00875601778658937
2023-07-25,0.00765513637569371
2023-07-26,0.00975661679350652
2023-07-27,0.00931052773622498
2023-07-28,0.00790328302196861
2023-07-31,0.00814607252012207
2023-08-01,0.00798013664942111
2023-08-02,0.00745775892722108
2023-08-03,0.00779734276872954
2023-08-04,0.00816491615640058
2023-08-07,0.00857864938221014
2023-08-08,0.00772858040824016
2023-08-09,0.00821343083288519
2023-08-10,0.00865847837711849
2023-08-11,0.0083957971045153
2023-08-14,0.0081940920287881
2023-08-15,0.00801215357195864
2023-08-16,0.00692935626669222
2023-08-17,0.00731911230752346
2023-08-18,0.00674919829719119
2023-08-21,0.00701504990009127
2023-08-22,0.00739223715304381
2023-08-23,0.00768791449037736
2023-08-24,0.00789467260817466
2023-08-25,0.00729954191320797
2023-08-28,0.00724530386602338
2023-08-29,0.00890133638656209
2023-08-30,0.00763908078008142
2023-08-31,0.00916094645134355
2023-09-01,0.00926986599936501
2023-09-04,0.00829044371430292
2023-09-05,0.0114945396201157
2023-09-06,0.00836520064083895
2023-09-07,0.00835237692639637
2023-09-08,0.00918300649116319
2023-09-11,0.00803609176319425
2023-09-12,0.0100937417073885
2023-09-13,0.0101653476493776
2023-09-14,0.00938906476423307
2023-09-15,0.00807113038693444
2023-09-18,0.00865298715363984
2023-09-19,0.0116447948670824
2023-09-20,0.00651343774289041
2023-09-21,0.0105491315924248
2023-09-22,0.0110118824298937
2023-09-25,0.0105224717254122
2023-09-26,0.011104459892303
2023-09-27,0.0112711332573407
2023-09-28,0.010830545143539
2023-10-09,0.0120453731097982
2023-10-10,0.00722300361697792
2023-10-11,0.00743998045458254
2023-10-12,0.00774429877855749
2023-10-13,0.00642364519094517
2023-10-16,0.00983604733518798
2023-10-17,0.00753652853633151
2023-10-18,0.00636476464879884
2023-10-19,0.00776652421637286
2023-10-20,0.00886189188878699
2023-10-23,0.0069277681574232
2023-10-24,0.00776128846699851
2023-10-25,0.00828288095462012
2023-10-26,0.00816981412623318
2023-10-27,0.00699696716123192
2023-10-30,0.00729484259314198
2023-10-31,0.00772216699390808
2023-11-01,0.00901860097377758
2023-11-02,0.0086996760616779
2023-11-03,0.00799670864676147
2023-11-06,0.00791273652942373
2023-11-07,0.00652962364981654
2023-11-08,0.00894219389492437
2023-11-09,0.00899348851366485
2023-11-10,0.00770573687013863
2023-11-13,0.00735496020244448
2023-11-14,0.00787312576246341
2023-11-15,0.00740332033725258
2023-11-16,0.00983263478460716
2023-11-17,0.00820340624299253
2023-11-20,0.00908623892348724
2023-11-21,0.00862395425215965
2023-11-22,0.00954926827407119
2023-11-23,0.00871184091229601
2023-11-24,0.00842747196581228
2023-11-27,0.00766619660560181
2023-11-28,0.00697729230294416
2023-11-29,0.0066018949420926
2023-11-30,0.00691543884467836
2023-12-01,0.00744683492160484
2023-12-04,0.00849347493015911
2023-12-05,0.00849017434911316
2023-12-06,0.00826113576879802
2023-12-07,0.0086412519906839
2023-12-08,0.0103696585158812
2023-12-11,0.00894222662876792
2023-12-12,0.0078463070615247
2023-12-13,0.00790529613817087
2023-12-14,0.00845635015360296
2023-12-15,0.00716053186407063
2023-12-18,0.00824394402920028
2023-12-19,0.00870293919961454
2023-12-20,0.00769157081533011
2023-12-21,0.00810551886655606
2023-12-22,0.00809876314305486
2023-12-25,0.00750708009304498
2023-12-26,0.00749078498094159
2023-12-27,0.00735609698824067
2023-12-28,0.0081305353323845
2023-12-29,0.00640662170711748
2024-01-02,0.00848246646905729
2024-01-03,0.00843948542910762
2024-01-04,0.0076708758033317
2024-01-05,0.00784584681861714
2024-01-08,0.00735777556584421
2024-01-09,0.00723461498475876
2024-01-10,0.00747955690843152
2024-01-11,0.0082836839087276
2024-01-12,0.00759858527865528
2024-01-15,0.00718380325809285
2024-01-16,0.00740060171521965
2024-01-17,0.00899264297025484
2024-01-18,0.0085577979148041
2024-01-19,0.00954765241962392
2024-01-22,0.0105922766952309
2024-01-23,0.00902849803062874
2024-01-24,0.00981204031820908
2024-01-25,0.00948523591143006
2024-01-26,0.00980810218073943
2024-01-29,0.00826678622065824
2024-01-30,0.00944111036805664
2024-01-31,0.00866946083526856
2024-02-01,0.0102282234190654
2024-02-02,0.00963568565017726
2024-02-05,0.0106688598871957
2024-02-06,0.00906473072138865
2024-02-07,0.0120402594477347
2024-02-08,0.00936407024308747
2024-02-19,0.0087994431213547
2024-02-20,0.00838067280789075
2024-02-21,0.00919348121063985
2024-02-22,0.00885025447559186
2024-02-23,0.00808585326455838
2024-02-26,0.00782982134995046
2024-02-27,0.0116843786690171
2024-02-28,0.00913612998489254
2024-02-29,0.00867206732263821
2024-03-01,0.0109910586317339
2024-03-04,0.0107043463600577
2024-03-05,0.0106766592147987
2024-03-06,0.010417651927117
2024-03-07,0.0104416353051315
2024-03-08,0.0112282331861034
2024-03-11,0.0105056750594926
2024-03-12,0.0107931132412929
2024-03-13,0.0108064590519673
2024-03-14,0.0110980594131777
2024-03-15,0.0108139669089257
2024-03-18,0.0100864672835903
2024-03-19,0.00989294788080424
2024-03-20,0.00991207805082043
2024-03-21,0.00993128026959966
2024-03-22,0.00935655146162388
2024-03-25,0.00981306583110909
2024-03-26,0.0123240935140507
2024-03-27,0.0105138581818466
2024-03-28,0.00975198097941639
2024-03-29,0.0091876254426911
2024-04-01,0.00867015746745367
2024-04-02,0.0101762987414249
2024-04-03,0.0091305588109894
2024-04-08,0.00968841599573181
2024-04-09,0.0112043086787272
2024-04-10,0.0111476057351611
2024-04-11,0.00845430076091622
2024-04-12,0.00879519725432259
2024-04-15,0.00904877150948491
2024-04-16,0.00953917753050306
2024-04-17,0.00946342490004927
2024-04-18,0.00890182784895938
2024-04-19,0.00945572892532738
2024-04-22,0.00956181111057351
2024-04-23,0.00979910234667047
2024-04-24,0.00955262255978903
2024-04-25,0.0117649810198634
2024-04-26,0.0117888390101733
2024-04-29,0.00980144286242729
2024-04-30,0.00997367506926563
2024-05-06,0.0115980218054435
2024-05-07,0.0103665654029194
2024-05-08,0.0116494891165357
2024-05-09,0.0102649795834699
2024-05-10,0.0103584972937058
2024-05-13,0.0099109940092492
2024-05-14,0.00922830572729181
2024-05-15,0.00939030590221765
2024-05-16,0.00979851963493945
2024-05-17,0.0091661243909969
2024-05-20,0.0120165398241428
2024-05-21,0.0113851087777774
2024-05-22,0.012135901318261
2024-05-23,0.0115032462156216
2024-05-24,0.0116859515135304
2024-05-27,0.00867769259362654
2024-05-28,0.00799812770311503
2024-05-29,0.0090915977622555
2024-05-30,0.0111658643455106
2024-05-31,0.0176308814537364
2024-06-03,0.0104683462199675
2024-06-04,0.00933302308164858
2024-06-05,0.00917824493699395
2024-06-06,0.00946512339849357
2024-06-07,0.00837756946459431
2024-06-11,0.00917379164788631
2024-06-12,0.00947191047313956
2024-06-13,0.00866415938497413
2024-06-14,0.0167269030483927
2024-06-17,0.0137003980444024
2024-06-18,0.0133196974139217
2024-06-19,0.0106181849004575
2024-06-20,0.0101882112221927
2024-06-21,0.00884254066385882
2024-06-24,0.0103859439627019
2024-06-25,0.00874260038168663
2024-06-26,0.00903335499049206
2024-06-27,0.00750184487794953
2024-06-28,0.00729214150233424
2024-07-01,0.00943768328449667
2024-07-02,0.00982619402837318
2024-07-03,0.00862052947909272
2024-07-04,0.00904415286033373
2024-07-05,0.00946346178462039
2024-07-08,0.0103546628299573
2024-07-09,0.0089448332433706
2024-07-10,0.0082837351270505
2024-07-11,0.00988457492255799
2024-07-12,0.00806056123907582
2024-07-15,0.010832243668474
2024-07-16,0.00923238289559167
2024-07-17,0.00799418166401308
2024-07-18,0.00841859636482185
2024-07-19,0.00822136908738064
2024-07-22,0.00962128886960924
2024-07-23,0.00824247558213784
2024-07-24,0.00925315077116952
2024-07-25,0.0116986260909898
2024-07-26,0.0111791811340912
2024-07-29,0.00874346290267597
2024-07-30,0.00964578667489013
2024-07-31,0.0107898156968037
2024-08-01,0.0103507178778247
2024-08-02,0.0106039394650594
2024-08-05,0.0103015095732748
2024-08-06,0.0111750390979228
2024-08-07,0.0104700811459535
2024-08-08,0.0126528116046665
2024-08-09,0.00881585197156987
2024-08-12,0.0108979310565986
2024-08-13,0.00828975315411995
2024-08-14,0.00791973493305137
2024-08-15,0.00988911322749012
2024-08-16,0.00922186118433557
2024-08-19,0.00896340235262124
2024-08-20,0.00870964241319397
2024-08-21,0.00819051136133412
2024-08-22,0.00809822473284169
2024-08-23,0.00889851813911008
2024-08-26,0.0101826051676166
2024-08-27,0.00929184535972503
2024-08-28,0.00916777309242431
2024-08-29,0.0091142082098835
2024-08-30,0.0091062216816047
2024-09-02,0.00985485883538853
2024-09-03,0.0081208627884364
2024-09-04,0.00848353470426957
2024-09-05,0.00801240779713774
2024-09-06,0.0103861159424609
2024-09-09,0.00966157847242314
2024-09-10,0.00990968090652934
2024-09-11,0.00945453618823473
2024-09-12,0.00927710541433173
2024-09-13,0.0107701878557729
2024-09-18,0.00999371229220755
2024-09-19,0.00973227023134514
2024-09-20,0.0105040314748232
2024-09-23,0.00895650534104195
2024-09-24,0.00897408496890901
2024-09-25,0.00876358736324529
2024-09-26,0.00939804106379487
2024-09-27,0.0099969861043228
2024-09-30,0.00997321214242704
2024-10-08,0.00965878853016123
2024-10-09,0.0104243929278284
2024-10-10,0.00853695559829648
2024-10-11,0.0122546829678248
2024-10-14,0.00892830543280068
2024-10-15,0.0105422116171051
2024-10-16,0.0114419904836955
2024-10-17,0.0107891020900508
2024-10-18,0.0122424859203119
2024-10-21,0.0111460127726331
2024-10-22,0.0112019939285478
2024-10-23,0.011424734957787
2024-10-24,0.0127169654987347
2024-10-25,0.0156283037476627
2024-10-28,0.0145248325883252
2024-10-29,0.0130316383111612
2024-10-30,0.0108392723888163
2024-10-31,0.012901181050049
2024-11-01,0.0106418250911987
2024-11-04,0.0109624576076613
2024-11-05,0.0123018591999814
2024-11-06,0.0139370278702154
2024-11-07,0.0134332206110256
2024-11-08,0.0163594535618265
2024-11-11,0.0148802487446363
2024-11-12,0.0131130435408665
2024-11-13,0.0150361286865762
2024-11-14,0.0170043159015712
2024-11-15,0.0181277151972684
2024-11-18,0.0151938432426739
2024-11-19,0.0150535933709451
2024-11-20,0.015008769536185
2024-11-21,0.0122707093797053
2024-11-22,0.0129517513970042
2024-11-25,0.0153054701893223
2024-11-26,0.0169489712950608
2024-11-27,0.0157264020646959
2024-11-28,0.0137983356340398
2024-11-29,0.0146049448174634
2024-12-02,0.0180731966275506
2024-12-03,0.0164055570952596
2024-12-04,0.0165781730939309
2024-12-05,0.0159449164483474
2024-12-06,0.0154595703507474
2024-12-09,0.0150619750099434
2024-12-10,0.0178080487480146
2024-12-11,0.0187258911532582
2024-12-12,0.0188328793855231
2024-12-13,0.0154051946761143
2024-12-16,0.0188794148235199
2024-12-17,0.0147505655595376
2024-12-18,0.014512306293867
2024-12-19,0.0159372789296568
2024-12-20,0.0163178368364932
2024-12-23,0.0172744470710248
2024-12-24,0.0161110869731703
2024-12-25,0.0189837172520674
2024-12-26,0.0183159280687607
2024-12-27,0.0212297258182306
2024-12-30,0.0182602352662308
2024-12-31,0.0183559147113328
2025-01-02,0.0156775886510843
2025-01-03,0.0157094909892076
2025-01-06,0.0173968445412036
2025-01-07,0.0156573050153816
2025-01-08,0.0156155729649977
2025-01-09,0.015396813984108
2025-01-10,0.017043174333279
2025-01-13,0.0159737690621493
2025-01-14,0.0151563263634843
2025-01-15,0.0140253093578965
2025-01-16,0.0159649981257441
2025-01-17,0.0162394460127695
2025-01-20,0.0160756716019937
2025-01-21,0.0151818214408559
2025-01-22,0.0151146064520008
2025-01-23,0.0141609335267924
2025-01-24,0.013792857341155
2025-01-27,0.0139900385360687
