date,mean_Sharpe
2015-01-07,0.0682308560155721
2015-01-08,0.0683731395117998
2015-01-09,0.0684558099322599
2015-01-12,0.0687708774070183
2015-01-13,0.068584009643562
2015-01-14,0.0683992654949758
2015-01-15,0.0682796555982858
2015-01-16,0.0682684026329433
2015-01-19,0.0686312729332736
2015-01-20,0.0685460529156832
2015-01-21,0.0683234024162165
2015-01-22,0.0681251181890764
2015-01-23,0.0677568915731394
2015-01-26,0.0674408902251566
2015-01-27,0.0669115755231019
2015-01-28,0.0662600479142926
2015-01-29,0.0657002667578733
2015-01-30,0.0652994668165814
2015-02-02,0.065012727309062
2015-02-03,0.0647158927504385
2015-02-04,0.0644139154878021
2015-02-05,0.0638628620131326
2015-02-06,0.0635210862220977
2015-02-09,0.0633323800831095
2015-02-10,0.063107916630654
2015-02-11,0.062906816151302
2015-02-12,0.062833240464385
2015-02-13,0.0626727569062157
2015-02-16,0.0622942923461449
2015-02-17,0.0619094945205298
2015-02-25,0.0615155811592581
2015-02-26,0.0609853386142477
2015-02-27,0.0605129620919303
2015-03-02,0.0599593848079088
2015-03-03,0.0595855164358612
2015-03-04,0.0591675382138166
2015-03-05,0.0587752982955607
2015-03-06,0.0582297649433916
2015-03-09,0.0576092674814392
2015-03-10,0.0568490863281893
2015-03-11,0.0557908928394017
2015-03-12,0.0545406008935249
2015-03-13,0.0542088743600796
2015-03-16,0.0541893771803858
2015-03-17,0.0551366950837493
2015-03-18,0.0558052335154312
2015-03-19,0.0562310162181823
2015-03-20,0.0565363214848819
2015-03-23,0.0568116385878624
2015-03-24,0.057017621556754
2015-03-25,0.0576938079220582
2015-03-26,0.0583613520551345
2015-03-27,0.058897329172514
2015-03-30,0.060488480568963
2015-03-31,0.0623637125068999
2015-04-01,0.0640883022648775
2015-04-02,0.065625924197967
2015-04-03,0.0671412127322498
2015-04-07,0.0691646907231002
2015-04-08,0.0709700321248114
2015-04-09,0.0720667274825024
2015-04-10,0.0730730477923277
2015-04-13,0.0741408807950332
2015-04-14,0.074955019107189
2015-04-15,0.0754139355487889
2015-04-16,0.0759241120259301
2015-04-17,0.0768977943710127
2015-04-20,0.077279929929253
2015-04-21,0.0779644249210162
2015-04-22,0.0787052238060062
2015-04-23,0.0794989533005085
2015-04-24,0.0813460217850744
2015-04-27,0.0828991473273007
2015-04-28,0.0834927234659699
2015-04-29,0.0841192610336341
2015-04-30,0.0846311882512441
2015-05-04,0.0850323860232441
2015-05-05,0.0849377802969086
2015-05-06,0.0847528343927437
2015-05-07,0.0844509612506028
2015-05-08,0.0842007925077338
2015-05-11,0.0839358076955014
2015-05-12,0.0836771111698824
2015-05-13,0.0833272274709977
2015-05-14,0.0829097052062789
2015-05-15,0.082402591563286
2015-05-18,0.0816752854184734
2015-05-19,0.0813771927559156
2015-05-20,0.0808687695881164
2015-05-21,0.0803426348025356
2015-05-22,0.0801243315375151
2015-05-25,0.0799764956753922
2015-05-26,0.0799189801253283
2015-05-27,0.0799498950532583
2015-05-28,0.0791567702927231
2015-05-29,0.0782569084039759
2015-06-01,0.0774236858490252
2015-06-02,0.0764515419964028
2015-06-03,0.0754242441006371
2015-06-04,0.0743670930903596
2015-06-05,0.0733185662264128
2015-06-08,0.0722491347557011
2015-06-09,0.071018828614851
2015-06-10,0.0694096663618794
2015-06-11,0.0672504262356687
2015-06-12,0.065832225098074
2015-06-15,0.0644714673180536
2015-06-16,0.0636759297817358
2015-06-17,0.0628164323782413
2015-06-18,0.0617407935383001
2015-06-19,0.061031984858514
2015-06-23,0.0605424126282345
2015-06-24,0.0596874088356719
2015-06-25,0.0594489123389855
2015-06-26,0.0602340036305082
2015-06-29,0.062011990790998
2015-06-30,0.0635256134921203
2015-07-01,0.0660665585868391
2015-07-02,0.0698318205305957
2015-07-03,0.0746463214158752
2015-07-06,0.0799588122911593
2015-07-07,0.0861153681516471
2015-07-08,0.0921228390465392
2015-07-09,0.0965922289005977
2015-07-10,0.100183792780603
2015-07-13,0.10317806675675
2015-07-14,0.105815828181809
2015-07-15,0.108552517799036
2015-07-16,0.111141288157942
2015-07-17,0.11317905425271
2015-07-20,0.114882847571138
2015-07-21,0.116451834260168
2015-07-22,0.118100837853666
2015-07-23,0.119476898607201
2015-07-24,0.120245990358826
2015-07-27,0.121423352067481
2015-07-28,0.122998086962374
2015-07-29,0.124225000897653
2015-07-30,0.125581085762126
2015-07-31,0.126957749580255
2015-08-03,0.128408507814177
2015-08-04,0.129355585354761
2015-08-05,0.130146968331368
2015-08-06,0.131023398887526
2015-08-07,0.131578962613536
2015-08-10,0.132028988514324
2015-08-11,0.132211156564056
2015-08-12,0.132282972974205
2015-08-13,0.13228077460127
2015-08-14,0.132247403830292
2015-08-17,0.131625438901023
2015-08-18,0.131161338980376
2015-08-19,0.130617222101251
2015-08-20,0.129906215671415
2015-08-21,0.12925706061558
2015-08-24,0.129030913585102
2015-08-25,0.128692264933036
2015-08-26,0.129153338318304
2015-08-27,0.129209857625149
2015-08-28,0.128668349679233
2015-08-31,0.127772622047296
2015-09-01,0.127306693772378
2015-09-02,0.126558060943933
2015-09-07,0.125465823289645
2015-09-08,0.123677379555016
2015-09-09,0.121131967041929
2015-09-10,0.11816355582815
2015-09-11,0.114536476734468
2015-09-14,0.110717334260655
2015-09-15,0.107430266425398
2015-09-16,0.103834655201759
2015-09-17,0.0999256622750914
2015-09-18,0.0960619362664735
2015-09-21,0.0930012300733965
2015-09-22,0.0897528073721288
2015-09-23,0.0857619658097699
2015-09-24,0.0819240240968609
2015-09-25,0.0792119887066296
2015-09-28,0.0772988724562736
2015-09-29,0.0749219566263797
2015-09-30,0.0731385538274548
2015-10-08,0.0723291649881374
2015-10-09,0.0723701918565316
2015-10-12,0.0730820306982871
2015-10-13,0.0743932067474148
2015-10-14,0.0758809886329028
2015-10-15,0.0770581938468316
2015-10-16,0.0778356051434206
2015-10-19,0.078133957665433
2015-10-20,0.0783996382853219
2015-10-21,0.078640175414478
2015-10-22,0.0789364123222579
2015-10-23,0.0788754871340314
2015-10-26,0.0786814932130394
2015-10-27,0.0785059470736928
2015-10-28,0.0782703613156884
2015-10-29,0.0778725673842909
2015-10-30,0.0775030980716562
2015-11-02,0.0775812490761815
2015-11-03,0.0778811470783899
2015-11-04,0.0780419322611372
2015-11-05,0.0784332881981712
2015-11-06,0.0790287976400334
2015-11-09,0.0799134907544727
2015-11-10,0.0802685235669328
2015-11-11,0.0805459612327678
2015-11-12,0.0809658925426834
2015-11-13,0.0810521249486031
2015-11-16,0.080956643896751
2015-11-17,0.0808019465576911
2015-11-18,0.080670929545897
2015-11-19,0.0803364862653133
2015-11-20,0.0797280429474944
2015-11-23,0.0792146837884513
2015-11-24,0.0792675768642647
2015-11-25,0.0792938814619759
2015-11-26,0.0796446683216175
2015-11-27,0.0800501814415799
2015-11-30,0.0809325957210095
2015-12-01,0.0824279957491405
2015-12-02,0.0845141011696139
2015-12-03,0.0861869560108248
2015-12-04,0.0869497667191421
2015-12-07,0.0878005567576816
2015-12-08,0.0885779367956459
2015-12-09,0.0892943783302866
2015-12-10,0.0891343844541221
2015-12-11,0.0889004812472714
2015-12-14,0.088602503792109
2015-12-15,0.0881779507001237
2015-12-16,0.0876992108682691
2015-12-17,0.0874135943109797
2015-12-18,0.0874967984360911
2015-12-21,0.0873287607816379
2015-12-22,0.0871149783140659
2015-12-23,0.0864087245612812
2015-12-24,0.0858665910119607
2015-12-25,0.0850961674549117
2015-12-28,0.0836347406676126
2015-12-29,0.0824463600689716
2015-12-30,0.0818557217373715
2015-12-31,0.0814421121276001
2016-01-04,0.079502478352397
2016-01-05,0.0780567982464322
2016-01-06,0.0772593336424223
2016-01-07,0.0766713187630521
2016-01-08,0.0765340176921757
2016-01-11,0.0768895040963913
2016-01-12,0.0768431624609105
2016-01-13,0.0774510346121072
2016-01-14,0.0779867175547379
2016-01-15,0.0785427238827624
2016-01-18,0.079210056879534
2016-01-19,0.0791401157703804
2016-01-20,0.0792131828179683
2016-01-21,0.0796226647131131
2016-01-22,0.0800028473579441
2016-01-25,0.0802035162666333
2016-01-26,0.0806749392593592
2016-01-27,0.0813139911376451
2016-01-28,0.0823055072403763
2016-01-29,0.0829327921204437
2016-02-01,0.0837678728193812
2016-02-02,0.0847760477229944
2016-02-03,0.0858086975001701
2016-02-04,0.0868214650483147
2016-02-05,0.0879527669775999
2016-02-15,0.0891590824445836
2016-02-16,0.0898714749067432
2016-02-17,0.090590563327543
2016-02-18,0.0911372516233661
2016-02-19,0.0917779828516532
2016-02-22,0.0921508353354718
2016-02-23,0.0923882450005215
2016-02-24,0.0926775503201776
2016-02-25,0.0936092243429875
2016-02-26,0.094140273732706
2016-02-29,0.0952913263076321
2016-03-01,0.0962056983752958
2016-03-02,0.0968117919958944
2016-03-03,0.0971416174644408
2016-03-04,0.0975619690359096
2016-03-07,0.0975594251754015
2016-03-08,0.0970918630647386
2016-03-09,0.0970345858372429
2016-03-10,0.0973019754557205
2016-03-11,0.0974396283262005
2016-03-14,0.0970348559289553
2016-03-15,0.0963187144390707
2016-03-16,0.0957809251516494
2016-03-17,0.095238681783571
2016-03-18,0.0946947361014626
2016-03-21,0.0941004746450341
2016-03-22,0.0933098698138121
2016-03-23,0.0914569243527969
2016-03-24,0.0884507168592069
2016-03-25,0.0860207140958491
2016-03-28,0.0827466420352407
2016-03-29,0.0798589690885448
2016-03-30,0.0771062414459712
2016-03-31,0.0741651213824451
2016-04-01,0.0710029999221771
2016-04-05,0.0676565966423627
2016-04-06,0.0628671864911777
2016-04-07,0.0581623324304325
2016-04-08,0.0549348532433938
2016-04-11,0.0521137995170193
2016-04-12,0.048713896586884
2016-04-13,0.0480280953765399
2016-04-14,0.0475801270895502
2016-04-15,0.0490705247874433
2016-04-18,0.0502815854393523
2016-04-19,0.0523328951938921
2016-04-20,0.0532987676373528
2016-04-21,0.0547470588768005
2016-04-22,0.0559575763855609
2016-04-25,0.0563461928088679
2016-04-26,0.0570247364611005
2016-04-27,0.0582507350326994
2016-04-28,0.0591620352179154
2016-04-29,0.059847969887101
2016-05-03,0.0620077148121473
2016-05-04,0.0641895359128895
2016-05-05,0.0671818563524166
2016-05-06,0.0689070869503799
2016-05-09,0.0698466886064808
2016-05-10,0.0701177990376765
2016-05-11,0.0703134733867169
2016-05-12,0.0703115745734746
2016-05-13,0.0699481033703053
2016-05-16,0.0697546411347502
2016-05-17,0.0694524264625028
2016-05-18,0.0691145945152082
2016-05-19,0.0688593237591772
2016-05-20,0.068296278544867
2016-05-23,0.0680942529759676
2016-05-24,0.0678755873462508
2016-05-25,0.0676165970247621
2016-05-26,0.0672689090761215
2016-05-27,0.0667803056805971
2016-05-30,0.0664905987889355
2016-05-31,0.0662391643094318
2016-06-01,0.0661721597893763
2016-06-02,0.0663783178146505
2016-06-03,0.066567118706967
2016-06-06,0.0667431959795354
2016-06-07,0.066851809419279
2016-06-08,0.0666079367443334
2016-06-13,0.0660445915884088
2016-06-14,0.065213242893128
2016-06-15,0.0648915088143416
2016-06-16,0.0645571459289527
2016-06-17,0.0641347438757279
2016-06-20,0.0638800614823904
2016-06-21,0.0636740526709444
2016-06-22,0.0634119005724791
2016-06-23,0.0631605011800854
2016-06-24,0.0628301459499464
2016-06-27,0.0620524534786634
2016-06-28,0.0612902409825701
2016-06-29,0.0602039475092605
2016-06-30,0.0590499133505627
2016-07-01,0.0581662226298062
2016-07-04,0.0571495419906953
2016-07-05,0.0562601060888352
2016-07-06,0.0554867496170642
2016-07-07,0.0545680151359147
2016-07-08,0.053559391036845
2016-07-11,0.0530991737003606
2016-07-12,0.0528991013907396
2016-07-13,0.0524167081279279
2016-07-14,0.0523590680244736
2016-07-15,0.0523233271865932
2016-07-18,0.0522985936446363
2016-07-19,0.0522525519658278
2016-07-20,0.0520368920811513
2016-07-21,0.0520752240768836
2016-07-22,0.0520521320653164
2016-07-25,0.0519830983129742
2016-07-26,0.0520087364825032
2016-07-27,0.0519855831987096
2016-07-28,0.0519094049558036
2016-07-29,0.0519363713228014
2016-08-01,0.052094907784248
2016-08-02,0.0516350085334274
2016-08-03,0.0510029522091187
2016-08-04,0.0493900372778212
2016-08-05,0.0488870154954013
2016-08-08,0.0496740093950689
2016-08-09,0.0506846444817822
2016-08-10,0.0517640655415268
2016-08-11,0.0526548973783252
2016-08-12,0.0537703957163206
2016-08-15,0.0548572169799585
2016-08-16,0.0559847440289401
2016-08-17,0.0577115324256722
2016-08-18,0.0591741942583773
2016-08-19,0.0603139989502499
2016-08-22,0.0609709355786486
2016-08-23,0.0617229560705327
2016-08-24,0.062145068081469
2016-08-25,0.0629824469453669
2016-08-26,0.0637001499866656
2016-08-29,0.0644817352853836
2016-08-30,0.0648067698576491
2016-08-31,0.0650444203159065
2016-09-01,0.06514476434437
2016-09-02,0.0651231928681895
2016-09-05,0.0651143668974365
2016-09-06,0.0651683010004473
2016-09-07,0.065489024856754
2016-09-08,0.0664713754510536
2016-09-09,0.0671823590371959
2016-09-12,0.0674993239461163
2016-09-13,0.0680108590563628
2016-09-14,0.0684256363097885
2016-09-19,0.0688183257872175
2016-09-20,0.0690130345032081
2016-09-21,0.069016974578419
2016-09-22,0.0689845832460474
2016-09-23,0.0687840131618153
2016-09-26,0.0688815348898313
2016-09-27,0.0689253004894261
2016-09-28,0.0689816724473795
2016-09-29,0.0690235229798995
2016-09-30,0.0687719638161003
2016-10-10,0.068890126556269
2016-10-11,0.0689104423120014
2016-10-12,0.0687086310130001
2016-10-13,0.0685940185068796
2016-10-14,0.0683835436017375
2016-10-17,0.0683295874107999
2016-10-18,0.0682645539673023
2016-10-19,0.0681982970327779
2016-10-20,0.0678004349621004
2016-10-21,0.0672989077956995
2016-10-24,0.0665375480831531
2016-10-25,0.0660185154632379
2016-10-26,0.0653803428860119
2016-10-27,0.0650256582987862
2016-10-28,0.0645965141352724
2016-10-31,0.0642199309008461
2016-11-01,0.0639301041451696
2016-11-02,0.0633953798994878
2016-11-03,0.0630501846345621
2016-11-04,0.0626854153707436
2016-11-07,0.0623204211523672
2016-11-08,0.0615104969358793
2016-11-09,0.0607332713517148
2016-11-10,0.0597714500840228
2016-11-11,0.0594793374339132
2016-11-14,0.0596289647964509
2016-11-15,0.0596950357461696
2016-11-16,0.0596990313435648
2016-11-17,0.059919969267326
2016-11-18,0.0600363924217685
2016-11-21,0.0600597178141095
2016-11-22,0.0600176694527785
2016-11-23,0.0597724915841144
2016-11-24,0.0595259520423223
2016-11-25,0.0592530434985947
2016-11-28,0.0591377089595844
2016-11-29,0.0589769074245
2016-11-30,0.0586572655812514
2016-12-01,0.0584176334155282
2016-12-02,0.0581579850841783
2016-12-05,0.0579228265713259
2016-12-06,0.0578008876263107
2016-12-07,0.0575968226791926
2016-12-08,0.0572838775358892
2016-12-09,0.0570480453595833
2016-12-12,0.0573716694737089
2016-12-13,0.0577351258081541
2016-12-14,0.0580813962265807
2016-12-15,0.0580216972441777
2016-12-16,0.0578545485244938
2016-12-19,0.0579811730686035
2016-12-20,0.0580559373988305
2016-12-21,0.0581300021658244
2016-12-22,0.058217703661527
2016-12-23,0.0583660380838055
2016-12-26,0.0584964546965148
2016-12-27,0.058522553365252
2016-12-28,0.0584596209639264
2016-12-29,0.0584941445075114
2016-12-30,0.0584871478937
2017-01-03,0.0584392089353128
2017-01-04,0.0584484437207776
2017-01-05,0.0584145458605543
2017-01-06,0.0584518873052079
2017-01-09,0.0584139080165355
2017-01-10,0.0583731815529286
2017-01-11,0.0583426517332304
2017-01-12,0.05844724603598
2017-01-13,0.0585399172919688
2017-01-16,0.0593447924013032
2017-01-17,0.0599094385180869
2017-01-18,0.0605322380285396
2017-01-19,0.0610969554699392
2017-01-20,0.0617464858294835
2017-01-23,0.0623592840534763
2017-01-24,0.0628225089169813
2017-01-25,0.0632653018891498
2017-01-26,0.0634820942958711
2017-02-03,0.0636651163709878
2017-02-06,0.0637990074673391
2017-02-07,0.063869603364622
2017-02-08,0.0637918430759051
2017-02-09,0.0636661438201969
2017-02-10,0.0633464905525973
2017-02-13,0.0630184058143625
2017-02-14,0.0628777595146765
2017-02-15,0.0626513960452479
2017-02-16,0.0620939843663514
2017-02-17,0.0618741334659969
2017-02-20,0.0615850100581948
2017-02-21,0.0611995414977302
2017-02-22,0.0604532826020857
2017-02-23,0.0598184086726014
2017-02-24,0.0593452880370952
2017-02-27,0.0589201777101735
2017-02-28,0.0584028714284995
2017-03-01,0.0578915127091842
2017-03-02,0.0574004774059246
2017-03-03,0.0567748862054873
2017-03-06,0.0563454032922044
2017-03-07,0.0559845263589039
2017-03-08,0.0555054008266796
2017-03-09,0.0553020423896726
2017-03-10,0.0551460526865787
2017-03-13,0.0549333083984795
2017-03-14,0.0546236970885731
2017-03-15,0.0542837465759994
2017-03-16,0.0536530968034025
2017-03-17,0.054144259213077
2017-03-20,0.0548139707695508
2017-03-21,0.0555208015190216
2017-03-22,0.0561033464063478
2017-03-23,0.0564846378587793
2017-03-24,0.0567226954132334
2017-03-27,0.0569355987943133
2017-03-28,0.0569099506336802
2017-03-29,0.0571173034225084
2017-03-30,0.0574097975427649
2017-03-31,0.0576720150027028
2017-04-05,0.0579459168061688
2017-04-06,0.0582349481306837
2017-04-07,0.0584288765588225
2017-04-10,0.0586926195258539
2017-04-11,0.0588830432751233
2017-04-12,0.0589597598026785
2017-04-13,0.0590413584682306
2017-04-14,0.059262670571857
2017-04-17,0.0596059807453171
2017-04-18,0.0600317338850043
2017-04-19,0.0606134488923242
2017-04-20,0.0611327356146808
2017-04-21,0.0614525981530416
2017-04-24,0.061654230447862
2017-04-25,0.0619755660685085
2017-04-26,0.0622780463107731
2017-04-27,0.0625370656662427
2017-04-28,0.0627191236459957
2017-05-02,0.0629277430553536
2017-05-03,0.0632422204823776
2017-05-04,0.0635783827444833
2017-05-05,0.06405200370544
2017-05-08,0.0647701163770997
2017-05-09,0.0653682176670508
2017-05-10,0.0663398678822348
2017-05-11,0.0675576343056175
2017-05-12,0.0689485730464226
2017-05-15,0.0703453564468265
2017-05-16,0.071412150467306
2017-05-17,0.0723300178454123
2017-05-18,0.0730755487971386
2017-05-19,0.0739103039118451
2017-05-22,0.0747062605697331
2017-05-23,0.0762300851662807
2017-05-24,0.0777283735353906
2017-05-25,0.0789338685197667
2017-05-26,0.0800626811717255
2017-05-31,0.0810566492353996
2017-06-01,0.0822134576234142
2017-06-02,0.0832238211773393
2017-06-05,0.0840322688890248
2017-06-06,0.0846114181496086
2017-06-07,0.0847822912838068
2017-06-08,0.0850301771266304
2017-06-09,0.0851707152650651
2017-06-12,0.0854203209063929
2017-06-13,0.0853410440429236
2017-06-14,0.0851394813025736
2017-06-15,0.0846578482984102
2017-06-16,0.0843086945692552
2017-06-19,0.0839117007382192
2017-06-20,0.0834531572383301
2017-06-21,0.0822691664630507
2017-06-22,0.0812295663747444
2017-06-23,0.0801151360950954
2017-06-26,0.0791268996790134
2017-06-27,0.0782115768700955
2017-06-28,0.0771886243744321
2017-06-29,0.0761673960205594
2017-06-30,0.0753091575474429
2017-07-03,0.0744645334500937
2017-07-04,0.0736949446414906
2017-07-05,0.0729327637154915
2017-07-06,0.0718687720310029
2017-07-07,0.0708087059807873
2017-07-10,0.0696965345250344
2017-07-11,0.0686485442268528
2017-07-12,0.067739693084666
2017-07-13,0.0671923207845696
2017-07-14,0.0665222996330771
2017-07-17,0.0658609859815302
2017-07-18,0.0658448763557582
2017-07-19,0.0666273266024651
2017-07-20,0.0677958960307505
2017-07-21,0.0689738868297447
2017-07-24,0.0699996890171777
2017-07-25,0.0717609869195696
2017-07-26,0.0736119668479401
2017-07-27,0.0750882602283485
2017-07-28,0.07644201604084
2017-07-31,0.0780214423648206
2017-08-01,0.0794552087795613
2017-08-02,0.0807745368544993
2017-08-03,0.0822667699866161
2017-08-04,0.0839897298291345
2017-08-07,0.0863067804150855
2017-08-08,0.0881254651374719
2017-08-09,0.0905151199427817
2017-08-10,0.0926029088676248
2017-08-11,0.0938652645878328
2017-08-14,0.0948270422994078
2017-08-15,0.0955162871615429
2017-08-16,0.0959768835099724
2017-08-17,0.0966017166964736
2017-08-18,0.0970358228377818
2017-08-21,0.0977618276702092
2017-08-22,0.0984242780855881
2017-08-23,0.0985906647309503
2017-08-24,0.0984859471246025
2017-08-25,0.0984660848720862
2017-08-28,0.0985008058149328
2017-08-29,0.0986502468536422
2017-08-30,0.0990731544890446
2017-08-31,0.0987512660372629
2017-09-01,0.0984985560509432
2017-09-04,0.0982167116164705
2017-09-05,0.0976089348443827
2017-09-06,0.0969589276582504
2017-09-07,0.0960636145753194
2017-09-08,0.0953851517348008
2017-09-11,0.0946698730865865
2017-09-12,0.0937524057584261
2017-09-13,0.0928130246953261
2017-09-14,0.0918000487100399
2017-09-15,0.0902520542913869
2017-09-18,0.0888885334714832
2017-09-19,0.0870908087971031
2017-09-20,0.0853518039131511
2017-09-21,0.0838304801461284
2017-09-22,0.0821345171101631
2017-09-25,0.0803880256646538
2017-09-26,0.0786733398815091
2017-09-27,0.076907496824067
2017-09-28,0.0753216560891306
2017-09-29,0.0737471386472016
2017-10-09,0.07224014943853
2017-10-10,0.0704898824737405
2017-10-11,0.0690471659848105
2017-10-12,0.0676890467761153
2017-10-13,0.0660974555216927
2017-10-16,0.0642356019230481
2017-10-17,0.0628692949350357
2017-10-18,0.061296019552821
2017-10-19,0.0589892897443113
2017-10-20,0.057623378059883
2017-10-23,0.0574347680103967
2017-10-24,0.0575283027465594
2017-10-25,0.0576951698760306
2017-10-26,0.0578663477659141
2017-10-27,0.0585100299322217
2017-10-30,0.0596351277244798
2017-10-31,0.0605297833259576
2017-11-01,0.0614415357970591
2017-11-02,0.063002258140437
2017-11-03,0.0646577301140718
2017-11-06,0.0659318484147126
2017-11-07,0.0671445003779705
2017-11-08,0.0681030180427471
2017-11-09,0.069161486713236
2017-11-10,0.0702288593217381
2017-11-13,0.0711902163139397
2017-11-14,0.0719721908009977
2017-11-15,0.0725123467221133
2017-11-16,0.0734059540967052
2017-11-17,0.0748963294231659
2017-11-20,0.0763106546645761
2017-11-21,0.0780045651312172
2017-11-22,0.0796425077556967
2017-11-23,0.0815580806156492
2017-11-24,0.0829035715706419
2017-11-27,0.0840900655358514
2017-11-28,0.0849287015162699
2017-11-29,0.0855431092473957
2017-11-30,0.0863413913931137
2017-12-01,0.0866450661339093
2017-12-04,0.0871113596577744
2017-12-05,0.08771828760729
2017-12-06,0.0885275397082012
2017-12-07,0.089468888785892
2017-12-08,0.0899443305589819
2017-12-11,0.0901306130211389
2017-12-12,0.0900751592382721
2017-12-13,0.0900516677467045
2017-12-14,0.0899383065914237
2017-12-15,0.0899097449942654
2017-12-18,0.0897194483139493
2017-12-19,0.0895974837342434
2017-12-20,0.0894443552407519
2017-12-21,0.0891823807840655
2017-12-22,0.0885054182389794
2017-12-25,0.0879673693545911
2017-12-26,0.0873776450713851
2017-12-27,0.0867184363411124
2017-12-28,0.0859185281232174
2017-12-29,0.0850236874969495
2018-01-02,0.0838932942853698
2018-01-03,0.0828852951945417
2018-01-04,0.0818541820039758
2018-01-05,0.0806663723221451
2018-01-08,0.0795604422423982
2018-01-09,0.0785521398311606
2018-01-10,0.0776486254785173
2018-01-11,0.0763450234489898
2018-01-12,0.0752254083832349
2018-01-15,0.0742800853726841
2018-01-16,0.073374219942442
2018-01-17,0.071835059473306
2018-01-18,0.0702901693302229
2018-01-19,0.0690924105064614
2018-01-22,0.0681379247231839
2018-01-23,0.0670912825856325
2018-01-24,0.0658152389804236
2018-01-25,0.0647513929411484
2018-01-26,0.0645237996737185
2018-01-29,0.0642348953629524
2018-01-30,0.0639914805933339
2018-01-31,0.0639349560826698
2018-02-01,0.0639152063258603
2018-02-02,0.0639532155615765
2018-02-05,0.0639987719287278
2018-02-06,0.0639713229089104
2018-02-07,0.0638964292865176
2018-02-08,0.0635803246830286
2018-02-09,0.0634268663488195
2018-02-12,0.0629850531330582
2018-02-13,0.0622226794383196
2018-02-14,0.0616969276109109
2018-02-22,0.0617902977322938
2018-02-23,0.0619955346502453
2018-02-26,0.0623773512983353
2018-02-27,0.0625548756077246
2018-02-28,0.0628967235195283
2018-03-01,0.0631406880158872
2018-03-02,0.0634855986181383
2018-03-05,0.063710251724065
2018-03-06,0.0639356312898801
2018-03-07,0.0642184696378219
2018-03-08,0.0644557949390491
2018-03-09,0.0648288273976114
2018-03-12,0.0656424657938793
2018-03-13,0.066062060280655
2018-03-14,0.0662704002347907
2018-03-15,0.0664463416841534
2018-03-16,0.066501855544107
2018-03-19,0.066575651711986
2018-03-20,0.0665745163265872
2018-03-21,0.0663500219425978
2018-03-22,0.0660094863668218
2018-03-23,0.0655507587950038
2018-03-26,0.0651080420663769
2018-03-27,0.06485606340549
2018-03-28,0.064468141408551
2018-03-29,0.0641740221175171
2018-03-30,0.0633795716416808
2018-04-02,0.0628567085767166
2018-04-03,0.0624495644978068
2018-04-04,0.0624569275894719
2018-04-09,0.0622611462829391
2018-04-10,0.0621393308267983
2018-04-11,0.0621533084281509
2018-04-12,0.0622383246330134
2018-04-13,0.0622222350438607
2018-04-16,0.0623517009394024
2018-04-17,0.0625034112477888
2018-04-18,0.0624104806481724
2018-04-19,0.0622035271335118
2018-04-20,0.0620970998895246
2018-04-23,0.0618181799171291
2018-04-24,0.0616236677006411
2018-04-25,0.0615024551959056
2018-04-26,0.0614257487788197
2018-04-27,0.0612732231520247
2018-05-02,0.06128972165622
2018-05-03,0.0612624738390788
2018-05-04,0.0612044144632427
2018-05-07,0.0611589786203651
2018-05-08,0.0609567638720473
2018-05-09,0.0607833138610408
2018-05-10,0.0606231859993529
2018-05-11,0.0604055797851484
2018-05-14,0.0603536334705607
2018-05-15,0.060360470466816
2018-05-16,0.0601525543870208
2018-05-17,0.0600889268579145
2018-05-18,0.0599401135873797
2018-05-21,0.0599042641804143
2018-05-22,0.0601909249160557
2018-05-23,0.0601688869716286
2018-05-24,0.0600713183981221
2018-05-25,0.0597585412993651
2018-05-28,0.0595964778395441
2018-05-29,0.0593748050219083
2018-05-30,0.0593917133255925
2018-05-31,0.0593293368174637
2018-06-01,0.0591682933857924
2018-06-04,0.05912442971575
2018-06-05,0.0590069139936636
2018-06-06,0.0589386137698843
2018-06-07,0.0588414969691784
2018-06-08,0.0588782450715326
2018-06-11,0.0589095442494212
2018-06-12,0.0590717775840564
2018-06-13,0.0592701989503276
2018-06-14,0.0594801647258146
2018-06-15,0.0596103923255135
2018-06-19,0.0604759495409116
2018-06-20,0.0612230045697487
2018-06-21,0.0621548138623493
2018-06-22,0.0628365822364457
2018-06-25,0.0634714514709058
2018-06-26,0.0639542997067764
2018-06-27,0.0644892999268818
2018-06-28,0.0650541389021351
2018-06-29,0.0656167565013423
2018-07-02,0.0661526431609441
2018-07-03,0.0664898319110942
2018-07-04,0.0668207261021849
2018-07-05,0.0674375853611141
2018-07-06,0.0678622163108695
2018-07-09,0.0681581133211463
2018-07-10,0.068427744526092
2018-07-11,0.0688605824136753
2018-07-12,0.0691547487603307
2018-07-13,0.0693704542965401
2018-07-16,0.069421943699235
2018-07-17,0.0695443551153376
2018-07-18,0.0695652486199054
2018-07-19,0.0696886902118403
2018-07-20,0.0698511863912056
2018-07-23,0.0700242124005365
2018-07-24,0.0702500896763699
2018-07-25,0.0703476610517169
2018-07-26,0.0704612579951296
2018-07-27,0.070750878715262
2018-07-30,0.0710456816619502
2018-07-31,0.0713749041794768
2018-08-01,0.0715700219341378
2018-08-02,0.0717884584850374
2018-08-03,0.0720666270304664
2018-08-06,0.0724726717557453
2018-08-07,0.0727672867780025
2018-08-08,0.0730956370704838
2018-08-09,0.0731970927278117
2018-08-10,0.0730899155294742
2018-08-13,0.0728180978230107
2018-08-14,0.072455591378966
2018-08-15,0.0715516337585212
2018-08-16,0.070612550253351
2018-08-17,0.0696829630818106
2018-08-20,0.0676146314118376
2018-08-21,0.0661582401962513
2018-08-22,0.0647150661872991
2018-08-23,0.0633435603629982
2018-08-24,0.0623844967372874
2018-08-27,0.0615356285515484
2018-08-28,0.0614798573323336
2018-08-29,0.0611919197479323
2018-08-30,0.0607031890748823
2018-08-31,0.0603221977633965
2018-09-03,0.0598650403368696
2018-09-04,0.0593328829252329
2018-09-05,0.0589132406716157
2018-09-06,0.0584434033753195
2018-09-07,0.0582071202812839
2018-09-10,0.0580108144004833
2018-09-11,0.0579988796452576
2018-09-12,0.0580239643989132
2018-09-13,0.058251501597531
2018-09-14,0.058984693853787
2018-09-17,0.0596784928502238
2018-09-18,0.0606212361564541
2018-09-19,0.0614840626468767
2018-09-20,0.062243467597557
2018-09-21,0.0628555710850414
2018-09-25,0.0634269316380703
2018-09-26,0.0640998019317782
2018-09-27,0.0642202595950188
2018-09-28,0.064580462816056
2018-10-08,0.0644489939520153
2018-10-09,0.0644732821332282
2018-10-10,0.0645573679415104
2018-10-11,0.0639807749655637
2018-10-12,0.0636960006988187
2018-10-15,0.0634493592481747
2018-10-16,0.0628300614732288
2018-10-17,0.0624556184488045
2018-10-18,0.0624247004076955
2018-10-19,0.0621452666183823
2018-10-22,0.061679738473788
2018-10-23,0.0613297762654779
2018-10-24,0.0608366474105977
2018-10-25,0.0603021917488738
2018-10-26,0.0599973794163397
2018-10-29,0.0600310282910755
2018-10-30,0.0600511373823279
2018-10-31,0.0599650709560491
2018-11-01,0.0598466469165056
2018-11-02,0.0595507286731239
2018-11-05,0.0594129206520986
2018-11-06,0.0593563477936322
2018-11-07,0.0594497491328691
2018-11-08,0.0594931395778012
2018-11-09,0.0594934974303829
2018-11-12,0.0597850232820939
2018-11-13,0.0601861084139193
2018-11-14,0.0604982669101607
2018-11-15,0.0608170892744725
2018-11-16,0.0612523680247796
2018-11-19,0.0617101318614025
2018-11-20,0.0619113917254256
2018-11-21,0.0620555063180529
2018-11-22,0.0620347223200507
2018-11-23,0.0617631893997076
2018-11-26,0.0617185090520587
2018-11-27,0.0616352973193383
2018-11-28,0.0615801581380182
2018-11-29,0.061518526003469
2018-11-30,0.0615565461792236
2018-12-03,0.0615788146486101
2018-12-04,0.0616350886126933
2018-12-05,0.0617038143805515
2018-12-06,0.0617239335902052
2018-12-07,0.0617029395752326
2018-12-10,0.0616094341587653
2018-12-11,0.0615078585729568
2018-12-12,0.0614693179868235
2018-12-13,0.0615218892317082
2018-12-14,0.061299916307516
2018-12-17,0.0611951568930307
2018-12-18,0.0609777537504967
2018-12-19,0.0608697871857201
2018-12-20,0.0606160007742023
2018-12-21,0.0604021711810351
2018-12-24,0.0600403744131194
2018-12-25,0.0598075276359832
2018-12-26,0.0596457415783069
2018-12-27,0.0593596582919979
2018-12-28,0.0589799672833002
2019-01-02,0.058455856937557
2019-01-03,0.0581703104833317
2019-01-04,0.0575372560629845
2019-01-07,0.0572814381519646
2019-01-08,0.0569147788835527
2019-01-09,0.0558317860069038
2019-01-10,0.0561962108339283
2019-01-11,0.0568654206080366
2019-01-14,0.0576611323743145
2019-01-15,0.0587772903594895
2019-01-16,0.0594380904874067
2019-01-17,0.06034914744455
2019-01-18,0.061200361457114
2019-01-21,0.0615593385154415
2019-01-22,0.0617947097049115
2019-01-23,0.0620658315874449
2019-01-24,0.0621563710380984
2019-01-25,0.0618972667544014
2019-01-28,0.0612056500826334
2019-01-29,0.0603887098705494
2019-01-30,0.0595277181512874
2019-01-31,0.0585936054137053
2019-02-01,0.058000612463894
2019-02-11,0.05743470758274
2019-02-12,0.0569741307435938
2019-02-13,0.0567484097187506
2019-02-14,0.0565962394097657
2019-02-15,0.0564851884944939
2019-02-18,0.0564934680897337
2019-02-19,0.0564414924074714
2019-02-20,0.0563897593401423
2019-02-21,0.0562931129085905
2019-02-22,0.0562997613285857
2019-02-25,0.0567080802347882
2019-02-26,0.0575793793802561
2019-02-27,0.0583128032960975
2019-02-28,0.0590986440313872
2019-03-01,0.0609141934526718
2019-03-04,0.0629217596528976
2019-03-05,0.0650284001312762
2019-03-06,0.0672828186464179
2019-03-07,0.0702042230774321
2019-03-08,0.0709441703974635
2019-03-11,0.0718439753590854
2019-03-12,0.0727703389023332
2019-03-13,0.0735400092623489
2019-03-14,0.0742340079546054
2019-03-15,0.0752043924597742
2019-03-18,0.0763987051259933
2019-03-19,0.0775206687972356
2019-03-20,0.078606703213358
2019-03-21,0.079562037742741
2019-03-22,0.0808349292662719
2019-03-25,0.0817715084592831
2019-03-26,0.0822780088796576
2019-03-27,0.0829064846418609
2019-03-28,0.0831284864194678
2019-03-29,0.0836789248994255
2019-04-01,0.0843484771699769
2019-04-02,0.0849944394715434
2019-04-03,0.0855813618557481
2019-04-04,0.0860401739793744
2019-04-08,0.0867028680250849
2019-04-09,0.0866658876276571
2019-04-10,0.0864438419117752
2019-04-11,0.0855887365009236
2019-04-12,0.0850687602059423
2019-04-15,0.0841344116367242
2019-04-16,0.0831728579718979
2019-04-17,0.0831127468537443
2019-04-18,0.0829547417031774
2019-04-19,0.0830031349283205
2019-04-22,0.0830102550721517
2019-04-23,0.0828367732953483
2019-04-24,0.0828763843104225
2019-04-25,0.0827094152735711
2019-04-26,0.0822035831774075
2019-04-29,0.0817514478372833
2019-04-30,0.0812634772246783
2019-05-06,0.0810568188544408
2019-05-07,0.0805647130935548
2019-05-08,0.0801378799131811
2019-05-09,0.0794011747181242
2019-05-10,0.0780102388264815
2019-05-13,0.076353403138497
2019-05-14,0.0746288193868326
2019-05-15,0.0732940962947831
2019-05-16,0.0720892557401352
2019-05-17,0.0716037877653557
2019-05-20,0.0711868780221699
2019-05-21,0.07055538200107
2019-05-22,0.0702898673251932
2019-05-23,0.0698457956929297
2019-05-24,0.0696342030390269
2019-05-27,0.0686312854555554
2019-05-28,0.0678870191582214
2019-05-29,0.0684602613815948
2019-05-30,0.0695325279930352
2019-05-31,0.0704441375273804
2019-06-03,0.071626081743763
2019-06-04,0.073389508351139
2019-06-05,0.0751632051316169
2019-06-06,0.0773439347167695
2019-06-10,0.0795090673472356
2019-06-11,0.0809570723212173
2019-06-12,0.0820414814108001
2019-06-13,0.0834622140074278
2019-06-14,0.0852025413884291
2019-06-17,0.0866382171326389
2019-06-18,0.0878240532599664
2019-06-19,0.0890302432895186
2019-06-20,0.0901677646386362
2019-06-21,0.0910883186479006
2019-06-24,0.0919304818565899
2019-06-25,0.0929106523363393
2019-06-26,0.0936284625646783
2019-06-27,0.0941969488904755
2019-06-28,0.0947013485146084
2019-07-01,0.0948655692478554
2019-07-02,0.0950059933164985
2019-07-03,0.0951170343312188
2019-07-04,0.095243190559449
2019-07-05,0.0949733660904679
2019-07-08,0.0948543020306682
2019-07-09,0.0942032977589364
2019-07-10,0.0935551943465624
2019-07-11,0.0926063337079369
2019-07-12,0.0912056374822419
2019-07-15,0.0900641804181959
2019-07-16,0.0889811732994352
2019-07-17,0.0877578532257258
2019-07-18,0.0864065942081432
2019-07-19,0.0844575346260507
2019-07-22,0.0829956270030477
2019-07-23,0.0811444027560765
2019-07-24,0.079256620737714
2019-07-25,0.0773184160982717
2019-07-26,0.0749407457736167
2019-07-29,0.0732606424511351
2019-07-30,0.0717583801951558
2019-07-31,0.0704661395812047
2019-08-01,0.0690234768765191
2019-08-02,0.0686381626743041
2019-08-05,0.067988467592583
2019-08-06,0.0673219399794977
2019-08-07,0.0665446968723177
2019-08-08,0.0652046373325656
2019-08-09,0.0636564740122771
2019-08-12,0.0624143258315349
2019-08-13,0.0612867311969849
2019-08-14,0.0600376203662755
2019-08-15,0.0593583354749863
2019-08-16,0.0586639525983344
2019-08-19,0.0575041941956457
2019-08-20,0.0567943935617897
2019-08-21,0.0563677832705821
2019-08-22,0.0560539855573744
2019-08-23,0.055154727675278
2019-08-26,0.0544080275110003
2019-08-27,0.0541106172668445
2019-08-28,0.0539142009050257
2019-08-29,0.053694356480501
2019-08-30,0.0536503281190136
2019-09-02,0.0540826320718883
2019-09-03,0.0545399538561615
2019-09-04,0.0555618524810432
2019-09-05,0.0564023103261818
2019-09-06,0.0567250448762693
2019-09-09,0.0570416609989571
2019-09-10,0.0573849054075118
2019-09-11,0.0579940051362884
2019-09-12,0.0586502877023932
2019-09-16,0.0593342623092391
2019-09-17,0.0595945455527767
2019-09-18,0.0596961389140992
2019-09-19,0.0597449203141619
2019-09-20,0.059772707118006
2019-09-23,0.0598347525723897
2019-09-24,0.059813337540454
2019-09-25,0.0597455729388344
2019-09-26,0.0596793422407018
2019-09-27,0.0596300142949533
2019-09-30,0.0594799074998829
2019-10-08,0.0594156598332532
2019-10-09,0.0593396123714369
2019-10-10,0.0592115328134485
2019-10-11,0.0590748858633254
2019-10-14,0.0589543778820956
2019-10-15,0.0583397385178808
2019-10-16,0.0578885820819157
2019-10-17,0.0576075386263732
2019-10-18,0.0575238048300053
2019-10-21,0.0574262962674996
2019-10-22,0.0573460745961966
2019-10-23,0.0569302490015755
2019-10-24,0.0565124925271181
2019-10-25,0.0558909016867933
2019-10-28,0.0552048798648922
2019-10-29,0.0547830994324653
2019-10-30,0.0544798462080812
2019-10-31,0.0541100225697175
2019-11-01,0.0539924626297765
2019-11-04,0.0540581089760769
2019-11-05,0.0541370589605399
2019-11-06,0.0542927796524045
2019-11-07,0.0543543835823441
2019-11-08,0.0545825882108677
2019-11-11,0.0548319799515166
2019-11-12,0.0552299549407179
2019-11-13,0.0553441819832431
2019-11-14,0.0554848410457157
2019-11-15,0.0555570425532333
2019-11-18,0.0554357072092437
2019-11-19,0.0550830803594618
2019-11-20,0.0550081880473375
2019-11-21,0.0549906079301985
2019-11-22,0.0549924336053866
2019-11-25,0.055226477636576
2019-11-26,0.0553362894478456
2019-11-27,0.0554434693278259
2019-11-28,0.055399599362159
2019-11-29,0.0553953386965185
2019-12-02,0.0555335828783047
2019-12-03,0.0556069180347505
2019-12-04,0.0556442796064433
2019-12-05,0.0556861244714154
2019-12-06,0.0556929261990084
2019-12-09,0.0557259329599229
2019-12-10,0.0555353201176527
2019-12-11,0.0554032086781865
2019-12-12,0.0555113371289816
2019-12-13,0.0555489517885537
2019-12-16,0.0554901802782863
2019-12-17,0.0552086642411209
2019-12-18,0.0548274166846314
2019-12-19,0.0543039107333621
2019-12-20,0.0541933822186378
2019-12-23,0.0541493867426569
2019-12-24,0.0541267402790939
2019-12-25,0.0540728173782152
2019-12-26,0.0541998403596149
2019-12-27,0.054286288050442
2019-12-30,0.0546290681087459
2019-12-31,0.0553376833092519
2020-01-02,0.0559162983772847
2020-01-03,0.0566089116460136
2020-01-06,0.0574955666140991
2020-01-07,0.058245085387497
2020-01-08,0.0584538589106476
2020-01-09,0.0588479878220798
2020-01-10,0.0589959619919558
2020-01-13,0.0594399030069154
2020-01-14,0.0600556241979503
2020-01-15,0.0604865620659404
2020-01-16,0.0608592424863393
2020-01-17,0.0610184641857258
2020-01-20,0.0611897024293951
2020-01-21,0.061297194495219
2020-01-22,0.0613359330161725
2020-01-23,0.0613092776360544
2020-02-03,0.0620532799904162
2020-02-04,0.0626579697152114
2020-02-05,0.0628687355018639
2020-02-06,0.0628325301698474
2020-02-07,0.0629323374924451
2020-02-10,0.0627788942197026
2020-02-11,0.062645383991811
2020-02-12,0.0625309616998865
2020-02-13,0.062592567601922
2020-02-14,0.0627145542691409
2020-02-17,0.0630410256502156
2020-02-18,0.0632909224513828
2020-02-19,0.0634350031735949
2020-02-20,0.0636268536570889
2020-02-21,0.0638414785486208
2020-02-24,0.0641149436469558
2020-02-25,0.0642785214520365
2020-02-26,0.0643612257877127
2020-02-27,0.0644467160647296
2020-02-28,0.0643587779692687
2020-03-02,0.0644208433835249
2020-03-03,0.0644677087879296
2020-03-04,0.0645138593888658
2020-03-05,0.0646639676633075
2020-03-06,0.0647926926620997
2020-03-09,0.0646369569985579
2020-03-10,0.0644980423816422
2020-03-11,0.0643211400013249
2020-03-12,0.0641696073426935
2020-03-13,0.0638519685336298
2020-03-16,0.0637279744437844
2020-03-17,0.0634814263553362
2020-03-18,0.0631614381599034
2020-03-19,0.0627038244234338
2020-03-20,0.0620512326318976
2020-03-23,0.0618572956365809
2020-03-24,0.0617706483097322
2020-03-25,0.0614012884546863
2020-03-26,0.0611961234542419
2020-03-27,0.0610160942048139
2020-03-30,0.0606388015513499
2020-03-31,0.0605493452481919
2020-04-01,0.0604334752218997
2020-04-02,0.0604609256593334
2020-04-03,0.0605314844271027
2020-04-07,0.06048089430385
2020-04-08,0.0603511145470256
2020-04-09,0.0601581075940395
2020-04-10,0.0599901901378859
2020-04-13,0.0598301948909878
2020-04-14,0.0595042790477834
2020-04-15,0.0593878378083505
2020-04-16,0.0593274252715571
2020-04-17,0.0592650997361254
2020-04-20,0.0590713108627725
2020-04-21,0.0587958040307128
2020-04-22,0.0584637368243224
2020-04-23,0.0579763369099617
2020-04-24,0.0574867941331028
2020-04-27,0.0570351442033088
2020-04-28,0.0567834014845229
2020-04-29,0.0564595957726303
2020-04-30,0.0562401963811153
2020-05-06,0.0561675060156702
2020-05-07,0.0561685775703447
2020-05-08,0.056361271767901
2020-05-11,0.0565985266436694
2020-05-12,0.0567546836184339
2020-05-13,0.0569200330138608
2020-05-14,0.0569796632500013
2020-05-15,0.0570527029329771
2020-05-18,0.0571370600173089
2020-05-19,0.0571761099838545
2020-05-20,0.05712456889013
2020-05-21,0.0570693258095467
2020-05-22,0.0571013493422669
2020-05-25,0.0569991120247478
2020-05-26,0.0565207016302779
2020-05-27,0.0561350936351003
2020-05-28,0.0560188193689814
2020-05-29,0.0558259853685319
2020-06-01,0.0554602124629899
2020-06-02,0.0556125462275088
2020-06-03,0.0555352256282796
2020-06-04,0.0553175487720072
2020-06-05,0.055010245419604
2020-06-08,0.0544093057432028
2020-06-09,0.0536736890108101
2020-06-10,0.0532676956451793
2020-06-11,0.0527928172635288
2020-06-12,0.0523225722885215
2020-06-15,0.0520773624546344
2020-06-16,0.0520563561871429
2020-06-17,0.052585660048271
2020-06-18,0.0532920515148635
2020-06-19,0.0542160247323291
2020-06-22,0.0550104824556645
2020-06-23,0.0555014667047826
2020-06-24,0.0564830519716762
2020-06-29,0.0570089270816414
2020-06-30,0.0574153378224076
2020-07-01,0.0579504034277714
2020-07-02,0.058747685400245
2020-07-03,0.0602230700473564
2020-07-06,0.062537340328654
2020-07-07,0.0646375237472721
2020-07-08,0.0667642831725338
2020-07-09,0.0693779315983536
2020-07-10,0.0707660277705315
2020-07-13,0.0725417119641181
2020-07-14,0.0740322923103347
2020-07-15,0.0752036291991898
2020-07-16,0.075707597875298
2020-07-17,0.0760398285842664
2020-07-20,0.0769726099538816
2020-07-21,0.0776766891003198
2020-07-22,0.0783303183864855
2020-07-23,0.0788173129481857
2020-07-24,0.0788688082580013
2020-07-27,0.079004185199119
2020-07-28,0.0791292359249152
2020-07-29,0.0793781329385673
2020-07-30,0.0796326406076895
2020-07-31,0.080252418336149
2020-08-03,0.0811072800014787
2020-08-04,0.0819415245030683
2020-08-05,0.0828951788742593
2020-08-06,0.0837852919035261
2020-08-07,0.08445603999732
2020-08-10,0.0851496465921071
2020-08-11,0.0856085043857053
2020-08-12,0.0859618189457099
2020-08-13,0.0863727355087459
2020-08-14,0.0865863224537169
2020-08-17,0.086957057122581
2020-08-18,0.0872699746954041
2020-08-19,0.0873003807555943
2020-08-20,0.0871176537460152
2020-08-21,0.0869207822603082
2020-08-24,0.0863220779939755
2020-08-25,0.0854892556573007
2020-08-26,0.0844582577862232
2020-08-27,0.0835169827607953
2020-08-28,0.0824924273692241
2020-08-31,0.0815815049261334
2020-09-01,0.0811730103948553
2020-09-02,0.0800583071501881
2020-09-03,0.0787072664854785
2020-09-04,0.076877791782477
2020-09-07,0.0745543225839128
2020-09-08,0.0722853405831503
2020-09-09,0.0705157215524912
2020-09-10,0.0679612306590838
2020-09-11,0.0653602371323518
2020-09-14,0.0628717368691354
2020-09-15,0.0611696221103619
2020-09-16,0.0600554002060485
2020-09-17,0.0592507241607684
2020-09-18,0.0586122927378726
2020-09-21,0.0578879367611625
2020-09-22,0.0567639830451116
2020-09-23,0.0560508815775861
2020-09-24,0.0547092424869967
2020-09-25,0.0530228688481039
2020-09-28,0.0518453281136599
2020-09-29,0.0511976358556657
2020-09-30,0.0515050608780385
2020-10-09,0.0524723893972878
2020-10-12,0.0528937916997702
2020-10-13,0.0537115155543263
2020-10-14,0.0548608598507712
2020-10-15,0.0556249593396432
2020-10-16,0.056904017718331
2020-10-19,0.0581445135856701
2020-10-20,0.0589236488714879
2020-10-21,0.0592263808628233
2020-10-22,0.0596021512063429
2020-10-23,0.061139834478705
2020-10-26,0.062505962264327
2020-10-27,0.0637731589401143
2020-10-28,0.0647537520785155
2020-10-29,0.0652945749890702
2020-10-30,0.0661585367736388
2020-11-02,0.0671243268209979
2020-11-03,0.067810812737681
2020-11-04,0.0685724945208292
2020-11-05,0.0690460898286647
2020-11-06,0.0696852795950608
2020-11-09,0.0701306513764388
2020-11-10,0.070701433474891
2020-11-11,0.0710495397993292
2020-11-12,0.071374316693684
2020-11-13,0.0716339618409278
2020-11-16,0.0716298652653978
2020-11-17,0.0716844772090121
2020-11-18,0.0715485924697057
2020-11-19,0.0713914518093738
2020-11-20,0.0711559821301176
2020-11-23,0.070844834148998
2020-11-24,0.0704955283862844
2020-11-25,0.0701599945685696
2020-11-26,0.0694892133585083
2020-11-27,0.0687705520110788
2020-11-30,0.068257359826977
2020-12-01,0.067917917286974
2020-12-02,0.0674578214112
2020-12-03,0.0667882033952994
2020-12-04,0.066310425643245
2020-12-07,0.0658820789481819
2020-12-08,0.0653726892161702
2020-12-09,0.0649601055716449
2020-12-10,0.0645281854084328
2020-12-11,0.0642478131230329
2020-12-14,0.0638217495449833
2020-12-15,0.0634301740361646
2020-12-16,0.0632320424300391
2020-12-17,0.0629307150300087
2020-12-18,0.0625313924996093
2020-12-21,0.062354939725847
2020-12-22,0.0620700903537031
2020-12-23,0.0618814246867315
2020-12-24,0.0615295140034845
2020-12-25,0.0611810537090111
2020-12-28,0.0610325370235584
2020-12-29,0.0604986949116429
2020-12-30,0.0603066174884017
2020-12-31,0.0601486183943045
2021-01-04,0.0602964386920319
2021-01-05,0.0603941958742827
2021-01-06,0.0606478286198719
2021-01-07,0.0608270563212057
2021-01-08,0.0608847154044263
2021-01-11,0.0610895137831274
2021-01-12,0.0611972548456911
2021-01-13,0.0614549934758844
2021-01-14,0.0615947928256449
2021-01-15,0.0614896588609348
2021-01-18,0.061440571174888
2021-01-19,0.0613214521974556
2021-01-20,0.0612773583289811
2021-01-21,0.0610206598637816
2021-01-22,0.0607962735001169
2021-01-25,0.0605206455811215
2021-01-26,0.060271023813125
2021-01-27,0.0601253368589132
2021-01-28,0.0598513579179668
2021-01-29,0.0595808726059372
2021-02-01,0.0594614073006907
2021-02-02,0.0593640889333802
2021-02-03,0.0594556933920598
2021-02-04,0.0593753813350667
2021-02-05,0.0597394089457932
2021-02-08,0.0597827699261395
2021-02-09,0.0597816495660836
2021-02-10,0.0597371127372253
2021-02-18,0.0594952944917354
2021-02-19,0.0593890974784137
2021-02-22,0.0592763385858364
2021-02-23,0.0592032840381904
2021-02-24,0.0591791530376832
2021-02-25,0.0590559532637404
2021-02-26,0.0590811482949307
2021-03-01,0.0590127046469579
2021-03-02,0.0589666587473114
2021-03-03,0.0589590057335605
2021-03-04,0.0589265314266346
2021-03-05,0.0588603769361027
2021-03-08,0.0587464587636602
2021-03-09,0.0586156380234673
2021-03-10,0.0585184440264353
2021-03-11,0.058434285920656
2021-03-12,0.0585078583187142
2021-03-15,0.0586753138797568
2021-03-16,0.0589416559577945
2021-03-17,0.0590102249404383
2021-03-18,0.0592649148833505
2021-03-19,0.0595115881719437
2021-03-22,0.0599364010250272
2021-03-23,0.0602805461438281
2021-03-24,0.0605694715212836
2021-03-25,0.0607435122147897
2021-03-26,0.0609343895603212
2021-03-29,0.0613201374968109
2021-03-30,0.0616204692596955
2021-03-31,0.0620227435863159
2021-04-01,0.0622776711686943
2021-04-02,0.0623841061236899
2021-04-06,0.0626210647617752
2021-04-07,0.0627717974734812
2021-04-08,0.0627883747465567
2021-04-09,0.0626666717843813
2021-04-12,0.0627930281741036
2021-04-13,0.0628406675558117
2021-04-14,0.0631518736306546
2021-04-15,0.0634211589821449
2021-04-16,0.0639355959717966
2021-04-19,0.0643823507313796
2021-04-20,0.0647759004196529
2021-04-21,0.065053384619486
2021-04-22,0.065323432753547
2021-04-23,0.0654645741558759
2021-04-26,0.0656087024895342
2021-04-27,0.0656795279861158
2021-04-28,0.0656935882784559
2021-04-29,0.0657118822295998
2021-04-30,0.0656925300923767
2021-05-06,0.0658803055557027
2021-05-07,0.0661964919703487
2021-05-10,0.066968788517837
2021-05-11,0.0677047874393249
2021-05-12,0.0683684067155074
2021-05-13,0.0687250438834624
2021-05-14,0.0688514280916712
2021-05-17,0.0687880667074383
2021-05-18,0.0684971595300866
2021-05-19,0.0681592395114851
2021-05-20,0.0674766895390191
2021-05-21,0.0667872465517428
2021-05-24,0.0663889786281633
2021-05-25,0.0660023945314221
2021-05-26,0.0658197593874914
2021-05-27,0.0655744075462012
2021-05-28,0.0652928694300731
2021-05-31,0.0649681936106718
2021-06-01,0.0642745963771957
2021-06-02,0.0637688571662381
2021-06-03,0.0633221250866798
2021-06-04,0.0630301009384803
2021-06-07,0.0628906038378724
2021-06-08,0.0626229870573207
2021-06-09,0.0623997136398026
2021-06-10,0.0620564390455343
2021-06-11,0.0615209075988683
2021-06-15,0.061414955426832
2021-06-16,0.0616110202864557
2021-06-17,0.0618826654323361
2021-06-18,0.0622267120934797
2021-06-21,0.0623347650395061
2021-06-22,0.0624791213229722
2021-06-23,0.0626612351811763
2021-06-24,0.0630536272634799
2021-06-25,0.0634106415407253
2021-06-28,0.0636438045420957
2021-06-29,0.0636254916710733
2021-06-30,0.0636847917109342
2021-07-01,0.0639418343773496
2021-07-02,0.0641086416619199
2021-07-05,0.0644751416508269
2021-07-06,0.0647376728440524
2021-07-07,0.0648046464371131
2021-07-08,0.0650069489243477
2021-07-09,0.0652235817439441
2021-07-12,0.0653943760704263
2021-07-13,0.0654408811385953
2021-07-14,0.0656144058858705
2021-07-15,0.0656880752943372
2021-07-16,0.065734815196546
2021-07-19,0.0658313358920655
2021-07-20,0.0660475340843175
2021-07-21,0.0662418839152714
2021-07-22,0.0663908499393682
2021-07-23,0.0666107518169007
2021-07-26,0.0668538590528154
2021-07-27,0.0668767047788715
2021-07-28,0.0669530890729194
2021-07-29,0.0669472231372363
2021-07-30,0.0668750787723634
2021-08-02,0.0667204865853644
2021-08-03,0.0665492117806583
2021-08-04,0.0664614925925357
2021-08-05,0.0664235899415512
2021-08-06,0.0663552782322183
2021-08-09,0.0661701620688411
2021-08-10,0.0659288548547804
2021-08-11,0.0656428558522317
2021-08-12,0.065275518114152
2021-08-13,0.0649112826466665
2021-08-16,0.0643411578255458
2021-08-17,0.0638180460593476
2021-08-18,0.063681291457291
2021-08-19,0.0632821287510684
2021-08-20,0.0630518494864993
2021-08-23,0.062912427407836
2021-08-24,0.0627360526824237
2021-08-25,0.0625892619555944
2021-08-26,0.0625589690533685
2021-08-27,0.0626875965939473
2021-08-30,0.0628023902944066
2021-08-31,0.0629851383399686
2021-09-01,0.0629991029370077
2021-09-02,0.0632647764183543
2021-09-03,0.0635951580388911
2021-09-06,0.0638852314714899
2021-09-07,0.0643229513854604
2021-09-08,0.0650257842472995
2021-09-09,0.0658057348288699
2021-09-10,0.0665367537121337
2021-09-13,0.0675716778488888
2021-09-14,0.0679793831259507
2021-09-15,0.0685361104513114
2021-09-16,0.0689223894986284
2021-09-17,0.0690903052123983
2021-09-22,0.0695342029154918
2021-09-23,0.0697047706932779
2021-09-24,0.069734155482172
2021-09-27,0.0697649014414742
2021-09-28,0.0699354290131193
2021-09-29,0.0699439420012286
2021-09-30,0.0696823357407514
2021-10-08,0.0693774908117256
2021-10-11,0.069071405912901
2021-10-12,0.068879528503886
2021-10-13,0.0688018585591391
2021-10-14,0.0685736109077292
2021-10-15,0.0685102732968925
2021-10-18,0.0685630150393348
2021-10-19,0.0686662239944672
2021-10-20,0.0686293467622432
2021-10-21,0.0687247962169384
2021-10-22,0.0689650602606782
2021-10-25,0.0690704713844789
2021-10-26,0.0690290509870496
2021-10-27,0.069160211728958
2021-10-28,0.0697342453473348
2021-10-29,0.0702364847765636
2021-11-01,0.0705078146613902
2021-11-02,0.0707261016820456
2021-11-03,0.0705989615373044
2021-11-04,0.0707719175255631
2021-11-05,0.0712349526320055
2021-11-08,0.0716508607224794
2021-11-09,0.0719299007323606
2021-11-10,0.0722634629191503
2021-11-11,0.07222985799961
2021-11-12,0.0721060782873912
2021-11-15,0.0722329557224001
2021-11-16,0.0723985282915141
2021-11-17,0.0727343135252495
2021-11-18,0.0730556199219692
2021-11-19,0.0733651684439718
2021-11-22,0.0735770865299441
2021-11-23,0.0735880450842926
2021-11-24,0.0736702305674135
2021-11-25,0.0735718055654737
2021-11-26,0.0733819285111166
2021-11-29,0.0733257886256703
2021-11-30,0.0732102764880676
2021-12-01,0.073106291951896
2021-12-02,0.0730062946527478
2021-12-03,0.072806258905875
2021-12-06,0.0725536423822056
2021-12-07,0.0723081773489664
2021-12-08,0.0721371150049525
2021-12-09,0.0721124353582626
2021-12-10,0.0721243401187188
2021-12-13,0.0720527208057829
2021-12-14,0.0722055840132144
2021-12-15,0.0723116225039341
2021-12-16,0.0722337330927103
2021-12-17,0.0719105382928802
2021-12-20,0.0714560078486557
2021-12-21,0.0708459172075829
2021-12-22,0.0699997027900698
2021-12-23,0.0690334730704025
2021-12-24,0.068249684335745
2021-12-27,0.0672885915451827
2021-12-28,0.0660851568123964
2021-12-29,0.0653971055030374
2021-12-30,0.065127767600847
2021-12-31,0.0645817065193879
2022-01-04,0.0645187377282525
2022-01-05,0.0638910582576432
2022-01-06,0.0630992550473475
2022-01-07,0.0624361338768513
2022-01-10,0.062130677698803
2022-01-11,0.0619600514909205
2022-01-12,0.0616249549827216
2022-01-13,0.0615002792037989
2022-01-14,0.0611524981110985
2022-01-17,0.0608580600263598
2022-01-18,0.0605026527086247
2022-01-19,0.0602518182256758
2022-01-20,0.0602088243222244
2022-01-21,0.0600517444243092
2022-01-24,0.0598411397654982
2022-01-25,0.0597639304219284
2022-01-26,0.0599084237592633
2022-01-27,0.0600717252468187
2022-01-28,0.0601642112258434
2022-02-07,0.0604996907088352
2022-02-08,0.060812329631755
2022-02-09,0.061271815795391
2022-02-10,0.062295266174105
2022-02-11,0.0630632844052778
2022-02-14,0.0636215383849427
2022-02-15,0.0641236454095337
2022-02-16,0.064527074746307
2022-02-17,0.0650887835081495
2022-02-18,0.0658457514670742
2022-02-21,0.0667255290028548
2022-02-22,0.0674494869956478
2022-02-23,0.0680210662679255
2022-02-24,0.068381186170664
2022-02-25,0.0686542873079644
2022-02-28,0.0688883716403364
2022-03-01,0.0690944598739208
2022-03-02,0.0693870224145459
2022-03-03,0.0697877739492642
2022-03-04,0.070213620808071
2022-03-07,0.0707073266338913
2022-03-08,0.0711784974034365
2022-03-09,0.071616221869028
2022-03-10,0.0718698180576323
2022-03-11,0.0720675548276213
2022-03-14,0.0722473221359824
2022-03-15,0.0729110024673141
2022-03-16,0.0731522488393557
2022-03-17,0.0732556275292842
2022-03-18,0.0732469612046863
2022-03-21,0.073057408446502
2022-03-22,0.0728171967662584
2022-03-23,0.0723872140733474
2022-03-24,0.0720757558893346
2022-03-25,0.0712998812481046
2022-03-28,0.0708814555395469
2022-03-29,0.0703757028101504
2022-03-30,0.0697969340229967
2022-03-31,0.0691029439795728
2022-04-01,0.0682051633561959
2022-04-06,0.0671595133711227
2022-04-07,0.0666222082103926
2022-04-08,0.0663799334373468
2022-04-11,0.0662509057479567
2022-04-12,0.0660929331062146
2022-04-13,0.0659464036327817
2022-04-14,0.0658632581749557
2022-04-15,0.0657559244496812
2022-04-18,0.0656205836495215
2022-04-19,0.065456149721587
2022-04-20,0.0652698830703693
2022-04-21,0.0652529061514324
2022-04-22,0.0649922629475867
2022-04-25,0.0652931910094375
2022-04-26,0.0661343786876247
2022-04-27,0.0662854008312972
2022-04-28,0.066421509232952
2022-04-29,0.0661960874531606
2022-05-05,0.0659306708626391
2022-05-06,0.0655499394644642
2022-05-09,0.0653583534075228
2022-05-10,0.0651237997974562
2022-05-11,0.0647197914061477
2022-05-12,0.06452946376521
2022-05-13,0.0643377839541505
2022-05-16,0.0640937320861331
2022-05-17,0.0636138826768616
2022-05-18,0.0633210970862158
2022-05-19,0.0631175872736006
2022-05-20,0.0627652072226257
2022-05-23,0.0623164662315131
2022-05-24,0.0618827044369863
2022-05-25,0.0613360231215003
2022-05-26,0.0604487647471399
2022-05-27,0.0598060491170717
2022-05-30,0.0590965600108376
2022-05-31,0.0588379293495948
2022-06-01,0.0584546720053716
2022-06-02,0.0580586331860371
2022-06-06,0.0576829276178842
2022-06-07,0.0571841360460485
2022-06-08,0.0564959832808501
2022-06-09,0.0557943217085147
2022-06-10,0.0553782757936985
2022-06-13,0.0556443414620526
2022-06-14,0.0561860236853117
2022-06-15,0.0563995118649122
2022-06-16,0.0565148428102717
2022-06-17,0.0570595089671109
2022-06-20,0.0582059614591942
2022-06-21,0.0588538963971436
2022-06-22,0.0591805899954073
2022-06-23,0.0594930769325167
2022-06-24,0.0598215581103157
2022-06-27,0.0601199359018858
2022-06-28,0.060476505963859
2022-06-29,0.0606818683793245
2022-06-30,0.0609591936725358
2022-07-01,0.0612736177281595
2022-07-04,0.0617020713612686
2022-07-05,0.0619683309088597
2022-07-06,0.0621339148610454
2022-07-07,0.0623129313818744
2022-07-08,0.0623618599204221
2022-07-11,0.0624573602010199
2022-07-12,0.062389598626692
2022-07-13,0.0624230275022026
2022-07-14,0.0624353297080788
2022-07-15,0.0625109683185276
2022-07-18,0.0625182034373532
2022-07-19,0.0626511664272915
2022-07-20,0.0628746276112474
2022-07-21,0.0630491681718113
2022-07-22,0.063164244634621
2022-07-25,0.0632751629030842
2022-07-26,0.0634233998261851
2022-07-27,0.0642062379188219
2022-07-28,0.065339160810874
2022-07-29,0.0661085576223975
2022-08-01,0.0670959787693703
2022-08-02,0.0673078574403024
2022-08-03,0.0675317241018619
2022-08-04,0.0679781414511755
2022-08-05,0.0682986653100247
2022-08-08,0.0687012842266858
2022-08-09,0.0690105893296425
2022-08-10,0.0692482728727111
2022-08-11,0.0693383398499856
2022-08-12,0.0692115420747524
2022-08-15,0.0690401387326047
2022-08-16,0.0689544896727212
2022-08-17,0.0688860897916302
2022-08-18,0.0687005214991694
2022-08-19,0.068387702947982
2022-08-22,0.0680177051831742
2022-08-23,0.0675677865472247
2022-08-24,0.066944457123675
2022-08-25,0.0662900976620683
2022-08-26,0.0655706861485454
2022-08-29,0.0650389295276889
2022-08-30,0.0643794987603464
2022-08-31,0.0638574941369667
2022-09-01,0.0636255156636596
2022-09-02,0.0632800792486546
2022-09-05,0.0629669165491556
2022-09-06,0.0624882004765426
2022-09-07,0.0623092489843784
2022-09-08,0.0623672764333054
2022-09-09,0.0625011146168611
2022-09-13,0.0623716017945547
2022-09-14,0.0623136253371973
2022-09-15,0.0626314968056118
2022-09-16,0.0631532081500945
2022-09-19,0.0636099593445106
2022-09-20,0.0637730224303835
2022-09-21,0.0639333951208942
2022-09-22,0.064166183315911
2022-09-23,0.0646037929317826
2022-09-26,0.0655846492857788
2022-09-27,0.0658785653253853
2022-09-28,0.0666333698347901
2022-09-29,0.0675184291542072
2022-09-30,0.0685742604583244
2022-10-10,0.0699772433053596
2022-10-11,0.0707726625200175
2022-10-12,0.0714387596575118
2022-10-13,0.0719146127572725
2022-10-14,0.0721224793526001
2022-10-17,0.0721567045011376
2022-10-18,0.0723371443459982
2022-10-19,0.0725723437883838
2022-10-20,0.0726185977264284
2022-10-21,0.0729375570005008
2022-10-24,0.07359259108041
2022-10-25,0.0743761991628804
2022-10-26,0.0747592352501217
2022-10-27,0.075158398997142
2022-10-28,0.0757568363605602
2022-10-31,0.076499496856028
2022-11-01,0.0760977793125038
2022-11-02,0.0748548313230605
2022-11-03,0.0740476315819659
2022-11-04,0.0727511848030922
2022-11-07,0.0722794810222916
2022-11-08,0.0720059252655186
2022-11-09,0.0714611220229557
2022-11-10,0.0708456980486483
2022-11-11,0.0702255964507798
2022-11-14,0.0696031226206479
2022-11-15,0.0688918320929738
2022-11-16,0.0680580939696819
2022-11-17,0.0672709140582362
2022-11-18,0.0664402829670425
2022-11-21,0.0654625980699976
2022-11-22,0.0645336364686839
2022-11-23,0.0638209240404853
2022-11-24,0.0632489226060224
2022-11-25,0.0618940928917764
2022-11-28,0.0608179796531256
2022-11-29,0.060188642543726
2022-11-30,0.0594140942650909
2022-12-01,0.0587541292509776
2022-12-02,0.0580526457149642
2022-12-05,0.0575146796751182
2022-12-06,0.057418085311819
2022-12-07,0.0574870965860649
2022-12-08,0.0574688618699724
2022-12-09,0.0574750101904363
2022-12-12,0.0570356792511382
2022-12-13,0.0567444237150785
2022-12-14,0.0563897545774456
2022-12-15,0.0560092246989738
2022-12-16,0.0554513053276061
2022-12-19,0.0550299536170594
2022-12-20,0.0547912095750036
2022-12-21,0.0548147355220898
2022-12-22,0.0547987107917841
2022-12-23,0.0545121428501423
2022-12-26,0.0542489015011424
2022-12-27,0.0540073087489702
2022-12-28,0.0539634322570631
2022-12-29,0.0540100482650494
2022-12-30,0.0539624389089416
2023-01-03,0.0544713313355622
2023-01-04,0.0550714002978324
2023-01-05,0.0556145456215172
2023-01-06,0.0561593922850046
2023-01-09,0.0567204801299764
2023-01-10,0.0568843201574796
2023-01-11,0.056924809469248
2023-01-12,0.0568253009335698
2023-01-13,0.0567257777593695
2023-01-16,0.0566692121339989
2023-01-17,0.0567083871172214
2023-01-18,0.0568942296126517
2023-01-19,0.0570795482522001
2023-01-20,0.0575223382899298
2023-01-30,0.0580176258713309
2023-01-31,0.0585885716146825
2023-02-01,0.0594972380319426
2023-02-02,0.0613691007984297
2023-02-03,0.0629227455989966
2023-02-06,0.063784675000513
2023-02-07,0.0645037182021717
2023-02-08,0.06496009935627
2023-02-09,0.0652884662399707
2023-02-10,0.0656683249937512
2023-02-13,0.0661449359241457
2023-02-14,0.0666632986911444
2023-02-15,0.0670228923141946
2023-02-16,0.0670105698556192
2023-02-17,0.0669657382013722
2023-02-20,0.0670098561110283
2023-02-21,0.0670656079992905
2023-02-22,0.0671134760712995
2023-02-23,0.0670744421736999
2023-02-24,0.0668656359933264
2023-02-27,0.0665984649054361
2023-02-28,0.0663976243254076
2023-03-01,0.0662055654216635
2023-03-02,0.0657561096065793
2023-03-03,0.0652244986453254
2023-03-06,0.0649742217180786
2023-03-07,0.064573123115762
2023-03-08,0.064209594367702
2023-03-09,0.0638134985415442
2023-03-10,0.0637924230361572
2023-03-13,0.0638731009446506
2023-03-14,0.0640118509356765
2023-03-15,0.0640817779273201
2023-03-16,0.064293383424773
2023-03-17,0.0638375530650665
2023-03-20,0.0633502081304479
2023-03-21,0.062705342117814
2023-03-22,0.0619450233227813
2023-03-23,0.0612348015631848
2023-03-24,0.0603529314512197
2023-03-27,0.0596555551614598
2023-03-28,0.0593270370769349
2023-03-29,0.0589250740551155
2023-03-30,0.0581423107797418
2023-03-31,0.0572933463152998
2023-04-03,0.0565687936741391
2023-04-04,0.0561249501725025
2023-04-06,0.0559304249988331
2023-04-07,0.0555477278361698
2023-04-10,0.055680057732751
2023-04-11,0.0557725159376182
2023-04-12,0.055799712563437
2023-04-13,0.055824153084167
2023-04-14,0.0559184195235733
2023-04-17,0.0557566318399486
2023-04-18,0.0556428918080338
2023-04-19,0.0553176837445661
2023-04-20,0.055010041167014
2023-04-21,0.0552678890745705
2023-04-24,0.0556522167313778
2023-04-25,0.0567229181727985
2023-04-26,0.0575145171256484
2023-04-27,0.0586742083218143
2023-04-28,0.0596609658000544
2023-05-04,0.0607467965751576
2023-05-05,0.0623766226482785
2023-05-08,0.0628166239393035
2023-05-09,0.0631394715241941
2023-05-10,0.0636537328969294
2023-05-11,0.0641092237818403
2023-05-12,0.0647210445845399
2023-05-15,0.0653603245407266
2023-05-16,0.0661338720410178
2023-05-17,0.06681180492851
2023-05-18,0.0675194167138347
2023-05-19,0.0681085121239056
2023-05-22,0.0685220235420338
2023-05-23,0.0690115717657709
2023-05-24,0.0699780954054474
2023-05-25,0.0712065558231111
2023-05-26,0.0721991230962173
2023-05-29,0.0730475483422147
2023-05-30,0.0737528449682371
2023-05-31,0.0744422345214111
2023-06-01,0.0749466710902526
2023-06-02,0.0750505337916303
2023-06-05,0.0750456113886899
2023-06-06,0.0750447789773402
2023-06-07,0.0752382213099044
2023-06-08,0.075257926607168
2023-06-09,0.0752848622473543
2023-06-12,0.0752140230977245
2023-06-13,0.0750966797430525
2023-06-14,0.0750858224654803
2023-06-15,0.0750116872252012
2023-06-16,0.0749954282205923
2023-06-19,0.0750378919144349
2023-06-20,0.0751172089487729
2023-06-21,0.0752818148125662
2023-06-26,0.075460866761288
2023-06-27,0.0753044142444155
2023-06-28,0.0751428754728035
2023-06-29,0.0745566550352235
2023-06-30,0.0739941630360921
2023-07-03,0.0735162737724368
2023-07-04,0.0728835093362906
2023-07-05,0.0721878293471157
2023-07-06,0.0715019224286398
2023-07-07,0.0708577826815125
2023-07-10,0.0703132518271614
2023-07-11,0.06967915364736
2023-07-12,0.0688461628745156
2023-07-13,0.0684592949743401
2023-07-14,0.0679368737743389
2023-07-17,0.0672961700796602
2023-07-18,0.0668334666654119
2023-07-19,0.066341999581991
2023-07-20,0.0654358491447167
2023-07-21,0.0645334052514337
2023-07-24,0.0636443677349583
2023-07-25,0.0633430882383955
2023-07-26,0.0640840851853319
2023-07-27,0.0649382328644123
2023-07-28,0.0667575129990477
2023-07-31,0.0683018735702818
2023-08-01,0.0699975726300034
2023-08-02,0.0712031442449679
2023-08-03,0.0722421253361988
2023-08-04,0.0731853849931732
2023-08-07,0.073728102993059
2023-08-08,0.0741898107935828
2023-08-09,0.0745049392567072
2023-08-10,0.0748410401430613
2023-08-11,0.0751099538485559
2023-08-14,0.0753630971637467
2023-08-15,0.0755767252752653
2023-08-16,0.0757575677218427
2023-08-17,0.0758498917853997
2023-08-18,0.0758918691128463
2023-08-21,0.0761492515056986
2023-08-22,0.0763300290105684
2023-08-23,0.0764395473117465
2023-08-24,0.0763430520077026
2023-08-25,0.0762069436839562
2023-08-28,0.0761326665865881
2023-08-29,0.0759510746426992
2023-08-30,0.0755599632512017
2023-08-31,0.0749590176273821
2023-09-01,0.0746241074279543
2023-09-04,0.0744508451376085
2023-09-05,0.0739074678922721
2023-09-06,0.0733323679002841
2023-09-07,0.072808351735068
2023-09-08,0.0720505909623468
2023-09-11,0.0713746999774512
2023-09-12,0.0709190428445907
2023-09-13,0.0704139232035757
2023-09-14,0.0702514521456138
2023-09-15,0.0698772710166992
2023-09-18,0.0696947026200677
2023-09-19,0.0693281524753253
2023-09-20,0.0688516374125283
2023-09-21,0.0679110008086428
2023-09-22,0.0671788495951902
2023-09-25,0.0665243315076084
2023-09-26,0.0657945221215407
2023-09-27,0.0654050795585924
2023-09-28,0.0651817246606963
2023-10-09,0.0651281142802323
2023-10-10,0.0652217885275365
2023-10-11,0.0651721858807125
2023-10-12,0.0648480708252554
2023-10-13,0.0648296289375733
2023-10-16,0.0648859231550134
2023-10-17,0.0647748953044013
2023-10-18,0.0651828326331316
2023-10-19,0.0655452216687677
2023-10-20,0.065715043442938
2023-10-23,0.0666864051832075
2023-10-24,0.0669795466023299
2023-10-25,0.0667301411454496
2023-10-26,0.0664751324632294
2023-10-27,0.065843603510797
2023-10-30,0.0656169637087069
2023-10-31,0.0655284815212482
2023-11-01,0.0654388058243024
2023-11-02,0.0651887381895017
2023-11-03,0.0650746251067694
2023-11-06,0.0648535790143331
2023-11-07,0.0648579901126944
2023-11-08,0.0650550736213783
2023-11-09,0.0650406182443531
2023-11-10,0.0650639475882609
2023-11-13,0.0648586336027512
2023-11-14,0.0647820126999554
2023-11-15,0.0647014732032757
2023-11-16,0.064663000905009
2023-11-17,0.0647099164154816
2023-11-20,0.0647678101006053
2023-11-21,0.064828475912691
2023-11-22,0.064722151350367
2023-11-23,0.0646880273129177
2023-11-24,0.0647098367415778
2023-11-27,0.0647223452273328
2023-11-28,0.0649348112555915
2023-11-29,0.0650954502204099
2023-11-30,0.0652662097439349
2023-12-01,0.0653936403319769
2023-12-04,0.0654148026294313
2023-12-05,0.0654025556777125
2023-12-06,0.0655588482830439
2023-12-07,0.0657545252592971
2023-12-08,0.066006069014867
2023-12-11,0.0659529711387699
2023-12-12,0.0657803735499183
2023-12-13,0.0659142967700313
2023-12-14,0.0659590179621526
2023-12-15,0.0659423449334773
2023-12-18,0.0658544945273386
2023-12-19,0.0657160768715179
2023-12-20,0.0657008203897005
2023-12-21,0.0656892107587516
2023-12-22,0.0654171433343859
2023-12-25,0.0649161076901479
2023-12-26,0.0642547368781184
2023-12-27,0.0634249535460863
2023-12-28,0.0628063246023816
2023-12-29,0.0623540036932296
2024-01-02,0.0621323772822634
2024-01-03,0.0620750526024879
2024-01-04,0.0619324929244974
2024-01-05,0.0617084451867066
2024-01-08,0.0614549304030216
2024-01-09,0.0612757451096486
2024-01-10,0.0609222379878765
2024-01-11,0.0606164605334431
2024-01-12,0.0604077298351173
2024-01-15,0.060151451222458
2024-01-16,0.0598877308656297
2024-01-17,0.0594853620897483
2024-01-18,0.0588828293380839
2024-01-19,0.0577325992015494
2024-01-22,0.0574780063877045
2024-01-23,0.0578003086325717
2024-01-24,0.057761806776913
2024-01-25,0.0577408821263817
2024-01-26,0.0578736177265078
2024-01-29,0.0581986835617861
2024-01-30,0.0589726505542106
2024-01-31,0.0599386838687161
2024-02-01,0.0611520358220258
2024-02-02,0.0631496176839915
2024-02-05,0.0661032414698176
2024-02-06,0.0680798431261964
2024-02-07,0.0701879427772512
2024-02-08,0.0713436880634136
2024-02-19,0.0722276786804508
2024-02-20,0.0730202568071757
2024-02-21,0.0736251921757809
2024-02-22,0.0741370297318054
2024-02-23,0.0745042543712605
2024-02-26,0.074675394765861
2024-02-27,0.0747286275224989
2024-02-28,0.0749977476577231
2024-02-29,0.0750689844499204
2024-03-01,0.0751045502212265
2024-03-04,0.0751093870285216
2024-03-05,0.0749130616220634
2024-03-06,0.0746585974549942
2024-03-07,0.0744154059187028
2024-03-08,0.074300526422827
2024-03-11,0.0742635583537553
2024-03-12,0.0743274145047296
2024-03-13,0.0741841527917998
2024-03-14,0.0741277911866625
2024-03-15,0.0742603348876839
2024-03-18,0.0743786545710284
2024-03-19,0.0744226961341116
2024-03-20,0.0743836866118398
2024-03-21,0.0742632425136861
2024-03-22,0.0740265459160813
2024-03-25,0.0738345313971598
2024-03-26,0.0736403111473473
2024-03-27,0.0732493191507661
2024-03-28,0.0728771604111516
2024-03-29,0.0726754929562513
2024-04-01,0.0725194677183771
2024-04-02,0.0725225650183568
2024-04-03,0.0726145201089805
2024-04-08,0.0725491881372632
2024-04-09,0.0723393184393191
2024-04-10,0.0718691244923425
2024-04-11,0.0713370330912452
2024-04-12,0.0708978934948721
2024-04-15,0.0704861054647658
2024-04-16,0.0701287196045502
2024-04-17,0.0697018926613719
2024-04-18,0.0693097610184962
2024-04-19,0.068797997880539
2024-04-22,0.0681097566958882
2024-04-23,0.0672693644722023
2024-04-24,0.066211401854397
2024-04-25,0.0653768947371397
2024-04-26,0.0648222298168868
2024-04-29,0.0642379731383441
2024-04-30,0.0645494527544544
2024-05-06,0.0648675083300872
2024-05-07,0.0651712943170027
2024-05-08,0.0652186748981622
2024-05-09,0.0652383668883495
2024-05-10,0.0654643357841936
2024-05-13,0.0656625043259234
2024-05-14,0.0660290576456251
2024-05-15,0.0660773538902971
2024-05-16,0.0656347621243809
2024-05-17,0.0656650843293534
2024-05-20,0.0665410996053068
2024-05-21,0.0671554742760531
2024-05-22,0.0677182633337977
2024-05-23,0.0677759200327525
2024-05-24,0.0677868531385749
2024-05-27,0.0676336086609691
2024-05-28,0.0675404948288559
2024-05-29,0.0673792303392377
2024-05-30,0.0669376821467842
2024-05-31,0.0665104648379208
2024-06-03,0.0658844779709913
2024-06-04,0.0654323557099885
2024-06-05,0.0651160617561897
2024-06-06,0.0648044799462387
2024-06-07,0.0641255947813273
2024-06-11,0.0636695825782086
2024-06-12,0.0633363768069891
2024-06-13,0.0631392630559733
2024-06-14,0.0630331214225453
2024-06-17,0.0630786363060444
2024-06-18,0.0629326105185968
2024-06-19,0.0628486735135694
2024-06-20,0.0633335525492085
2024-06-21,0.0638347297510104
2024-06-24,0.0645709416831309
2024-06-25,0.0652669038648264
2024-06-26,0.0656180597826571
2024-06-27,0.0659625449104773
2024-06-28,0.0661615884156733
2024-07-01,0.0662255923240775
2024-07-02,0.065995451788573
2024-07-03,0.0659091916160617
2024-07-04,0.0662328670753394
2024-07-05,0.0667087918464494
2024-07-08,0.0676637113021089
2024-07-09,0.0685333620650634
2024-07-10,0.069475326703064
2024-07-11,0.0701098719813304
2024-07-12,0.0706739643799256
2024-07-15,0.071319836308556
2024-07-16,0.0719283528560927
2024-07-17,0.0725305656699107
2024-07-18,0.0726226777900171
2024-07-19,0.0731767997437192
2024-07-22,0.073763700449729
2024-07-23,0.0746822362401752
2024-07-24,0.0753890183861134
2024-07-25,0.0758497862408901
2024-07-26,0.0762667477929817
2024-07-29,0.0768407843919942
2024-07-30,0.0774684840048534
2024-07-31,0.0778066251729837
2024-08-01,0.0779092042564879
2024-08-02,0.0783696555124631
2024-08-05,0.079333722838035
2024-08-06,0.0802102960349368
2024-08-07,0.0810376179422828
2024-08-08,0.0816989820919982
2024-08-09,0.0821451992803923
2024-08-12,0.0822707102427397
2024-08-13,0.0820335609576873
2024-08-14,0.0812746040245659
2024-08-15,0.0788186741052799
2024-08-16,0.0768861625701252
2024-08-19,0.0749366015601899
2024-08-20,0.0737644265601881
2024-08-21,0.0730184609066041
2024-08-22,0.0723603766895143
2024-08-23,0.0717949442491271
2024-08-26,0.0712787122623827
2024-08-27,0.0708884638868635
2024-08-28,0.0703382788673642
2024-08-29,0.0698564602240717
2024-08-30,0.0690199739317874
2024-09-02,0.0686152789658531
2024-09-03,0.0685096178123623
2024-09-04,0.0687521702428614
2024-09-05,0.0684309220406142
2024-09-06,0.0682151531713366
2024-09-09,0.0680390534811748
2024-09-10,0.0680478677114305
2024-09-11,0.0681695085206104
2024-09-12,0.0682085840671146
2024-09-13,0.0681152107990611
2024-09-18,0.0678952005980664
2024-09-19,0.0681131431326965
2024-09-20,0.0682180416258159
2024-09-23,0.0686725997440009
2024-09-24,0.0694655112590871
2024-09-25,0.0699469421546657
2024-09-26,0.0714404778919038
2024-09-27,0.0733293981311411
2024-09-30,0.0760282315938476
2024-10-08,0.0792359988817704
2024-10-09,0.080229581840217
2024-10-10,0.0819227101875961
2024-10-11,0.0828446926355853
2024-10-14,0.0843705779197576
2024-10-15,0.0852746687853982
2024-10-16,0.0865706948491929
2024-10-17,0.0871710261519493
2024-10-18,0.0880606305936303
2024-10-21,0.0890225044300775
2024-10-22,0.0901524312710591
2024-10-23,0.0916398821265291
2024-10-24,0.0929496038681324
2024-10-25,0.0945329575382828
2024-10-28,0.0964772330801672
2024-10-29,0.0981528304529465
2024-10-30,0.0999199466539221
2024-10-31,0.101746157624242
2024-11-01,0.103147166485376
2024-11-04,0.104466220748712
2024-11-05,0.105922945322836
2024-11-06,0.106998475945293
2024-11-07,0.108346239885296
2024-11-08,0.109350530698019
2024-11-11,0.110302989763628
2024-11-12,0.111065842847441
2024-11-13,0.111463563840606
2024-11-14,0.111576717664669
2024-11-15,0.111496727341881
2024-11-18,0.111230324383598
2024-11-19,0.11102469443874
2024-11-20,0.11076268264211
2024-11-21,0.110217594697994
2024-11-22,0.108985832475258
2024-11-25,0.1079301351662
2024-11-26,0.106439422650752
2024-11-27,0.105199748497451
2024-11-28,0.103642255049165
2024-11-29,0.101769098557676
2024-12-02,0.100214632669019
2024-12-03,0.098212295696312
2024-12-04,0.096206849889661
2024-12-05,0.0943255301518851
2024-12-06,0.0930345931356247
2024-12-09,0.0914119992257726
2024-12-10,0.0900603731367794
2024-12-11,0.0889503128442939
2024-12-12,0.0873031819270073
2024-12-13,0.0851558312546949
2024-12-16,0.0823083083634835
2024-12-17,0.0793439658233954
2024-12-18,0.0758710323305854
2024-12-19,0.0725137094221695
2024-12-20,0.0683070637846196
2024-12-23,0.0636972621976063
2024-12-24,0.0603252934368514
2024-12-25,0.0562906627060406
2024-12-26,0.0528950880306315
2024-12-27,0.0506372548799712
2024-12-30,0.0479736535602259
2024-12-31,0.0471831456852303
2025-01-02,0.0476373040480143
2025-01-03,0.0508367909834855
2025-01-06,0.0545682057887038
2025-01-07,0.0555932388868906
2025-01-08,0.0573796434104626
2025-01-09,0.0583032685892552
2025-01-10,0.0603643316486537
2025-01-13,0.0614714733813873
2025-01-14,0.0623916433690115
2025-01-15,0.0627855737913325
2025-01-16,0.0634032418035312
2025-01-17,0.0640818616088735
2025-01-20,0.0650554473023293
2025-01-21,0.0663695023599961
2025-01-22,0.067638304543375
2025-01-23,0.0692646672362522
2025-01-24,0.0711915410168763
2025-01-27,0.0724873781858726
