date,mean_vola
2014-07-07,NA
2014-07-08,NA
2014-07-09,NA
2014-07-10,NA
2014-07-11,NA
2014-07-14,NA
2014-07-15,NA
2014-07-16,NA
2014-07-17,NA
2014-07-18,NA
2014-07-21,NA
2014-07-22,NA
2014-07-23,NA
2014-07-24,NA
2014-07-25,NA
2014-07-28,NA
2014-07-29,NA
2014-07-30,NA
2014-07-31,NA
2014-08-01,NA
2014-08-04,NA
2014-08-05,NA
2014-08-06,NA
2014-08-07,NA
2014-08-08,NA
2014-08-11,NA
2014-08-12,NA
2014-08-13,NA
2014-08-14,NA
2014-08-15,NA
2014-08-18,NA
2014-08-19,NA
2014-08-20,NA
2014-08-21,NA
2014-08-22,NA
2014-08-25,NA
2014-08-26,NA
2014-08-27,NA
2014-08-28,NA
2014-08-29,NA
2014-09-01,NA
2014-09-02,NA
2014-09-03,NA
2014-09-04,NA
2014-09-05,NA
2014-09-09,NA
2014-09-10,NA
2014-09-11,NA
2014-09-12,NA
2014-09-15,NA
2014-09-16,NA
2014-09-17,NA
2014-09-18,NA
2014-09-19,NA
2014-09-22,NA
2014-09-23,NA
2014-09-24,NA
2014-09-25,NA
2014-09-26,NA
2014-09-29,NA
2014-09-30,NA
2014-10-08,NA
2014-10-09,0.0204647595693545
2014-10-10,0.0205092283391742
2014-10-13,0.0205570047964501
2014-10-14,0.0204572582564382
2014-10-15,0.0204567498689383
2014-10-16,0.0206375655529488
2014-10-17,0.0208141415253881
2014-10-20,0.0207959945589135
2014-10-21,0.0207326110571252
2014-10-22,0.020851560435679
2014-10-23,0.0211607692635637
2014-10-24,0.0211135115116991
2014-10-27,0.0210789348490393
2014-10-28,0.0211664904110361
2014-10-29,0.0211361947109742
2014-10-30,0.0212181782041104
2014-10-31,0.0211728106081944
2014-11-03,0.021174240265035
2014-11-04,0.0211524063213692
2014-11-05,0.0211844464878495
2014-11-06,0.0210888156023188
2014-11-07,0.0210766529619237
2014-11-10,0.0211705673541497
2014-11-11,0.021721498513913
2014-11-12,0.0216921103954563
2014-11-13,0.0218370270040813
2014-11-14,0.0218419443850843
2014-11-17,0.0218648978985512
2014-11-18,0.0217668046412582
2014-11-19,0.0216539290524863
2014-11-20,0.0216175607984102
2014-11-21,0.0216063618447316
2014-11-24,0.0216522416239157
2014-11-25,0.0219204955129544
2014-11-26,0.0219184383507866
2014-11-27,0.0219499956698495
2014-11-28,0.021935562127386
2014-12-01,0.0218650979957069
2014-12-02,0.0219099010858684
2014-12-03,0.0220400399698628
2014-12-04,0.0223382965266742
2014-12-05,0.0230247938819056
2014-12-08,0.0231878693021863
2014-12-09,0.0240661957176848
2014-12-10,0.0244455523132623
2014-12-11,0.0247279832204816
2014-12-12,0.0247599739128693
2014-12-15,0.0247986688405391
2014-12-16,0.0248552942014038
2014-12-17,0.0249821473174197
2014-12-18,0.0249610904647428
2014-12-19,0.0247245534059687
2014-12-22,0.0255087830818509
2014-12-23,0.0261769581812397
2014-12-24,0.0264171077226004
2014-12-25,0.0263794045481543
2014-12-26,0.0263843929079138
2014-12-29,0.0265096483615901
2014-12-30,0.0267347535030511
2014-12-31,0.0267857896486016
2015-01-05,0.0272483678768741
2015-01-06,0.0274027388298544
2015-01-07,0.0274784885638319
2015-01-08,0.0275575758642965
2015-01-09,0.0275659835146157
2015-01-12,0.0278173507118015
2015-01-13,0.0278129517208661
2015-01-14,0.0278345321712329
2015-01-15,0.0277523874367185
2015-01-16,0.0276064683601023
2015-01-19,0.0285873281708601
2015-01-20,0.0287877534495516
2015-01-21,0.0288801742993199
2015-01-22,0.0287426360207485
2015-01-23,0.0287945592718694
2015-01-26,0.0288517170539523
2015-01-27,0.0287561140987937
2015-01-28,0.0287632056541611
2015-01-29,0.0287729038137095
2015-01-30,0.0287837215916107
2015-02-02,0.0288686043189719
2015-02-03,0.0288491945375853
2015-02-04,0.0288447826650802
2015-02-05,0.0288700245694995
2015-02-06,0.029001994715074
2015-02-09,0.0289547552841398
2015-02-10,0.0285353193124711
2015-02-11,0.0284197034000887
2015-02-12,0.0283194167786239
2015-02-13,0.0283608272600369
2015-02-16,0.0283861386749464
2015-02-17,0.0284538807260002
2015-02-25,0.028483841983431
2015-02-26,0.028546959363889
2015-02-27,0.0284961747101411
2015-03-02,0.0285564305409786
2015-03-03,0.0284742485241254
2015-03-04,0.0285384016418378
2015-03-05,0.0286060571128129
2015-03-06,0.0286659305013544
2015-03-09,0.0285533019193592
2015-03-10,0.0285576577336626
2015-03-11,0.0284204476510923
2015-03-12,0.0282686420426319
2015-03-13,0.0277375221173505
2015-03-16,0.0277722057235694
2015-03-17,0.0269894019160532
2015-03-18,0.0268305965378529
2015-03-19,0.0266414850326033
2015-03-20,0.0266489631273141
2015-03-23,0.0267378395373333
2015-03-24,0.026867740965669
2015-03-25,0.0268346324425192
2015-03-26,0.02699919769713
2015-03-27,0.0268466307898758
2015-03-30,0.0261050527409364
2015-03-31,0.0255880602908655
2015-04-01,0.0255268722314152
2015-04-02,0.025635684567113
2015-04-03,0.02580447351662
2015-04-07,0.0257474667796043
2015-04-08,0.0256912537162083
2015-04-09,0.0260124642771463
2015-04-10,0.0257620720400784
2015-04-13,0.0258380009925088
2015-04-14,0.0259633001447727
2015-04-15,0.0264935912528628
2015-04-16,0.0265360795577916
2015-04-17,0.0262518128208376
2015-04-20,0.0266511731915291
2015-04-21,0.0268660878337763
2015-04-22,0.0270720407810919
2015-04-23,0.0272416824058058
2015-04-24,0.0261226488791933
2015-04-27,0.0261091588676749
2015-04-28,0.0266423633465126
2015-04-29,0.0267864983325563
2015-04-30,0.0268976104122526
2015-05-04,0.0270738288891413
2015-05-05,0.0277970558674259
2015-05-06,0.0280869105453436
2015-05-07,0.0285703069275994
2015-05-08,0.0287523455941373
2015-05-11,0.0289349512947653
2015-05-12,0.029104345899224
2015-05-13,0.0292260117550564
2015-05-14,0.0292812534639675
2015-05-15,0.029426445203412
2015-05-18,0.0296023015849468
2015-05-19,0.0297773101968258
2015-05-20,0.0299095064914573
2015-05-21,0.0302217690430676
2015-05-22,0.0305176570207166
2015-05-25,0.0307523096149669
2015-05-26,0.0309282852377965
2015-05-27,0.0311437250271753
2015-05-28,0.032765865376713
2015-05-29,0.0330228877704581
2015-06-01,0.0336501398101729
2015-06-02,0.0338932844961205
2015-06-03,0.0341100437509384
2015-06-04,0.034430708085732
2015-06-05,0.0345570462077562
2015-06-08,0.0348414578836948
2015-06-09,0.0349981754450554
2015-06-10,0.0350501159042776
2015-06-11,0.035097552365954
2015-06-12,0.0352098389548151
2015-06-15,0.0353886178532832
2015-06-16,0.0360906163317456
2015-06-17,0.0362223021796705
2015-06-18,0.0366211833046983
2015-06-19,0.0382205357519607
2015-06-23,0.038352289829369
2015-06-24,0.0384695536248648
2015-06-25,0.0389631070935426
2015-06-26,0.0406587721914297
2015-06-29,0.0418522255429078
2015-06-30,0.0422509219086847
2015-07-01,0.0433008571431385
2015-07-02,0.044543339947348
2015-07-03,0.0456770633507481
2015-07-06,0.0463005529321959
2015-07-07,0.0472271209738408
2015-07-08,0.0478054825938665
2015-07-09,0.048402478184307
2015-07-10,0.0489708634535566
2015-07-13,0.0496543835484726
2015-07-14,0.0500131852436785
2015-07-15,0.0506587210296826
2015-07-16,0.0507800610253213
2015-07-17,0.051264292092201
2015-07-20,0.051274582842843
2015-07-21,0.0512233591890007
2015-07-22,0.0511886019902325
2015-07-23,0.0512768339679252
2015-07-24,0.0513053185304302
2015-07-27,0.0523541738685084
2015-07-28,0.0524921555396341
2015-07-29,0.0528558933446239
2015-07-30,0.0529512459757426
2015-07-31,0.0529191682088826
2015-08-03,0.0530916164712624
2015-08-04,0.053566132513433
2015-08-05,0.0533400966921642
2015-08-06,0.0532138718051618
2015-08-07,0.0531422060016713
2015-08-10,0.0534653009917902
2015-08-11,0.0534393311025807
2015-08-12,0.0534118941535699
2015-08-13,0.0533814586341399
2015-08-14,0.0533013679269655
2015-08-17,0.0533886278056825
2015-08-18,0.0543518677622959
2015-08-19,0.054285445688058
2015-08-20,0.0543642969520553
2015-08-21,0.0546498837055209
2015-08-24,0.0554216302941265
2015-08-25,0.0561307831033692
2015-08-26,0.05595424668207
2015-08-27,0.056212839819785
2015-08-28,0.0563919841559839
2015-08-31,0.0562287482938839
2015-09-01,0.0566857844309397
2015-09-02,0.056772594511658
2015-09-07,0.0567156643203948
2015-09-08,0.0570981672638041
2015-09-09,0.0573662053385556
2015-09-10,0.0573539488016076
2015-09-11,0.0573013649482529
2015-09-14,0.0578764752210365
2015-09-15,0.0582201256375944
2015-09-16,0.0589982209806268
2015-09-17,0.0588819001635171
2015-09-18,0.0588542221067747
2015-09-21,0.0584435762075188
2015-09-22,0.0584040141330319
2015-09-23,0.0582411958629395
2015-09-24,0.0581415197030266
2015-09-25,0.0573463317092782
2015-09-28,0.0567673055038696
2015-09-29,0.0564358947865756
2015-09-30,0.0558286954532587
2015-10-08,0.055175384176255
2015-10-09,0.0542859380927669
2015-10-12,0.0539247979736119
2015-10-13,0.0528694944971224
2015-10-14,0.0522194660952769
2015-10-15,0.0518253460338105
2015-10-16,0.0512814474842916
2015-10-19,0.0505936123929414
2015-10-20,0.0502639723038807
2015-10-21,0.0501690921047331
2015-10-22,0.0502300442148151
2015-10-23,0.0498704952123798
2015-10-26,0.0498468305336658
2015-10-27,0.0497912751906295
2015-10-28,0.0498052136174265
2015-10-29,0.0496367068527428
2015-10-30,0.0495688741729616
2015-11-02,0.0484448914302256
2015-11-03,0.0479865600364904
2015-11-04,0.0477626155212011
2015-11-05,0.0475668664798474
2015-11-06,0.0474708041296621
2015-11-09,0.0469044242084052
2015-11-10,0.0463300743018247
2015-11-11,0.0463349033003459
2015-11-12,0.0464239536054224
2015-11-13,0.0464201301495302
2015-11-16,0.0460330263069975
2015-11-17,0.0460213860845573
2015-11-18,0.0460154639902767
2015-11-19,0.0458996555897888
2015-11-20,0.0458392333303852
2015-11-23,0.0456377026075771
2015-11-24,0.0444103209583033
2015-11-25,0.0442736311036458
2015-11-26,0.0439778168569941
2015-11-27,0.0441944822385978
2015-11-30,0.0427299162748012
2015-12-01,0.0411379033087581
2015-12-02,0.0403945551477041
2015-12-03,0.0400725593204262
2015-12-04,0.0393055652521015
2015-12-07,0.0388981793705996
2015-12-08,0.0381043284749354
2015-12-09,0.0375297976315435
2015-12-10,0.0374146459384665
2015-12-11,0.0370457688993639
2015-12-14,0.0368792051993835
2015-12-15,0.0366864000102736
2015-12-16,0.0366601694787423
2015-12-17,0.0350127259581693
2015-12-18,0.0337972630616178
2015-12-21,0.0324614552974603
2015-12-22,0.032228648084104
2015-12-23,0.0323573715180953
2015-12-24,0.0321909273953528
2015-12-25,0.0321587410911243
2015-12-28,0.0321770121501863
2015-12-29,0.0321428025938294
2015-12-30,0.0316573767964907
2015-12-31,0.0316856235290471
2016-01-04,0.0334534554620593
2016-01-05,0.0338432564068919
2016-01-06,0.0339762450846366
2016-01-07,0.0357785010556286
2016-01-08,0.0357706809919545
2016-01-11,0.0369980710521434
2016-01-12,0.0371264513505769
2016-01-13,0.037252646082045
2016-01-14,0.0373413661723223
2016-01-15,0.03780179439077
2016-01-18,0.0378124876537364
2016-01-19,0.0368532202864452
2016-01-20,0.0366309574880326
2016-01-21,0.0368380743748089
2016-01-22,0.0368694566392151
2016-01-25,0.03688575691246
2016-01-26,0.0381495805540262
2016-01-27,0.0382946877049084
2016-01-28,0.0387567168147551
2016-01-29,0.0388629313541321
2016-02-01,0.039035640730131
2016-02-02,0.0387654291713894
2016-02-03,0.03875367297068
2016-02-04,0.0388571567034973
2016-02-05,0.0388172550379073
2016-02-15,0.0387332264060798
2016-02-16,0.0389897059573872
2016-02-17,0.0389638396760977
2016-02-18,0.0388323548371259
2016-02-19,0.0386740039635699
2016-02-22,0.0388316978653251
2016-02-23,0.0388045417911305
2016-02-24,0.0388075794856451
2016-02-25,0.0400620923477037
2016-02-26,0.0402439454356369
2016-02-29,0.0408560538547565
2016-03-01,0.0409723811902642
2016-03-02,0.041576877592079
2016-03-03,0.0406664062606967
2016-03-04,0.0407085736356561
2016-03-07,0.0407720829335915
2016-03-08,0.0406957984868652
2016-03-09,0.0409068004635164
2016-03-10,0.0408986240814692
2016-03-11,0.0408197096302958
2016-03-14,0.0409175126992175
2016-03-15,0.0408917498521386
2016-03-16,0.0408478479255502
2016-03-17,0.0409653716971353
2016-03-18,0.0409747764896276
2016-03-21,0.0410627387138742
2016-03-22,0.0410542044026735
2016-03-23,0.0409726211415704
2016-03-24,0.0410183886530648
2016-03-25,0.0410394202132639
2016-03-28,0.040960841316105
2016-03-29,0.0409420544255152
2016-03-30,0.0411240507805366
2016-03-31,0.041058141787222
2016-04-01,0.0409335169219791
2016-04-05,0.0409892100314573
2016-04-06,0.0410108135481232
2016-04-07,0.0410415733627674
2016-04-08,0.0395984946338993
2016-04-11,0.0393987046774534
2016-04-12,0.0390218128802717
2016-04-13,0.037352446452727
2016-04-14,0.0369700934341611
2016-04-15,0.0356106377903749
2016-04-18,0.0354755230227549
2016-04-19,0.0350325685291033
2016-04-20,0.0353510225817238
2016-04-21,0.0347812550626009
2016-04-22,0.0347691656176418
2016-04-25,0.034499005693986
2016-04-26,0.0344263553905141
2016-04-27,0.0339970134676373
2016-04-28,0.0339090740847143
2016-04-29,0.0338135048473992
2016-05-03,0.0321036695114156
2016-05-04,0.0318715511072491
2016-05-05,0.0310142389959885
2016-05-06,0.0312907303228881
2016-05-09,0.0318241793643741
2016-05-10,0.0316220372157589
2016-05-11,0.0315849277780109
2016-05-12,0.0314335328695487
2016-05-13,0.0313261951297768
2016-05-16,0.0312835645881136
2016-05-17,0.0309138935235417
2016-05-18,0.0311342278253016
2016-05-19,0.0310885487361546
2016-05-20,0.0311230565365284
2016-05-23,0.0309196740264229
2016-05-24,0.0308371984893096
2016-05-25,0.030704113447342
2016-05-26,0.0286502406756563
2016-05-27,0.0283381895906996
2016-05-30,0.0272330571204332
2016-05-31,0.0273802739568654
2016-06-01,0.0265090510626174
2016-06-02,0.0265088353248403
2016-06-03,0.0261270904612004
2016-06-06,0.0258622211559517
2016-06-07,0.0257686820442732
2016-06-08,0.0251701989951367
2016-06-13,0.0257826936385123
2016-06-14,0.025769483577554
2016-06-15,0.0257116215268251
2016-06-16,0.0256666661753752
2016-06-17,0.0257024546975876
2016-06-20,0.0255637802874762
2016-06-21,0.0252924738362043
2016-06-22,0.0252075318589293
2016-06-23,0.0251812404277888
2016-06-24,0.025261468747428
2016-06-27,0.0252434079626189
2016-06-28,0.0252421265358067
2016-06-29,0.0252301644496875
2016-06-30,0.0250381450191385
2016-07-01,0.0246543029450162
2016-07-04,0.0248533897311274
2016-07-05,0.0248436058235539
2016-07-06,0.0246916228825109
2016-07-07,0.0246942143627041
2016-07-08,0.0246289670010487
2016-07-11,0.0245432981554308
2016-07-12,0.0245541234223551
2016-07-13,0.024512109780525
2016-07-14,0.0243186803266076
2016-07-15,0.0243023794345651
2016-07-18,0.0243289958595837
2016-07-19,0.0242415906967345
2016-07-20,0.0242429867823509
2016-07-21,0.023430414830573
2016-07-22,0.0233429846507966
2016-07-25,0.0233163945136899
2016-07-26,0.0232967971675323
2016-07-27,0.0240086938124417
2016-07-28,0.0240097979567219
2016-07-29,0.0240114434248771
2016-08-01,0.0241533158416588
2016-08-02,0.0239530639883248
2016-08-03,0.0239864666282801
2016-08-04,0.0239523677331296
2016-08-05,0.0232123730745258
2016-08-08,0.0222103898517485
2016-08-09,0.0221190396530347
2016-08-10,0.0220992889118417
2016-08-11,0.0221035438265987
2016-08-12,0.0220598149446811
2016-08-15,0.0220152054220308
2016-08-16,0.022014089906075
2016-08-17,0.021531807206726
2016-08-18,0.0215095676249669
2016-08-19,0.0214439428071643
2016-08-22,0.0214677884722194
2016-08-23,0.0214744855266928
2016-08-24,0.0214704373494198
2016-08-25,0.0215208469860121
2016-08-26,0.0215314407303656
2016-08-29,0.0215162551578142
2016-08-30,0.0210034500502435
2016-08-31,0.0209107783140467
2016-09-01,0.0208653751896921
2016-09-02,0.0208880351128026
2016-09-05,0.0209274815772558
2016-09-06,0.0209520892785391
2016-09-07,0.0209120322793872
2016-09-08,0.0199069899442683
2016-09-09,0.0199276354069856
2016-09-12,0.0201156871244221
2016-09-13,0.0201818153745902
2016-09-14,0.0201576571508684
2016-09-19,0.0200454039027157
2016-09-20,0.0199391951048563
2016-09-21,0.0198022557788679
2016-09-22,0.019756534551624
2016-09-23,0.0196345238255489
2016-09-26,0.0197046392868103
2016-09-27,0.0197037401378232
2016-09-28,0.0196870938366205
2016-09-29,0.0197070280441459
2016-09-30,0.0197441080188129
2016-10-10,0.0195684438206153
2016-10-11,0.0194996044976872
2016-10-12,0.0194461825635885
2016-10-13,0.0193939728621373
2016-10-14,0.0193140375438844
2016-10-17,0.0193707797728042
2016-10-18,0.0192067635245696
2016-10-19,0.0191609090587669
2016-10-20,0.0191959304880261
2016-10-21,0.0191723200830068
2016-10-24,0.019202447131624
2016-10-25,0.0192612343378853
2016-10-26,0.0193003419135044
2016-10-27,0.0193183980607835
2016-10-28,0.0193406000776355
2016-10-31,0.0192755824653816
2016-11-01,0.0192685677724477
2016-11-02,0.0182560942472442
2016-11-03,0.0181917632043341
2016-11-04,0.0181915321890109
2016-11-07,0.0180932320851799
2016-11-08,0.0181355224647621
2016-11-09,0.0181681594200357
2016-11-10,0.0183143475539489
2016-11-11,0.0185636044896001
2016-11-14,0.018533139862905
2016-11-15,0.0185770900377241
2016-11-16,0.018579496603043
2016-11-17,0.0184560133124066
2016-11-18,0.0185031434318841
2016-11-21,0.018467845463281
2016-11-22,0.0185016273654497
2016-11-23,0.0185100390399686
2016-11-24,0.01857938455279
2016-11-25,0.0185817591856225
2016-11-28,0.0185341034476609
2016-11-29,0.0186622532653843
2016-11-30,0.0188019604119233
2016-12-01,0.0187580882620484
2016-12-02,0.0189230381197963
2016-12-05,0.0190064116657868
2016-12-06,0.0190149062392989
2016-12-07,0.0191232617968686
2016-12-08,0.0190657582084296
2016-12-09,0.0190424711341951
2016-12-12,0.020129902564768
2016-12-13,0.0202017769165779
2016-12-14,0.0203251840280782
2016-12-15,0.0203694603777856
2016-12-16,0.0203891011302045
2016-12-19,0.0198527042831924
2016-12-20,0.0197699341720771
2016-12-21,0.0197190587527669
2016-12-22,0.0197862513587941
2016-12-23,0.0199073358542206
2016-12-26,0.0199486038227511
2016-12-27,0.0199710409451965
2016-12-28,0.0199341572543614
2016-12-29,0.0197072359432322
2016-12-30,0.019736356751029
2017-01-03,0.0197567090303387
2017-01-04,0.0198266601676391
2017-01-05,0.0198605933038995
2017-01-06,0.0197845999563568
2017-01-09,0.0198477843088908
2017-01-10,0.0199292716617593
2017-01-11,0.0200080547228998
2017-01-12,0.0201098878660183
2017-01-13,0.0201840920463281
2017-01-16,0.0208020072098089
2017-01-17,0.0208316048724835
2017-01-18,0.0208437459836916
2017-01-19,0.0208795156420582
2017-01-20,0.0208183349036641
2017-01-23,0.0208324958249546
2017-01-24,0.020829010010551
2017-01-25,0.0208262163853486
2017-01-26,0.0208376668362916
2017-02-03,0.0208136934692541
2017-02-06,0.0207893696235765
2017-02-07,0.0207334364082705
2017-02-08,0.0207090860200565
2017-02-09,0.0207264823157937
2017-02-10,0.0207582180608981
2017-02-13,0.020842046101657
2017-02-14,0.0207802828210453
2017-02-15,0.0207835743262353
2017-02-16,0.0206222654246135
2017-02-17,0.0205885097321441
2017-02-20,0.0205966806476189
2017-02-21,0.0205766506798574
2017-02-22,0.020597341335932
2017-02-23,0.0206285487919222
2017-02-24,0.0206128077254359
2017-02-27,0.0206153001032592
2017-02-28,0.0205550920375418
2017-03-01,0.0205595059231818
2017-03-02,0.0205872058815781
2017-03-03,0.0205554132355061
2017-03-06,0.0204126924635502
2017-03-07,0.0203160072967812
2017-03-08,0.0202951555173232
2017-03-09,0.0201891205642853
2017-03-10,0.020124371257842
2017-03-13,0.0201109630567477
2017-03-14,0.0200142863888391
2017-03-15,0.0200019706175248
2017-03-16,0.0200088076340686
2017-03-17,0.0188509905891708
2017-03-20,0.0187829040734319
2017-03-21,0.0186208700714167
2017-03-22,0.0185547796137887
2017-03-23,0.0184849303163815
2017-03-24,0.0184155176959693
2017-03-27,0.0184087368960707
2017-03-28,0.0184108130659297
2017-03-29,0.0183851214450954
2017-03-30,0.0186002378451745
2017-03-31,0.0186374559927236
2017-04-05,0.0189481822625705
2017-04-06,0.019026800417146
2017-04-07,0.0190494917579671
2017-04-10,0.0191417835505066
2017-04-11,0.0192706108002621
2017-04-12,0.0195030715008818
2017-04-13,0.019522687940068
2017-04-14,0.0196299218569908
2017-04-17,0.019897270214427
2017-04-18,0.0199463066966006
2017-04-19,0.020131267103036
2017-04-20,0.0201314208622244
2017-04-21,0.0200593638252232
2017-04-24,0.0200462637187389
2017-04-25,0.0200807954781545
2017-04-26,0.0200596668765035
2017-04-27,0.0200540673984237
2017-04-28,0.0200358077564985
2017-05-02,0.0200099044631015
2017-05-03,0.0200429026831812
2017-05-04,0.0200616781294334
2017-05-05,0.020118532396014
2017-05-08,0.0203697338137917
2017-05-09,0.0204063862015303
2017-05-10,0.0206292272072622
2017-05-11,0.0207356255574763
2017-05-12,0.0206867626843483
2017-05-15,0.0205560886811547
2017-05-16,0.0206935892663398
2017-05-17,0.020662676778546
2017-05-18,0.020640804409347
2017-05-19,0.0205896859798337
2017-05-22,0.0206388000379783
2017-05-23,0.0210038333868042
2017-05-24,0.0210345939298442
2017-05-25,0.0210611075749484
2017-05-26,0.02102604400898
2017-05-31,0.0210304305810224
2017-06-01,0.0212467368842819
2017-06-02,0.0213441756390894
2017-06-05,0.0213655337389073
2017-06-06,0.0213336089039273
2017-06-07,0.0214714576226825
2017-06-08,0.0214173765932513
2017-06-09,0.0213906732121173
2017-06-12,0.0214671603958351
2017-06-13,0.0215857524225482
2017-06-14,0.0216114051834313
2017-06-15,0.021648065736042
2017-06-16,0.0216670161868049
2017-06-19,0.0217181527984971
2017-06-20,0.0216956833171818
2017-06-21,0.0216835382616929
2017-06-22,0.0217238277217484
2017-06-23,0.0217452191178901
2017-06-26,0.0218389928020988
2017-06-27,0.0218562872337723
2017-06-28,0.0218661980674767
2017-06-29,0.0218492662026202
2017-06-30,0.0218059602970715
2017-07-03,0.0218695747253585
2017-07-04,0.0215964663135999
2017-07-05,0.0215748209759111
2017-07-06,0.0213437763425534
2017-07-07,0.0214234533092432
2017-07-10,0.021435490043536
2017-07-11,0.0214634108720557
2017-07-12,0.0213999265741032
2017-07-13,0.0212950750685616
2017-07-14,0.0212995768159407
2017-07-17,0.0220707547215993
2017-07-18,0.0220816782941462
2017-07-19,0.0224827310518077
2017-07-20,0.0223575034944381
2017-07-21,0.0223495654231437
2017-07-24,0.0223815834434047
2017-07-25,0.0217473650256868
2017-07-26,0.0218380965452748
2017-07-27,0.0219416666327189
2017-07-28,0.0219528992244644
2017-07-31,0.0222237107894278
2017-08-01,0.0223146480440605
2017-08-02,0.0223800050923011
2017-08-03,0.0224800608304795
2017-08-04,0.0223965924112595
2017-08-07,0.0222976810810437
2017-08-08,0.0223403823234603
2017-08-09,0.0221709545475955
2017-08-10,0.0221944390667792
2017-08-11,0.0229882125840229
2017-08-14,0.0230915148600448
2017-08-15,0.0230181290982858
2017-08-16,0.0230654581730054
2017-08-17,0.0230365198264814
2017-08-18,0.0230691625979301
2017-08-21,0.0229520941084762
2017-08-22,0.0224205061105144
2017-08-23,0.0225203097465378
2017-08-24,0.0225225738321324
2017-08-25,0.0225717349690986
2017-08-28,0.0225664272271695
2017-08-29,0.0221908511279643
2017-08-30,0.0221906552464072
2017-08-31,0.0221694898161535
2017-09-01,0.0223377079248827
2017-09-04,0.0222683601965689
2017-09-05,0.0222934401765031
2017-09-06,0.0223173765421331
2017-09-07,0.0222431628476392
2017-09-08,0.0221990568429768
2017-09-11,0.0222384680797964
2017-09-12,0.0223222376065744
2017-09-13,0.0223969929660872
2017-09-14,0.0224602019296583
2017-09-15,0.02267080805676
2017-09-18,0.0226684358120414
2017-09-19,0.022534805819376
2017-09-20,0.022560879201718
2017-09-21,0.0226517874673527
2017-09-22,0.0226776768493493
2017-09-25,0.0228108905570074
2017-09-26,0.0228530666516471
2017-09-27,0.0228519993880573
2017-09-28,0.0228200490535931
2017-09-29,0.0228218949833492
2017-10-09,0.0228736502841123
2017-10-10,0.0229026168688016
2017-10-11,0.0228980759395001
2017-10-12,0.0228562314610249
2017-10-13,0.0227201618832399
2017-10-16,0.0228230394225755
2017-10-17,0.0227717249957816
2017-10-18,0.0228013188357615
2017-10-19,0.0217226925583615
2017-10-20,0.0215844313350868
2017-10-23,0.0211327998212142
2017-10-24,0.0210232018519649
2017-10-25,0.0209252511668916
2017-10-26,0.0208035259415385
2017-10-27,0.0207204091981038
2017-10-30,0.0209682229753434
2017-10-31,0.0208554914168225
2017-11-01,0.020754242381007
2017-11-02,0.0205620334426463
2017-11-03,0.0205230636142754
2017-11-06,0.0203988157039104
2017-11-07,0.0202697731704665
2017-11-08,0.0201886248609698
2017-11-09,0.0199967406037609
2017-11-10,0.0199128528138793
2017-11-13,0.0198094945977639
2017-11-14,0.0196984211131075
2017-11-15,0.0189595642901711
2017-11-16,0.0188637920624189
2017-11-17,0.0194040573890503
2017-11-20,0.019416409705862
2017-11-21,0.0193464965687562
2017-11-22,0.0192733581962863
2017-11-23,0.0193140890921069
2017-11-24,0.0193199791047241
2017-11-27,0.0193041515077098
2017-11-28,0.0194293091812706
2017-11-29,0.0194950625008033
2017-11-30,0.0194760263973879
2017-12-01,0.0194479603591128
2017-12-04,0.0193505904375583
2017-12-05,0.0197432693652282
2017-12-06,0.0195773086952458
2017-12-07,0.0195246871899397
2017-12-08,0.0195467835480791
2017-12-11,0.0195080736939497
2017-12-12,0.0194740613132778
2017-12-13,0.0194062392615619
2017-12-14,0.019282210307868
2017-12-15,0.0192689858727899
2017-12-18,0.0193126083131257
2017-12-19,0.0192041799174701
2017-12-20,0.0190922164440976
2017-12-21,0.019067958574095
2017-12-22,0.0190838499818792
2017-12-25,0.0190531090765302
2017-12-26,0.0189530798063976
2017-12-27,0.0189447400543611
2017-12-28,0.018911813487928
2017-12-29,0.018827642806839
2018-01-02,0.0190423572868898
2018-01-03,0.0191321748889331
2018-01-04,0.0191644024795962
2018-01-05,0.0191149417484512
2018-01-08,0.0191503735267338
2018-01-09,0.0191061343784112
2018-01-10,0.0191045650420625
2018-01-11,0.0191071556403011
2018-01-12,0.0189825452411865
2018-01-15,0.0193705937415887
2018-01-16,0.0193025498327305
2018-01-17,0.0191994493595346
2018-01-18,0.019152058725904
2018-01-19,0.0191750795130052
2018-01-22,0.0192632138022007
2018-01-23,0.0193187095920206
2018-01-24,0.0193381267471474
2018-01-25,0.0194082353714852
2018-01-26,0.0189952362949454
2018-01-29,0.0190659691807671
2018-01-30,0.0191659830314316
2018-01-31,0.0195043181696426
2018-02-01,0.0204007311965308
2018-02-02,0.0206778964305526
2018-02-05,0.0207825976198251
2018-02-06,0.0219047904701648
2018-02-07,0.022024111965165
2018-02-08,0.0221729925300996
2018-02-09,0.0230097429577809
2018-02-12,0.0232762573047659
2018-02-13,0.0232958961202184
2018-02-14,0.0233082416565881
2018-02-22,0.0229814736756353
2018-02-23,0.022992696862503
2018-02-26,0.0231328763250725
2018-02-27,0.023185718105196
2018-02-28,0.023086155485504
2018-03-01,0.0230907802785987
2018-03-02,0.0230761047888323
2018-03-05,0.022998595483456
2018-03-06,0.0229819880483814
2018-03-07,0.0230762637470565
2018-03-08,0.0231565423711912
2018-03-09,0.0231445206201981
2018-03-12,0.0228732925787343
2018-03-13,0.0228660756095808
2018-03-14,0.0228642140259937
2018-03-15,0.0229414813798772
2018-03-16,0.023015580653926
2018-03-19,0.023047112160207
2018-03-20,0.0231097953232677
2018-03-21,0.023159457147352
2018-03-22,0.0231808232784841
2018-03-23,0.0244925065194079
2018-03-26,0.0246124873634833
2018-03-27,0.0247458337618711
2018-03-28,0.0248238503128433
2018-03-29,0.0249131303611825
2018-03-30,0.0248259999856681
2018-04-02,0.0248491469659652
2018-04-03,0.0249192843959267
2018-04-04,0.0248716778762372
2018-04-09,0.0249203483373447
2018-04-10,0.0248697619205496
2018-04-11,0.0248555050814385
2018-04-12,0.0248351826303688
2018-04-13,0.0248591199919041
2018-04-16,0.0248949522457545
2018-04-17,0.0250004207599964
2018-04-18,0.025011356522196
2018-04-19,0.0250837126647408
2018-04-20,0.0252681512769635
2018-04-23,0.0250561668593525
2018-04-24,0.0251550102480749
2018-04-25,0.0251172285831104
2018-04-26,0.0251867845247037
2018-04-27,0.0252307470411962
2018-05-02,0.025281730252562
2018-05-03,0.025272813325287
2018-05-04,0.025278119744734
2018-05-07,0.0253280425914328
2018-05-08,0.0253009675114491
2018-05-09,0.025223908756559
2018-05-10,0.0251746939557985
2018-05-11,0.0248483136003807
2018-05-14,0.0240685323048387
2018-05-15,0.0237801725040824
2018-05-16,0.0236433270944218
2018-05-17,0.0225244180387232
2018-05-18,0.0225274874380148
2018-05-21,0.0224946866111147
2018-05-22,0.0214571218260336
2018-05-23,0.0213618846373317
2018-05-24,0.0212826848184469
2018-05-25,0.021324767001373
2018-05-28,0.0212264337225215
2018-05-29,0.0212081367129856
2018-05-30,0.0216377115446464
2018-05-31,0.0216358514552744
2018-06-01,0.0216524795798775
2018-06-04,0.0216708612508338
2018-06-05,0.0217095814107566
2018-06-06,0.021653659015978
2018-06-07,0.0215120509803183
2018-06-08,0.0214969649903736
2018-06-11,0.0214411134948346
2018-06-12,0.0214557411854859
2018-06-13,0.0214352742648635
2018-06-14,0.0214787704298589
2018-06-15,0.0216872477332705
2018-06-19,0.0236325236771151
2018-06-20,0.023760820555451
2018-06-21,0.0238594585342336
2018-06-22,0.0239318726172582
2018-06-25,0.0239376832277476
2018-06-26,0.0239553586440276
2018-06-27,0.0226021658304166
2018-06-28,0.0225457760638578
2018-06-29,0.0225513840750599
2018-07-02,0.0226482395797789
2018-07-03,0.0226266328304467
2018-07-04,0.0227139967032066
2018-07-05,0.0230402260692602
2018-07-06,0.0230336135465359
2018-07-09,0.0232899617774196
2018-07-10,0.0233017159344299
2018-07-11,0.0233280185443154
2018-07-12,0.0234760592726558
2018-07-13,0.0235168828284824
2018-07-16,0.0235135940114026
2018-07-17,0.0234387359113328
2018-07-18,0.0233828385153238
2018-07-19,0.023398387593312
2018-07-20,0.023343617365944
2018-07-23,0.0232643972322355
2018-07-24,0.0234202036999846
2018-07-25,0.0233394001850151
2018-07-26,0.0234459709087312
2018-07-27,0.0233693893066011
2018-07-30,0.0234508395112913
2018-07-31,0.0234513345071751
2018-08-01,0.023576308172892
2018-08-02,0.0238517086370067
2018-08-03,0.0238671315243592
2018-08-06,0.0240710079399985
2018-08-07,0.0245293708895895
2018-08-08,0.0246228691484359
2018-08-09,0.0247041358869377
2018-08-10,0.0247052166711574
2018-08-13,0.0246984285674946
2018-08-14,0.0247314797957876
2018-08-15,0.0248399163454093
2018-08-16,0.0248112042627692
2018-08-17,0.024781231958432
2018-08-20,0.0248653272681803
2018-08-21,0.0247890990308824
2018-08-22,0.0248448132043597
2018-08-23,0.0248078476274369
2018-08-24,0.0248319936797565
2018-08-27,0.0248943050906331
2018-08-28,0.0243490670908464
2018-08-29,0.024272543904338
2018-08-30,0.0243587934028823
2018-08-31,0.0243846881135224
2018-09-03,0.0243450892141928
2018-09-04,0.0243754232779613
2018-09-05,0.024405268474449
2018-09-06,0.0243220526727244
2018-09-07,0.0243099618716169
2018-09-10,0.0244064891051642
2018-09-11,0.0244516401479471
2018-09-12,0.0243873609631856
2018-09-13,0.0242165630581181
2018-09-14,0.0221003145362229
2018-09-17,0.0220928619207076
2018-09-18,0.0220977392727499
2018-09-19,0.0220828916857904
2018-09-20,0.0220764629017187
2018-09-21,0.0221078339269841
2018-09-25,0.0220525593692349
2018-09-26,0.0219415775082979
2018-09-27,0.0217913968468564
2018-09-28,0.0216963735046844
2018-10-08,0.0219252525096173
2018-10-09,0.0218971923213085
2018-10-10,0.0214807411593625
2018-10-11,0.0236295243298886
2018-10-12,0.023627752594463
2018-10-15,0.0237584273987808
2018-10-16,0.0237710639149254
2018-10-17,0.0237421205472435
2018-10-18,0.0242566232337233
2018-10-19,0.0243912587743298
2018-10-22,0.0251926473579781
2018-10-23,0.0252917927253317
2018-10-24,0.0252818317663009
2018-10-25,0.0252627058054349
2018-10-26,0.025203443522817
2018-10-29,0.0250622534539251
2018-10-30,0.0251084752786043
2018-10-31,0.0252476553333441
2018-11-01,0.0251774186592919
2018-11-02,0.0253394965475048
2018-11-05,0.0253105000319727
2018-11-06,0.025224109338218
2018-11-07,0.0249265245487757
2018-11-08,0.024788590940736
2018-11-09,0.0246412730432871
2018-11-12,0.0245125562770226
2018-11-13,0.0246001933345786
2018-11-14,0.0246093587569883
2018-11-15,0.0246612642528632
2018-11-16,0.0247418799732242
2018-11-19,0.0249004861632225
2018-11-20,0.0250656791301108
2018-11-21,0.0250375612442135
2018-11-22,0.0249519582920753
2018-11-23,0.0255300886814107
2018-11-26,0.0255343332075943
2018-11-27,0.0255003739280214
2018-11-28,0.0255321479290725
2018-11-29,0.0256943135376216
2018-11-30,0.0256704000933274
2018-12-03,0.0259400007749868
2018-12-04,0.0260043218167313
2018-12-05,0.025929759660778
2018-12-06,0.0259333696356948
2018-12-07,0.0259265538765136
2018-12-10,0.0260200396010212
2018-12-11,0.0259786056294236
2018-12-12,0.0259722874385626
2018-12-13,0.0259743492384313
2018-12-14,0.0260064522448324
2018-12-17,0.0258895963888818
2018-12-18,0.0259221901606966
2018-12-19,0.0258947378360707
2018-12-20,0.025890105179016
2018-12-21,0.0257643273421721
2018-12-24,0.0255766515591445
2018-12-25,0.0256285194393015
2018-12-26,0.0256188637589872
2018-12-27,0.0256119938603528
2018-12-28,0.0256551812834285
2019-01-02,0.0256867956959936
2019-01-03,0.0256780551974946
2019-01-04,0.025776436129551
2019-01-07,0.0256651489613443
2019-01-08,0.025572788090094
2019-01-09,0.0255241222080686
2019-01-10,0.0235536284028605
2019-01-11,0.0233520238481016
2019-01-14,0.0232074323037544
2019-01-15,0.0229382684691801
2019-01-16,0.0228519320586539
2019-01-17,0.0221576251146606
2019-01-18,0.0221598294405213
2019-01-21,0.0213451985556511
2019-01-22,0.0212375282931357
2019-01-23,0.0212585698978945
2019-01-24,0.0211955141927816
2019-01-25,0.0211866188322366
2019-01-28,0.0210703664041715
2019-01-29,0.0212042324722862
2019-01-30,0.0211776419335752
2019-01-31,0.0213891252720129
2019-02-01,0.0213279023963398
2019-02-11,0.021492271965341
2019-02-12,0.021516275275782
2019-02-13,0.0215747103212105
2019-02-14,0.0215524339699772
2019-02-15,0.0215337691824391
2019-02-18,0.021575493473671
2019-02-19,0.0214490816527862
2019-02-20,0.0214495693423605
2019-02-21,0.0214440573519678
2019-02-22,0.0214916343422569
2019-02-25,0.0222559195640218
2019-02-26,0.0220077019712139
2019-02-27,0.0220292525489472
2019-02-28,0.0220695136282446
2019-03-01,0.0212553259216966
2019-03-04,0.0212405560723869
2019-03-05,0.0213593674814535
2019-03-06,0.0215999333576406
2019-03-07,0.0216235629219754
2019-03-08,0.023158156156505
2019-03-11,0.0234828594055615
2019-03-12,0.023501163682017
2019-03-13,0.023689250978133
2019-03-14,0.0239141746259774
2019-03-15,0.0240474251054335
2019-03-18,0.0242050069671684
2019-03-19,0.0242934007238098
2019-03-20,0.0244530955023796
2019-03-21,0.0245382347914511
2019-03-22,0.0244182326621673
2019-03-25,0.0246488261947881
2019-03-26,0.0250225527272304
2019-03-27,0.0251356442153896
2019-03-28,0.0253978685840245
2019-03-29,0.0255588863551127
2019-04-01,0.0259673131278845
2019-04-02,0.0259123994544156
2019-04-03,0.0259365029231598
2019-04-04,0.0259712278109139
2019-04-08,0.0263871136163126
2019-04-09,0.0266586290016654
2019-04-10,0.0267212464775423
2019-04-11,0.0269350798862076
2019-04-12,0.0270093727250971
2019-04-15,0.0271037840481402
2019-04-16,0.0272489171048576
2019-04-17,0.0273006855229347
2019-04-18,0.0274162881191197
2019-04-19,0.0274752429844282
2019-04-22,0.0277274550016742
2019-04-23,0.0279780218742786
2019-04-24,0.0280367299850748
2019-04-25,0.0287241026829823
2019-04-26,0.0289701045677434
2019-04-29,0.0294689193331164
2019-04-30,0.0295885438763305
2019-05-06,0.0312561999715465
2019-05-07,0.031319075700487
2019-05-08,0.0313619811145336
2019-05-09,0.0313045196602638
2019-05-10,0.0313853321841423
2019-05-13,0.0312886256909547
2019-05-14,0.0312075390955743
2019-05-15,0.0312141422256034
2019-05-16,0.031330570357046
2019-05-17,0.0317744936653586
2019-05-20,0.0318949766727588
2019-05-21,0.0320299824743666
2019-05-22,0.0318794629636353
2019-05-23,0.0319816187091162
2019-05-24,0.03199248352103
2019-05-27,0.0320732048560719
2019-05-28,0.0320037425562791
2019-05-29,0.0314016605469321
2019-05-30,0.0313559232197275
2019-05-31,0.0313223607091221
2019-06-03,0.0314187454849401
2019-06-04,0.0314620824825177
2019-06-05,0.0314002095714801
2019-06-06,0.0313748648030558
2019-06-10,0.031229504700226
2019-06-11,0.0313587902494202
2019-06-12,0.0303485416423407
2019-06-13,0.0299250663522884
2019-06-14,0.0299696747155205
2019-06-17,0.0298928718430888
2019-06-18,0.0296904368094918
2019-06-19,0.0295788474672949
2019-06-20,0.0293752037996052
2019-06-21,0.0293777158638626
2019-06-24,0.029302674374167
2019-06-25,0.0292983290513581
2019-06-26,0.029227049706678
2019-06-27,0.0290472086564182
2019-06-28,0.028800239701126
2019-07-01,0.0288168093478044
2019-07-02,0.0286523989595145
2019-07-03,0.0284412555112459
2019-07-04,0.0279709799477056
2019-07-05,0.0278351302632055
2019-07-08,0.0281017367476738
2019-07-09,0.0279686574540603
2019-07-10,0.0274792387208943
2019-07-11,0.0272968355181747
2019-07-12,0.0273188328974431
2019-07-15,0.0271580072308126
2019-07-16,0.027038306402138
2019-07-17,0.0269959211345813
2019-07-18,0.0268624038405727
2019-07-19,0.0268415365100367
2019-07-22,0.0269750163758588
2019-07-23,0.0268876410003715
2019-07-24,0.0267251969393439
2019-07-25,0.0265080115946168
2019-07-26,0.0263634901327918
2019-07-29,0.0256592916621776
2019-07-30,0.0253842612287882
2019-07-31,0.0247846985525371
2019-08-01,0.0245831993699265
2019-08-02,0.022639715462726
2019-08-05,0.0225679126839161
2019-08-06,0.0228846882477041
2019-08-07,0.0228687243235661
2019-08-08,0.0225264544067122
2019-08-09,0.0224963150685521
2019-08-12,0.0225034344349551
2019-08-13,0.0222896255037618
2019-08-14,0.0220429440544437
2019-08-15,0.0213853828746473
2019-08-16,0.0212251173247285
2019-08-19,0.0211886524392165
2019-08-20,0.021163014173849
2019-08-21,0.0209841543116241
2019-08-22,0.0209184305387409
2019-08-23,0.0207162720190207
2019-08-26,0.0207706112634272
2019-08-27,0.0208500125272519
2019-08-28,0.0207910859457753
2019-08-29,0.0207810128420768
2019-08-30,0.02066456217895
2019-09-02,0.0207232033174019
2019-09-03,0.0207046301749741
2019-09-04,0.0205851942477787
2019-09-05,0.020472412184064
2019-09-06,0.0199114703045903
2019-09-09,0.0199268805749712
2019-09-10,0.0198575828529153
2019-09-11,0.0196829372329909
2019-09-12,0.019584063985224
2019-09-16,0.0195598107793052
2019-09-17,0.0197885765358738
2019-09-18,0.019692895591399
2019-09-19,0.0195818493461422
2019-09-20,0.0194730615534518
2019-09-23,0.0194274371309181
2019-09-24,0.0193766603051984
2019-09-25,0.0194901929856109
2019-09-26,0.0196157794040042
2019-09-27,0.0194328045462957
2019-09-30,0.0194368948937812
2019-10-08,0.0194517350459689
2019-10-09,0.01947326539564
2019-10-10,0.0194801397099626
2019-10-11,0.0189308204912997
2019-10-14,0.0189136022659786
2019-10-15,0.0189016984899325
2019-10-16,0.0188553728313594
2019-10-17,0.0186917461603715
2019-10-18,0.0186966199496483
2019-10-21,0.0187075336855488
2019-10-22,0.0186864479374901
2019-10-23,0.0185370050523232
2019-10-24,0.0184446844662342
2019-10-25,0.017995884596511
2019-10-28,0.0179833093961129
2019-10-29,0.018070574945985
2019-10-30,0.0182044263831534
2019-10-31,0.0183194496359916
2019-11-01,0.0183466942433211
2019-11-04,0.0183475652988042
2019-11-05,0.0183362153234211
2019-11-06,0.0183248369055818
2019-11-07,0.0181053856294882
2019-11-08,0.0179542720363796
2019-11-11,0.0177034188431192
2019-11-12,0.0176047812729288
2019-11-13,0.0176093708145533
2019-11-14,0.0174921252492472
2019-11-15,0.0175251944223262
2019-11-18,0.0175265644481457
2019-11-19,0.0176368599394447
2019-11-20,0.0176945221812438
2019-11-21,0.0177261899352051
2019-11-22,0.017520253126897
2019-11-25,0.0179318090014842
2019-11-26,0.0180009051657182
2019-11-27,0.0180206014967251
2019-11-28,0.0180450046208418
2019-11-29,0.0179470175835352
2019-12-02,0.017803580169781
2019-12-03,0.0177810276386053
2019-12-04,0.0177822526970789
2019-12-05,0.0176278397756756
2019-12-06,0.0173778136431524
2019-12-09,0.0174509618383034
2019-12-10,0.0173517954112469
2019-12-11,0.0173648771575549
2019-12-12,0.0173747157250113
2019-12-13,0.0173149310260567
2019-12-16,0.0173658035148467
2019-12-17,0.0174174474247659
2019-12-18,0.0173613022175903
2019-12-19,0.017380072206543
2019-12-20,0.0171546587646339
2019-12-23,0.017346001749581
2019-12-24,0.0175550561559771
2019-12-25,0.0175737057607789
2019-12-26,0.0175602627512599
2019-12-27,0.0176260634976826
2019-12-30,0.0176488445373975
2019-12-31,0.0174127701974273
2020-01-02,0.0173981203443223
2020-01-03,0.017432554481712
2020-01-06,0.0175071096361408
2020-01-07,0.0175650923064286
2020-01-08,0.0178049600582106
2020-01-09,0.0178460903098932
2020-01-10,0.0178410006141106
2020-01-13,0.0177805991249565
2020-01-14,0.0178313653773852
2020-01-15,0.0179409473344151
2020-01-16,0.0178775458103949
2020-01-17,0.0178431146169337
2020-01-20,0.0178451169739383
2020-01-21,0.0180102149445655
2020-01-22,0.0180239079589023
2020-01-23,0.0186500690410018
2020-02-03,0.0226489138987653
2020-02-04,0.0230764663650747
2020-02-05,0.0232724687898482
2020-02-06,0.0234307252196845
2020-02-07,0.0235204365372529
2020-02-10,0.0238914991596413
2020-02-11,0.0240617426268716
2020-02-12,0.0241637243200563
2020-02-13,0.0243042478972748
2020-02-14,0.0243912849159318
2020-02-17,0.0244381908681809
2020-02-18,0.0245331396564638
2020-02-19,0.0246772800533087
2020-02-20,0.0247969149285351
2020-02-21,0.0247626721504542
2020-02-24,0.0248392694578503
2020-02-25,0.0249806055196516
2020-02-26,0.0251344745051543
2020-02-27,0.0252157729676551
2020-02-28,0.026098092378796
2020-03-02,0.0264168493428885
2020-03-03,0.0264209317059098
2020-03-04,0.0265570142470317
2020-03-05,0.0267257229993807
2020-03-06,0.0268538369488509
2020-03-09,0.0273699189569753
2020-03-10,0.0274686209138034
2020-03-11,0.0275482352476731
2020-03-12,0.0277706655851787
2020-03-13,0.0279264596244366
2020-03-16,0.0282171661821756
2020-03-17,0.0282978156020986
2020-03-18,0.0283785020113771
2020-03-19,0.0284156264841891
2020-03-20,0.0284828104779619
2020-03-23,0.0288380633192671
2020-03-24,0.0289531713222892
2020-03-25,0.0290684622084494
2020-03-26,0.0290945816466005
2020-03-27,0.0291085548301458
2020-03-30,0.029138711105098
2020-03-31,0.029079540543352
2020-04-01,0.0291412221974586
2020-04-02,0.0292036632321121
2020-04-03,0.0291908262366764
2020-04-07,0.0293146045580207
2020-04-08,0.0293300849504644
2020-04-09,0.0292977403932375
2020-04-10,0.0293721300732298
2020-04-13,0.0293959028817998
2020-04-14,0.0294090334336571
2020-04-15,0.029345764575577
2020-04-16,0.0293505792354704
2020-04-17,0.0293747183621102
2020-04-20,0.0293968752059609
2020-04-21,0.0293935055868264
2020-04-22,0.0294252098148613
2020-04-23,0.0294749908087265
2020-04-24,0.0295928252067378
2020-04-27,0.0296820552038478
2020-04-28,0.0298515918850763
2020-04-29,0.0299408466664372
2020-04-30,0.0297212940935562
2020-05-06,0.0267572275698148
2020-05-07,0.0263638279588478
2020-05-08,0.0261743698351961
2020-05-11,0.0260002770092851
2020-05-12,0.0259122548563259
2020-05-13,0.0256102437703509
2020-05-14,0.0255192630907073
2020-05-15,0.0254000935999771
2020-05-18,0.0254001113460267
2020-05-19,0.0253639000670161
2020-05-20,0.0251295614600118
2020-05-21,0.0251002940728441
2020-05-22,0.0251123466354796
2020-05-25,0.0250480485599521
2020-05-26,0.0250609969239051
2020-05-27,0.0250395127392237
2020-05-28,0.0249111882833815
2020-05-29,0.0247768395887581
2020-06-01,0.0248315092836236
2020-06-02,0.0239208778645162
2020-06-03,0.023226669614717
2020-06-04,0.0231571034143607
2020-06-05,0.0229855599363412
2020-06-08,0.0228046305436659
2020-06-09,0.0227056757439671
2020-06-10,0.0221165256078462
2020-06-11,0.0220089012647117
2020-06-12,0.0219338484503116
2020-06-15,0.0217836377235077
2020-06-16,0.021765637545067
2020-06-17,0.0213487947922968
2020-06-18,0.0213938053084468
2020-06-19,0.0212992006315385
2020-06-22,0.0212861995645601
2020-06-23,0.0212099360696437
2020-06-24,0.0206671711353033
2020-06-29,0.0205388225365013
2020-06-30,0.0204479889940902
2020-07-01,0.0204455131438696
2020-07-02,0.0205857102064881
2020-07-03,0.0206243677176997
2020-07-06,0.0215038135063492
2020-07-07,0.0215777661679745
2020-07-08,0.0217769451804273
2020-07-09,0.0219677046579915
2020-07-10,0.0220987423781848
2020-07-13,0.0225622660329423
2020-07-14,0.0227472018926552
2020-07-15,0.0230769975215173
2020-07-16,0.0236065374795972
2020-07-17,0.0236884390766439
2020-07-20,0.0244631102851309
2020-07-21,0.0244827295857758
2020-07-22,0.0245037518989954
2020-07-23,0.0245298763315058
2020-07-24,0.0250188260540748
2020-07-27,0.025082070657372
2020-07-28,0.0250919724744501
2020-07-29,0.0249733647441495
2020-07-30,0.0249812941015078
2020-07-31,0.0246939216179423
2020-08-03,0.0247982474938599
2020-08-04,0.0248194737357482
2020-08-05,0.0248840058336569
2020-08-06,0.0249328411608261
2020-08-07,0.0250785670483154
2020-08-10,0.0252523084675864
2020-08-11,0.0255266539298503
2020-08-12,0.0257108327802423
2020-08-13,0.0257508756452128
2020-08-14,0.0258140491098724
2020-08-17,0.0258812444991033
2020-08-18,0.0259222591955862
2020-08-19,0.0260861215546918
2020-08-20,0.0261962063648146
2020-08-21,0.0260234303899978
2020-08-24,0.0260233140207205
2020-08-25,0.0261354095398028
2020-08-26,0.0262927882612586
2020-08-27,0.0262965014253754
2020-08-28,0.0262753068698455
2020-08-31,0.0262483946499117
2020-09-01,0.0262643762383772
2020-09-02,0.0262809550414805
2020-09-03,0.0263641525513794
2020-09-04,0.0263938340587482
2020-09-07,0.0264915069053643
2020-09-08,0.026615022426243
2020-09-09,0.0268818845494784
2020-09-10,0.0273746132451345
2020-09-11,0.0274081210573104
2020-09-14,0.0274170812164388
2020-09-15,0.0273871518287357
2020-09-16,0.0273877401576236
2020-09-17,0.0273533331165576
2020-09-18,0.0274143100781088
2020-09-21,0.0274044259025799
2020-09-22,0.0275045082546276
2020-09-23,0.027503317105346
2020-09-24,0.0276558252605502
2020-09-25,0.0276622797643726
2020-09-28,0.0277190232199405
2020-09-29,0.0276626115682153
2020-09-30,0.0275277363056446
2020-10-09,0.0270813229872952
2020-10-12,0.0271357452020347
2020-10-13,0.0268671134633989
2020-10-14,0.0266816993414468
2020-10-15,0.0264249622909506
2020-10-16,0.0259790620071427
2020-10-19,0.0258399583006054
2020-10-20,0.0254103644740065
2020-10-21,0.0248507224168934
2020-10-22,0.0246945665520653
2020-10-23,0.0237855680319634
2020-10-26,0.0237510801566552
2020-10-27,0.0237347292210614
2020-10-28,0.0237315444970269
2020-10-29,0.0232057771741874
2020-10-30,0.0233122288600408
2020-11-02,0.0233554874019539
2020-11-03,0.0235049267105155
2020-11-04,0.0234216000943587
2020-11-05,0.0234286619675375
2020-11-06,0.0231392745821021
2020-11-09,0.023201501379263
2020-11-10,0.0231677927177654
2020-11-11,0.0232377131358282
2020-11-12,0.0231852004579008
2020-11-13,0.0230745147909404
2020-11-16,0.0232651322218419
2020-11-17,0.0231593931875076
2020-11-18,0.0231902770933229
2020-11-19,0.0232115846105881
2020-11-20,0.0232139265905121
2020-11-23,0.0233859693659432
2020-11-24,0.0231877779194092
2020-11-25,0.0232039036063047
2020-11-26,0.0232492400142076
2020-11-27,0.0231917027240801
2020-11-30,0.0231527180269034
2020-12-01,0.0229362623780274
2020-12-02,0.0229515223376515
2020-12-03,0.0230900816285742
2020-12-04,0.0230766070384143
2020-12-07,0.0231243745485708
2020-12-08,0.0231432722527407
2020-12-09,0.0232076760603327
2020-12-10,0.0232747015635954
2020-12-11,0.0232932234292507
2020-12-14,0.0233983537416338
2020-12-15,0.0232335386860158
2020-12-16,0.0228018367333665
2020-12-17,0.0229471446472506
2020-12-18,0.0230808522683692
2020-12-21,0.0231461577350939
2020-12-22,0.0235706093603331
2020-12-23,0.0237187297725378
2020-12-24,0.0237622104960938
2020-12-25,0.0241145698569533
2020-12-28,0.0241692772371198
2020-12-29,0.0245076611036936
2020-12-30,0.0243938638855012
2020-12-31,0.0244500278206705
2021-01-04,0.0244937602498496
2021-01-05,0.0246596252459799
2021-01-06,0.0248470003259094
2021-01-07,0.0249320665837655
2021-01-08,0.0249265115246467
2021-01-11,0.0254277357047368
2021-01-12,0.0254856877743224
2021-01-13,0.0256458290213425
2021-01-14,0.0257942188638508
2021-01-15,0.0259140179678308
2021-01-18,0.026159671782277
2021-01-19,0.0262380806107594
2021-01-20,0.0263672313832082
2021-01-21,0.0264811339696276
2021-01-22,0.0265870572782473
2021-01-25,0.0268195971428502
2021-01-26,0.0269547566514792
2021-01-27,0.0270425403359305
2021-01-28,0.026988640197635
2021-01-29,0.0270923291745341
2021-02-01,0.027100067673147
2021-02-02,0.0271708184975273
2021-02-03,0.0272189472790198
2021-02-04,0.0274505809429708
2021-02-05,0.0276293638747976
2021-02-08,0.0277501122218983
2021-02-09,0.0278501999114234
2021-02-10,0.0278942991875004
2021-02-18,0.0283572259549144
2021-02-19,0.0284602092041838
2021-02-22,0.028885110004605
2021-02-23,0.0289886890733102
2021-02-24,0.0291251455232207
2021-02-25,0.0292192967634634
2021-02-26,0.0292120797970008
2021-03-01,0.0294325262517266
2021-03-02,0.0294908131436882
2021-03-03,0.0297107950179433
2021-03-04,0.0298826691072342
2021-03-05,0.0300928406272117
2021-03-08,0.0302400035076525
2021-03-09,0.0305345006298633
2021-03-10,0.0305730627930066
2021-03-11,0.0309877579096562
2021-03-12,0.0311112994644713
2021-03-15,0.0312086703800057
2021-03-16,0.031225202296269
2021-03-17,0.0312847166174295
2021-03-18,0.0313325574134916
2021-03-19,0.0313152002709763
2021-03-22,0.0314636431356353
2021-03-23,0.0318051444588965
2021-03-24,0.0319184670446618
2021-03-25,0.031904455304871
2021-03-26,0.0319388101403783
2021-03-29,0.0317436226457632
2021-03-30,0.0318108353526255
2021-03-31,0.0318325487888696
2021-04-01,0.0317597208898101
2021-04-02,0.0317089797312304
2021-04-06,0.031520572175826
2021-04-07,0.0315401469605852
2021-04-08,0.0316510142485656
2021-04-09,0.031566358565251
2021-04-12,0.031599209585731
2021-04-13,0.031591728885789
2021-04-14,0.0313408091030362
2021-04-15,0.0312886663538208
2021-04-16,0.0309054306192658
2021-04-19,0.0309119335575155
2021-04-20,0.0307409572641511
2021-04-21,0.0306680896272047
2021-04-22,0.0305931641276774
2021-04-23,0.0304867707497558
2021-04-26,0.0304771504126175
2021-04-27,0.0304540395660838
2021-04-28,0.0304938484092834
2021-04-29,0.0303966145133878
2021-04-30,0.0302757703729608
2021-05-06,0.0303359322663457
2021-05-07,0.0304313395406823
2021-05-10,0.0305844391500646
2021-05-11,0.0305627717757928
2021-05-12,0.0304440333064912
2021-05-13,0.0305383240618686
2021-05-14,0.0304687017838232
2021-05-17,0.0303089496665753
2021-05-18,0.0300434239391571
2021-05-19,0.0299718907974884
2021-05-20,0.029992892021067
2021-05-21,0.0299579270064111
2021-05-24,0.0296280403329443
2021-05-25,0.0293294007662094
2021-05-26,0.0290202781107839
2021-05-27,0.0288580567294746
2021-05-28,0.0287337858394003
2021-05-31,0.0286399627497605
2021-06-01,0.0285230666600415
2021-06-02,0.0283666946020077
2021-06-03,0.0282915828908572
2021-06-04,0.0280872419119881
2021-06-07,0.0280362245510565
2021-06-08,0.0278755439313439
2021-06-09,0.0278588167783362
2021-06-10,0.0275171694915959
2021-06-11,0.0274528725143604
2021-06-15,0.0271651634783406
2021-06-16,0.0272317604026895
2021-06-17,0.0271293165236217
2021-06-18,0.0270937937411996
2021-06-21,0.0270993859317247
2021-06-22,0.0270514124872251
2021-06-23,0.0269454479422884
2021-06-24,0.0267774628175453
2021-06-25,0.0263743550458316
2021-06-28,0.0262444442164181
2021-06-29,0.0261782144682654
2021-06-30,0.0260475051385335
2021-07-01,0.0261305591858413
2021-07-02,0.0259667807200778
2021-07-05,0.0259362991076939
2021-07-06,0.025837817284083
2021-07-07,0.0258661562969005
2021-07-08,0.0259333739957961
2021-07-09,0.02606833477925
2021-07-12,0.0260377419621528
2021-07-13,0.0261347576390903
2021-07-14,0.0259832893525575
2021-07-15,0.0259513891558129
2021-07-16,0.0260122375793127
2021-07-19,0.026031026003633
2021-07-20,0.02602335926305
2021-07-21,0.0260621536250801
2021-07-22,0.0262189094559063
2021-07-23,0.0262739389755904
2021-07-26,0.0263887959366756
2021-07-27,0.0268529251745626
2021-07-28,0.0272636191381672
2021-07-29,0.0274532640844945
2021-07-30,0.027638862940362
2021-08-02,0.0278883226406322
2021-08-03,0.0280096269019221
2021-08-04,0.0279425283002726
2021-08-05,0.0278664003355349
2021-08-06,0.0276958900567
2021-08-09,0.0276442903559135
2021-08-10,0.0276904394891808
2021-08-11,0.0276382047421873
2021-08-12,0.0277363344612766
2021-08-13,0.0277953261603677
2021-08-16,0.0279844016242725
2021-08-17,0.0281553123354189
2021-08-18,0.028035144678049
2021-08-19,0.0280678362908754
2021-08-20,0.0280601279310347
2021-08-23,0.0282984902047693
2021-08-24,0.028406761172175
2021-08-25,0.0285784126078977
2021-08-26,0.0287070119346275
2021-08-27,0.0288522693163668
2021-08-30,0.0289771821701224
2021-08-31,0.0291275873678744
2021-09-01,0.0296517278709365
2021-09-02,0.0299387408388956
2021-09-03,0.0301775544709214
2021-09-06,0.0303257744633026
2021-09-07,0.0306070357980499
2021-09-08,0.0309209265933038
2021-09-09,0.0311698715170988
2021-09-10,0.0312716751057231
2021-09-13,0.0313975104562728
2021-09-14,0.0318006897852972
2021-09-15,0.0320116982690281
2021-09-16,0.0322491306619712
2021-09-17,0.0325296772377557
2021-09-22,0.032869592628433
2021-09-23,0.033202343303482
2021-09-24,0.0339665918541564
2021-09-27,0.0348575153650582
2021-09-28,0.0350655757978067
2021-09-29,0.0357839423324094
2021-09-30,0.035889572291062
2021-10-08,0.0361465366658951
2021-10-11,0.0362246263741671
2021-10-12,0.0364573531202525
2021-10-13,0.0366890274272909
2021-10-14,0.0366778611247067
2021-10-15,0.0365899223461505
2021-10-18,0.0366759132884734
2021-10-19,0.0366213510552565
2021-10-20,0.0367401993395112
2021-10-21,0.0366788380666228
2021-10-22,0.036882444139476
2021-10-25,0.0368581666292319
2021-10-26,0.036874106283375
2021-10-27,0.03693904313831
2021-10-28,0.0372545756846204
2021-10-29,0.0372579367818377
2021-11-01,0.0372879321124534
2021-11-02,0.0372124429640029
2021-11-03,0.0369239597655927
2021-11-04,0.0367338864789907
2021-11-05,0.0367766089194502
2021-11-08,0.0366287085461535
2021-11-09,0.0365095614837867
2021-11-10,0.03638064565562
2021-11-11,0.0363548446123504
2021-11-12,0.0362475327370193
2021-11-15,0.0362416928456744
2021-11-16,0.0362917978796443
2021-11-17,0.0361949236103724
2021-11-18,0.036107812192561
2021-11-19,0.0360232909173327
2021-11-22,0.0358878931670809
2021-11-23,0.0357373858579638
2021-11-24,0.0356870171848803
2021-11-25,0.0356046528914167
2021-11-26,0.0355481744165435
2021-11-29,0.0354093912667362
2021-11-30,0.0352932367586559
2021-12-01,0.0352103254306063
2021-12-02,0.0350952719843877
2021-12-03,0.0349702449505601
2021-12-06,0.0348593354058285
2021-12-07,0.0346912368732288
2021-12-08,0.0342463590318643
2021-12-09,0.0339259839943286
2021-12-10,0.0337322959381367
2021-12-13,0.0336112836707405
2021-12-14,0.0332364964298733
2021-12-15,0.0330126786205806
2021-12-16,0.0327889382330207
2021-12-17,0.0325935506685553
2021-12-20,0.0323469689356519
2021-12-21,0.0321129163333285
2021-12-22,0.0319097576839867
2021-12-23,0.0317374241648822
2021-12-24,0.0316200607829517
2021-12-27,0.0313206113882389
2021-12-28,0.0311104619712183
2021-12-29,0.0303886149437271
2021-12-30,0.029311311826168
2021-12-31,0.0290594335738723
2022-01-04,0.0284577354778589
2022-01-05,0.0282764921644576
2022-01-06,0.0280501480985225
2022-01-07,0.0280013426817759
2022-01-10,0.0277031947787654
2022-01-11,0.0273854110155984
2022-01-12,0.027329181275227
2022-01-13,0.0272554638052843
2022-01-14,0.0270840676355812
2022-01-17,0.0270070123493164
2022-01-18,0.0268565516625375
2022-01-19,0.026820092767184
2022-01-20,0.0266321016045868
2022-01-21,0.0266080077226291
2022-01-24,0.0266342054893913
2022-01-25,0.0269974564232175
2022-01-26,0.0264445393830027
2022-01-27,0.0265298214143302
2022-01-28,0.0265250088997732
2022-02-07,0.0265821682531246
2022-02-08,0.0267027609088373
2022-02-09,0.026668134569614
2022-02-10,0.0262316819296019
2022-02-11,0.0262387822452828
2022-02-14,0.0261979574887218
2022-02-15,0.0261552070926067
2022-02-16,0.0261455823111323
2022-02-17,0.026088617997577
2022-02-18,0.0260269169179124
2022-02-21,0.0259211782568331
2022-02-22,0.0258953639298867
2022-02-23,0.025912615850917
2022-02-24,0.0261023686859154
2022-02-25,0.0261440465914772
2022-02-28,0.0261773255076292
2022-03-01,0.0261482916163079
2022-03-02,0.0261841281152539
2022-03-03,0.0262541289538356
2022-03-04,0.0262731144078687
2022-03-07,0.0263148902668705
2022-03-08,0.0267102147155828
2022-03-09,0.0268653238022389
2022-03-10,0.0269923451297704
2022-03-11,0.0269491295157642
2022-03-14,0.0271253002281148
2022-03-15,0.0284998604675109
2022-03-16,0.0287922280312101
2022-03-17,0.028825864527913
2022-03-18,0.0290294959063142
2022-03-21,0.0290061376581469
2022-03-22,0.0289603226609665
2022-03-23,0.0288020919723579
2022-03-24,0.028804053695305
2022-03-25,0.0285962650996108
2022-03-28,0.0285708761514427
2022-03-29,0.0285363077053935
2022-03-30,0.0285024169071143
2022-03-31,0.0283697542149193
2022-04-01,0.0283279459465919
2022-04-06,0.0283597596101419
2022-04-07,0.0283934041918413
2022-04-08,0.028492695624457
2022-04-11,0.0287599505916334
2022-04-12,0.0287353535828207
2022-04-13,0.0287132940583291
2022-04-14,0.0288172754056056
2022-04-15,0.0289719624243514
2022-04-18,0.0290806789107404
2022-04-19,0.0292182276843736
2022-04-20,0.029371711696602
2022-04-21,0.0299365672390745
2022-04-22,0.0299830736017158
2022-04-25,0.0315675434423911
2022-04-26,0.0319940971632027
2022-04-27,0.0325749671839692
2022-04-28,0.0326120151633982
2022-04-29,0.0329650298845229
2022-05-05,0.033055402288969
2022-05-06,0.0327619982700864
2022-05-09,0.03279177415698
2022-05-10,0.0327627114252657
2022-05-11,0.0327025565489377
2022-05-12,0.0323968906228521
2022-05-13,0.0323132223929965
2022-05-16,0.0323370751318311
2022-05-17,0.0324048978804229
2022-05-18,0.0324048586996752
2022-05-19,0.0324109553474096
2022-05-20,0.0325436475082326
2022-05-23,0.03257476552297
2022-05-24,0.0329450843895364
2022-05-25,0.033044015185148
2022-05-26,0.0330557368571172
2022-05-27,0.0330414672102076
2022-05-30,0.0330799145658782
2022-05-31,0.0329124420334113
2022-06-01,0.032842542822839
2022-06-02,0.032915986844187
2022-06-06,0.0330286470180199
2022-06-07,0.0330172398718377
2022-06-08,0.0330134001710665
2022-06-09,0.0330287676569057
2022-06-10,0.0330746917310618
2022-06-13,0.0327273851560084
2022-06-14,0.0326349760116415
2022-06-15,0.0326012761283027
2022-06-16,0.0326348434086139
2022-06-17,0.0324113248024147
2022-06-20,0.03127134065527
2022-06-21,0.031098466650481
2022-06-22,0.0310995348984342
2022-06-23,0.0309477522162113
2022-06-24,0.0309398604338508
2022-06-27,0.0309747535380253
2022-06-28,0.0310680250917184
2022-06-29,0.0312223559726876
2022-06-30,0.0312046330814079
2022-07-01,0.0312239515541931
2022-07-04,0.031281100170626
2022-07-05,0.0313487944525876
2022-07-06,0.0314862836448669
2022-07-07,0.0315347991888813
2022-07-08,0.03145410841991
2022-07-11,0.0315051331430459
2022-07-12,0.0314577702752513
2022-07-13,0.0311870904168994
2022-07-14,0.0312196899391231
2022-07-15,0.0312729865010301
2022-07-18,0.0314146559155383
2022-07-19,0.0312275877985239
2022-07-20,0.0311659988538117
2022-07-21,0.0311050501216009
2022-07-22,0.0309013100700114
2022-07-25,0.0302959261858864
2022-07-26,0.0301128683189769
2022-07-27,0.0281737434584698
2022-07-28,0.0274417598926356
2022-07-29,0.0269061904407893
2022-08-01,0.0267213437260383
2022-08-02,0.0270480636126073
2022-08-03,0.0269206792700067
2022-08-04,0.0267212005514049
2022-08-05,0.0266694440018968
2022-08-08,0.0266040614216297
2022-08-09,0.0265513609024963
2022-08-10,0.0264878630910324
2022-08-11,0.0264522160536224
2022-08-12,0.026409568016765
2022-08-15,0.026362341038867
2022-08-16,0.0263078270594322
2022-08-17,0.0263119253626036
2022-08-18,0.026199388920633
2022-08-19,0.0262200873802984
2022-08-22,0.0257152073659116
2022-08-23,0.0255974440160747
2022-08-24,0.0258713866930702
2022-08-25,0.0259630171852589
2022-08-26,0.0259055319761157
2022-08-29,0.0259393536240057
2022-08-30,0.0259963439151226
2022-08-31,0.0262014843805296
2022-09-01,0.0260499757241359
2022-09-02,0.0260040066061404
2022-09-05,0.0259998793108636
2022-09-06,0.026074807284951
2022-09-07,0.0259930189785666
2022-09-08,0.025893738190263
2022-09-09,0.025802130257729
2022-09-13,0.0256939978548596
2022-09-14,0.0256628372116329
2022-09-15,0.0258054945598865
2022-09-16,0.0259981996935362
2022-09-19,0.025993066892025
2022-09-20,0.0260057442201589
2022-09-21,0.0259509607212702
2022-09-22,0.0258926287709303
2022-09-23,0.0258377805254729
2022-09-26,0.0260327212511616
2022-09-27,0.0258342277079781
2022-09-28,0.0260680527614973
2022-09-29,0.0259810353872526
2022-09-30,0.0258570340802667
2022-10-10,0.0257272741668203
2022-10-11,0.0255658725833312
2022-10-12,0.0256028907526778
2022-10-13,0.0256111569771753
2022-10-14,0.0255167290125794
2022-10-17,0.0254581237920114
2022-10-18,0.0253467413278241
2022-10-19,0.0251968582427385
2022-10-20,0.0248627893886081
2022-10-21,0.0244879263881919
2022-10-24,0.024489101294477
2022-10-25,0.0244475696966349
2022-10-26,0.0244355731909139
2022-10-27,0.024455870573232
2022-10-28,0.0250665202712279
2022-10-31,0.025192474025461
2022-11-01,0.0254458919316404
2022-11-02,0.0254065282643306
2022-11-03,0.0253543481147903
2022-11-04,0.0255367689541886
2022-11-07,0.0249184090926577
2022-11-08,0.024821761333099
2022-11-09,0.0247368538135109
2022-11-10,0.024686111938188
2022-11-11,0.024664367412106
2022-11-14,0.0246555392618054
2022-11-15,0.0247039802422001
2022-11-16,0.0246213584705111
2022-11-17,0.0245749283797683
2022-11-18,0.0245075298263345
2022-11-21,0.024453122765133
2022-11-22,0.0244323543804939
2022-11-23,0.0244400306725809
2022-11-24,0.0243431229111002
2022-11-25,0.0242008735436088
2022-11-28,0.0241406253903828
2022-11-29,0.0239628505429403
2022-11-30,0.0238027411887002
2022-12-01,0.0236782835904304
2022-12-02,0.0235871080695066
2022-12-05,0.0236214577891226
2022-12-06,0.0232385858363786
2022-12-07,0.0231802009286989
2022-12-08,0.0231471738122042
2022-12-09,0.0230563272642322
2022-12-12,0.0228681813780244
2022-12-13,0.022760973669641
2022-12-14,0.0227359733191649
2022-12-15,0.0226871698021705
2022-12-16,0.0226934493903901
2022-12-19,0.0228220694717901
2022-12-20,0.0225757655451763
2022-12-21,0.0220837662422767
2022-12-22,0.0221377915438076
2022-12-23,0.0219841569832026
2022-12-26,0.0220461832738137
2022-12-27,0.0220762222035625
2022-12-28,0.0220023367828972
2022-12-29,0.0216315573706312
2022-12-30,0.0215770436250923
2023-01-03,0.0212723862298591
2023-01-04,0.0212218041557423
2023-01-05,0.021125428269945
2023-01-06,0.0209744224811951
2023-01-09,0.020888638776157
2023-01-10,0.0207426347779247
2023-01-11,0.0206343418547546
2023-01-12,0.0204921783171569
2023-01-13,0.0203795709374549
2023-01-16,0.0203840870756657
2023-01-17,0.0202905765720588
2023-01-18,0.0202455976562222
2023-01-19,0.0201922343395934
2023-01-20,0.0201221105341836
2023-01-30,0.0201093608769972
2023-01-31,0.0200443199151312
2023-02-01,0.0200768796782328
2023-02-02,0.019029272442211
2023-02-03,0.0187472960461042
2023-02-06,0.0185104732016026
2023-02-07,0.0184908881704156
2023-02-08,0.0184536769018437
2023-02-09,0.0181546229469079
2023-02-10,0.0180733539440099
2023-02-13,0.0181333710109659
2023-02-14,0.0181225441573602
2023-02-15,0.0180618184359913
2023-02-16,0.018190344562877
2023-02-17,0.018135090966652
2023-02-20,0.0181899815026352
2023-02-21,0.0182368593409649
2023-02-22,0.0181720332052194
2023-02-23,0.0180866586776989
2023-02-24,0.0180317492119619
2023-02-27,0.0180167926459728
2023-02-28,0.0179272600116961
2023-03-01,0.0178210193091729
2023-03-02,0.0177694903397053
2023-03-03,0.0177208257834517
2023-03-06,0.0176093121925105
2023-03-07,0.0176827229062493
2023-03-08,0.0176768427951823
2023-03-09,0.0176301646060497
2023-03-10,0.0175843838445236
2023-03-13,0.0175261332005605
2023-03-14,0.0175706795975314
2023-03-15,0.017678858506495
2023-03-16,0.0177659170278806
2023-03-17,0.017531543819427
2023-03-20,0.0176246453291085
2023-03-21,0.0176204122380867
2023-03-22,0.0175768321942055
2023-03-23,0.017438696727128
2023-03-24,0.0170488218165561
2023-03-27,0.0170976244187886
2023-03-28,0.0171498921659388
2023-03-29,0.0169346448317923
2023-03-30,0.0169177705687607
2023-03-31,0.0168063025259775
2023-04-03,0.0167425100371015
2023-04-04,0.0167106561337754
2023-04-06,0.016654902898715
2023-04-07,0.0166285570878268
2023-04-10,0.0165593860983766
2023-04-11,0.0165453673972885
2023-04-12,0.0166033329831273
2023-04-13,0.016553417827834
2023-04-14,0.0165520586749061
2023-04-17,0.0166474779041781
2023-04-18,0.0166095025411919
2023-04-19,0.0166066074455368
2023-04-20,0.0167002725357709
2023-04-21,0.0169245118775963
2023-04-24,0.0170170202128129
2023-04-25,0.0173374487442589
2023-04-26,0.0175031975046671
2023-04-27,0.0174352996818252
2023-04-28,0.0175771422148398
2023-05-04,0.0176868482615906
2023-05-05,0.0175335276449408
2023-05-08,0.0176483559531125
2023-05-09,0.0176960783531385
2023-05-10,0.0176834261202687
2023-05-11,0.0177258502850509
2023-05-12,0.0178337877261106
2023-05-15,0.0179563630245259
2023-05-16,0.0179411362537292
2023-05-17,0.0179011170466291
2023-05-18,0.0178423347818228
2023-05-19,0.0178556012762393
2023-05-22,0.0177344988075023
2023-05-23,0.0177484667412543
2023-05-24,0.0176030321911386
2023-05-25,0.0175655322270289
2023-05-26,0.0176350927235934
2023-05-29,0.0177700171622119
2023-05-30,0.0178476600282053
2023-05-31,0.0178953165567041
2023-06-01,0.0179450999492643
2023-06-02,0.0181958816987215
2023-06-05,0.0181532862267451
2023-06-06,0.0183153877279699
2023-06-07,0.0182625609635325
2023-06-08,0.0182063888088868
2023-06-09,0.0182168700410799
2023-06-12,0.0182981259240033
2023-06-13,0.0181857294193351
2023-06-14,0.0182209145534488
2023-06-15,0.0182446585998905
2023-06-16,0.0181486145300742
2023-06-19,0.0180147511930125
2023-06-20,0.0180590451962894
2023-06-21,0.0180314266471284
2023-06-26,0.0181366386460292
2023-06-27,0.0184575487822864
2023-06-28,0.0185248870860625
2023-06-29,0.0185579271236531
2023-06-30,0.0186598477384312
2023-07-03,0.0187115642016676
2023-07-04,0.0186520808409902
2023-07-05,0.0187183339432274
2023-07-06,0.0186807829220765
2023-07-07,0.0186542961108676
2023-07-10,0.0186378818449506
2023-07-11,0.0186146886417333
2023-07-12,0.0186125623409199
2023-07-13,0.0185504041916472
2023-07-14,0.0185000939644136
2023-07-17,0.0184806998494233
2023-07-18,0.0184881231859311
2023-07-19,0.0183962389430153
2023-07-20,0.0182750056811829
2023-07-21,0.0182327537253675
2023-07-24,0.0182414853106934
2023-07-25,0.0182888665050161
2023-07-26,0.0181141591320682
2023-07-27,0.0180498437820127
2023-07-28,0.0176915804726182
2023-07-31,0.0175754923016151
2023-08-01,0.0176004911933741
2023-08-02,0.0173835525125639
2023-08-03,0.0171809692222698
2023-08-04,0.0170817924521424
2023-08-07,0.0169675222452169
2023-08-08,0.0168896271090835
2023-08-09,0.0168721435175247
2023-08-10,0.0168391287550752
2023-08-11,0.0168970846891995
2023-08-14,0.0167415402832069
2023-08-15,0.0167094002960469
2023-08-16,0.0166882586819429
2023-08-17,0.0167195760072728
2023-08-18,0.016742889812202
2023-08-21,0.0167209877527042
2023-08-22,0.0167184446684553
2023-08-23,0.0167982440343381
2023-08-24,0.0167774722195908
2023-08-25,0.0167772522089481
2023-08-28,0.0168464855359579
2023-08-29,0.0169202100627431
2023-08-30,0.0168412982180381
2023-08-31,0.0168684108228411
2023-09-01,0.0168229576552272
2023-09-04,0.0172602958572032
2023-09-05,0.0170544295804091
2023-09-06,0.0170703712459538
2023-09-07,0.0171531557431873
2023-09-08,0.0171889452195521
2023-09-11,0.0171714961743959
2023-09-12,0.017174022941309
2023-09-13,0.0171447079526889
2023-09-14,0.0171131393780802
2023-09-15,0.0171045520269699
2023-09-18,0.0170635380474346
2023-09-19,0.0170095935205235
2023-09-20,0.0169614341863807
2023-09-21,0.0167557083847083
2023-09-22,0.0165340502188631
2023-09-25,0.0164827256517033
2023-09-26,0.0164780647549334
2023-09-27,0.016301973062801
2023-09-28,0.0161843871010225
2023-10-09,0.0162407375730564
2023-10-10,0.0161702762918016
2023-10-11,0.0161449576472972
2023-10-12,0.0162271152200829
2023-10-13,0.016212805778376
2023-10-16,0.0162314656418081
2023-10-17,0.0161831048253525
2023-10-18,0.0162864357677061
2023-10-19,0.0163322909046675
2023-10-20,0.0162727034446467
2023-10-23,0.016590850491111
2023-10-24,0.0169168553484685
2023-10-25,0.0171737745100874
2023-10-26,0.0172625551248233
2023-10-27,0.0174357746103565
2023-10-30,0.0173819632868328
2023-10-31,0.0173218665716187
2023-11-01,0.0173251663482798
2023-11-02,0.0172925544358302
2023-11-03,0.0172500430156117
2023-11-06,0.0171895293208968
2023-11-07,0.017144692876713
2023-11-08,0.0171549871914404
2023-11-09,0.0171928485474416
2023-11-10,0.0171599174704294
2023-11-13,0.0172112792170994
2023-11-14,0.0172171276072895
2023-11-15,0.0172971649806794
2023-11-16,0.0171265336465253
2023-11-17,0.0171411892966872
2023-11-20,0.0172030275400654
2023-11-21,0.0172031620754836
2023-11-22,0.0172050534938791
2023-11-23,0.0171547605426637
2023-11-24,0.017094367407034
2023-11-27,0.017038949364231
2023-11-28,0.0168900325555418
2023-11-29,0.0168420389980296
2023-11-30,0.0167758790087411
2023-12-01,0.0165454344002138
2023-12-04,0.0164399762509917
2023-12-05,0.0165228584632827
2023-12-06,0.0164967627313433
2023-12-07,0.0163614280616234
2023-12-08,0.01600954833259
2023-12-11,0.01611975983067
2023-12-12,0.0161150499672705
2023-12-13,0.0160850527501487
2023-12-14,0.016063029495846
2023-12-15,0.0160363390252668
2023-12-18,0.0161628957150763
2023-12-19,0.0161885907538793
2023-12-20,0.0161498112639707
2023-12-21,0.0161082234714262
2023-12-22,0.0161123933601068
2023-12-25,0.0161225823394576
2023-12-26,0.0161786933524785
2023-12-27,0.0162136353007101
2023-12-28,0.0164882567957381
2023-12-29,0.0164670318910808
2024-01-02,0.0165851671320026
2024-01-03,0.0166922804186221
2024-01-04,0.0166994262550219
2024-01-05,0.0167285246496634
2024-01-08,0.0168166354799309
2024-01-09,0.0168220901130403
2024-01-10,0.016770793363463
2024-01-11,0.0167934754750509
2024-01-12,0.0167711603111199
2024-01-15,0.0168274377658811
2024-01-16,0.0166697724966802
2024-01-17,0.0168922014178743
2024-01-18,0.0170967453539275
2024-01-19,0.0168165984493878
2024-01-22,0.0181189054282547
2024-01-23,0.0179549377075317
2024-01-24,0.0181226979681773
2024-01-25,0.0187058526774351
2024-01-26,0.0186838915917631
2024-01-29,0.0188957798654452
2024-01-30,0.0191723319343328
2024-01-31,0.0197765223152827
2024-02-01,0.0199655553662643
2024-02-02,0.020497015070788
2024-02-05,0.0223435617783745
2024-02-06,0.0235645874258493
2024-02-07,0.0244368369092995
2024-02-08,0.0254217267728238
2024-02-19,0.0257801721558968
2024-02-20,0.0258488047738659
2024-02-21,0.0259296532996253
2024-02-22,0.0260901482132982
2024-02-23,0.0262423492661447
2024-02-26,0.0263067812205943
2024-02-27,0.0263856119255589
2024-02-28,0.0268772833163677
2024-02-29,0.0271336707709841
2024-03-01,0.0271929266148839
2024-03-04,0.0272728476856104
2024-03-05,0.0273487854406998
2024-03-06,0.0274284054347432
2024-03-07,0.0275473235036913
2024-03-08,0.027598549726357
2024-03-11,0.0277983105385771
2024-03-12,0.0278722058122099
2024-03-13,0.0278486380924217
2024-03-14,0.0278690979713105
2024-03-15,0.0280118552122432
2024-03-18,0.0279878679144139
2024-03-19,0.0280409794884747
2024-03-20,0.0280760930471591
2024-03-21,0.028122290085759
2024-03-22,0.0282432205093426
2024-03-25,0.02829017229381
2024-03-26,0.0283341915055093
2024-03-27,0.0285050831613288
2024-03-28,0.0285890129724764
2024-03-29,0.028710474719647
2024-04-01,0.0288977081665791
2024-04-02,0.0290259070943326
2024-04-03,0.0291706084684622
2024-04-08,0.0291987992589363
2024-04-09,0.0293834119001795
2024-04-10,0.0294032457454132
2024-04-11,0.029436316839054
2024-04-12,0.0295352489915124
2024-04-15,0.0299236103890696
2024-04-16,0.0308482835631862
2024-04-17,0.0314013077913576
2024-04-18,0.0314697157994614
2024-04-19,0.0315488696049779
2024-04-22,0.0317688420896219
2024-04-23,0.0319940033136421
2024-04-24,0.0320826257262225
2024-04-25,0.0320426206642303
2024-04-26,0.0320590242622957
2024-04-29,0.0322851807081365
2024-04-30,0.0315286301890604
2024-05-06,0.0317529521537842
2024-05-07,0.0317215294147331
2024-05-08,0.0314229640076245
2024-05-09,0.0314656315616543
2024-05-10,0.0314170318084329
2024-05-13,0.0313247384875966
2024-05-14,0.0309997885211746
2024-05-15,0.030924818531522
2024-05-16,0.0305104712254299
2024-05-17,0.0290068972281247
2024-05-20,0.0282807288753101
2024-05-21,0.0276183520707014
2024-05-22,0.0269634539742071
2024-05-23,0.0269725590499691
2024-05-24,0.0270157391841974
2024-05-27,0.0270342054893195
2024-05-28,0.0270167271876688
2024-05-29,0.0269816442212663
2024-05-30,0.0271186013668616
2024-05-31,0.0271525283043997
2024-06-03,0.0268442153565849
2024-06-04,0.0266921671768539
2024-06-05,0.0267914037907544
2024-06-06,0.0269844028535442
2024-06-07,0.0271179711343509
2024-06-11,0.0271300167203165
2024-06-12,0.0270968230429468
2024-06-13,0.0271380125295303
2024-06-14,0.0269816538439216
2024-06-17,0.0269511053829977
2024-06-18,0.0269697748868233
2024-06-19,0.0269704466265745
2024-06-20,0.0269167764303063
2024-06-21,0.0268809176121168
2024-06-24,0.0270862638473266
2024-06-25,0.0270773559967044
2024-06-26,0.0271895988223483
2024-06-27,0.0271766517707271
2024-06-28,0.0271030602971347
2024-07-01,0.0272165074922902
2024-07-02,0.0270806192385717
2024-07-03,0.0269990339885732
2024-07-04,0.0269757137433248
2024-07-05,0.0268125270576894
2024-07-08,0.0267489762485654
2024-07-09,0.0266792219432589
2024-07-10,0.02668516083956
2024-07-11,0.0268435960176441
2024-07-12,0.0267882010981197
2024-07-15,0.0267459866584204
2024-07-16,0.0266490829797122
2024-07-17,0.0262403641068161
2024-07-18,0.025041505938879
2024-07-19,0.0243034792765892
2024-07-22,0.0242095692471775
2024-07-23,0.0241939672800579
2024-07-24,0.0239920057286153
2024-07-25,0.0237851094034185
2024-07-26,0.0237464150363485
2024-07-29,0.0236239655128699
2024-07-30,0.023525173170243
2024-07-31,0.0235178937414722
2024-08-01,0.0234157599183595
2024-08-02,0.0230011546501198
2024-08-05,0.023026498625745
2024-08-06,0.022990916048911
2024-08-07,0.0228651497443207
2024-08-08,0.0228005946732034
2024-08-09,0.0226672816444366
2024-08-12,0.0226201000876205
2024-08-13,0.0225607510387605
2024-08-14,0.0225200933523316
2024-08-15,0.0224288354259916
2024-08-16,0.0222010271885294
2024-08-19,0.0221084633969327
2024-08-20,0.0221572818475453
2024-08-21,0.0219233597647363
2024-08-22,0.0218638825816909
2024-08-23,0.0217910760325958
2024-08-26,0.0218611539588199
2024-08-27,0.0218264203413198
2024-08-28,0.0216955344411115
2024-08-29,0.0217245084685742
2024-08-30,0.021525936128255
2024-09-02,0.0215049887179905
2024-09-03,0.0214072461776066
2024-09-04,0.0210653657938644
2024-09-05,0.0207934560328378
2024-09-06,0.0207754343761658
2024-09-09,0.0207261275947119
2024-09-10,0.020645631595568
2024-09-11,0.0206694545806527
2024-09-12,0.0205943213949494
2024-09-13,0.0207011898714041
2024-09-18,0.0207664865620911
2024-09-19,0.0209124698178213
2024-09-20,0.0209111341956392
2024-09-23,0.0205873617664316
2024-09-24,0.0213622379946433
2024-09-25,0.021285908306313
2024-09-26,0.0216646516863818
2024-09-27,0.0221637089635737
2024-09-30,0.0244057371781815
2024-10-08,0.0250476943466809
2024-10-09,0.0277287923256895
2024-10-10,0.0277471241084481
2024-10-11,0.0280607372870925
2024-10-14,0.0280829537651211
2024-10-15,0.0281964025288331
2024-10-16,0.0281097816554835
2024-10-17,0.0279905433490802
2024-10-18,0.0280565812593756
2024-10-21,0.0280934112319802
2024-10-22,0.0281954150973559
2024-10-23,0.0281820384239171
2024-10-24,0.0282616413944946
2024-10-25,0.0284476225240821
2024-10-28,0.0288128515222406
2024-10-29,0.0289747974134299
2024-10-30,0.0290319361807973
2024-10-31,0.0291482351631201
2024-11-01,0.029478582561569
2024-11-04,0.0295893793510938
2024-11-05,0.0297375527216452
2024-11-06,0.0296108412012705
2024-11-07,0.0297945686748192
2024-11-08,0.0298726280590849
2024-11-11,0.0297964386180186
2024-11-12,0.0298923092924761
2024-11-13,0.0299348035729887
2024-11-14,0.0301988776946501
2024-11-15,0.0303765903872658
2024-11-18,0.0305853978732722
2024-11-19,0.030665470776608
2024-11-20,0.0307533022473875
2024-11-21,0.0308076257402595
2024-11-22,0.0311814028203288
2024-11-25,0.0313056135918711
2024-11-26,0.0313145616900365
2024-11-27,0.0313365578059013
2024-11-28,0.0313161702638782
2024-11-29,0.0312660594844996
2024-12-02,0.0313149313383578
2024-12-03,0.031265620100746
2024-12-04,0.0313988961753021
2024-12-05,0.031432747507434
2024-12-06,0.0315406063191872
2024-12-09,0.0314881509864845
2024-12-10,0.0314990407196993
2024-12-11,0.0315195209480514
2024-12-12,0.0315655269494327
2024-12-13,0.0317368618456898
2024-12-16,0.0317848603013704
2024-12-17,0.0321161708882415
2024-12-18,0.0321309716295925
2024-12-19,0.0322015282677936
2024-12-20,0.0321525201760773
2024-12-23,0.0325255864916623
2024-12-24,0.0324512764447775
2024-12-25,0.0326095785440978
2024-12-26,0.0326150050045155
2024-12-27,0.0322370873017191
2024-12-30,0.0322892626936497
2024-12-31,0.0321437651679644
2025-01-02,0.0319433962821148
2025-01-03,0.030349674308807
2025-01-06,0.0298127924451712
2025-01-07,0.0274786642599915
2025-01-08,0.0272940617522526
2025-01-09,0.0269998134710886
2025-01-10,0.0269274099680851
2025-01-13,0.0267821353205149
2025-01-14,0.0269035528081526
2025-01-15,0.0267752014949934
2025-01-16,0.0267268681262579
2025-01-17,0.026650921134695
2025-01-20,0.0265958461196853
2025-01-21,0.0265361053393595
2025-01-22,0.0264737861358612
2025-01-23,0.0262211408317718
2025-01-24,0.0257851307957859
2025-01-27,0.0255166076268238
