"Date","FrequencyID","CARDI_5P_W","CARDI_1P_W","CARDI_10P_W","CARDI_5P_LogDiff_W","CARDI_1P_LogDiff_W","CARDI_10P_LogDiff_W"
2015-01-11,"2015-02",1.434524515,1.219822566,1.442139384,NA,NA,NA
2015-01-18,"2015-03",1.436550977,1.2680845472,1.4532659344,0.00141163988349463,0.0388021209315467,0.00768569781897982
2015-01-25,"2015-04",1.4396235448,1.4461429774,1.5978646604,0.00213656643263194,0.13139246532376,0.0948547584364065
2015-02-01,"2015-05",1.4597116874,1.563737885,1.5727092636,0.013857289648416,0.0781790386484295,-0.0158683728913956
2015-02-08,"2015-06",1.4468107886,1.555501865,1.6620369964,-0.0088772638977121,-0.00528079904066664,0.0552441786043469
2015-02-15,"2015-07",1.5277198954,1.646306861,1.5461476752,0.0544146814730331,0.0567362768641094,-0.0722774899226247
2015-02-22,"2015-08",1.360054787,1.607677491,1.452327177,-0.116251375915988,-0.0237439278479791,-0.0625992468990049
2015-03-01,"2015-09",1.34114058066667,1.55686306966667,1.50429496033333,-0.0140045519784999,-0.0321176413375449,0.0351571040097388
2015-03-08,"2015-10",1.381034726,1.7355465772,1.5435151858,0.0293125881408332,0.108649449868906,0.0257380799183482
2015-03-15,"2015-11",1.2971680662,1.7062728982,1.5704845734,-0.062649541993517,-0.0170109938221603,0.0173218137562752
2015-03-22,"2015-12",1.4082809206,1.801629216,1.490889087,0.0821862776422785,0.054379975476456,-0.0520115725310343
2015-03-29,"2015-13",1.3483897452,1.5700690414,1.4737022004,-0.0434586561193017,-0.137571781720676,-0.0115949063371332
2015-04-05,"2015-14",1.4404157374,1.5968411726,1.4939836412,0.0660206792608009,0.0169078168791979,0.0136683986368103
2015-04-12,"2015-15",1.33758007625,1.545590461,1.37171829725,-0.074069710358637,-0.0326213979427163,-0.0853819514673299
2015-04-19,"2015-16",1.3771008062,1.6368056486,1.3965773226,0.0291183560945882,0.0573405544674045,0.0179602882029747
2015-04-26,"2015-17",1.2687095166,1.4029893428,1.2318670776,-0.0819801689835643,-0.154141362128304,-0.125493505988821
2015-05-03,"2015-18",1.0409711575,1.0233901415,1.1012868735,-0.197846172483546,-0.315484420826258,-0.11205158671006
2015-05-10,"2015-19",1.0568603206,1.0031772144,1.1688207086,0.0151484684192281,-0.0199486065367468,0.0595159181055331
2015-05-17,"2015-20",1.105404811,1.1997784206,1.2074142232,0.0449090615421792,0.17896471252422,0.0324857682063481
2015-05-24,"2015-21",1.0516432592,0.9485911614,1.3301093886,-0.0498576630968985,-0.234914273346757,0.0967801185852318
2015-05-31,"2015-22",1.17616749,0.997839967,1.1936652802,0.111907313223237,0.0506150138665025,-0.108232545090844
2015-06-07,"2015-23",1.1241789074,1.0986030944,1.2631655728,-0.0452083537146125,0.0962018278343036,0.0565922888013153
2015-06-14,"2015-24",1.1450751084,1.1086842664,1.1905653652,0.0184173226207674,0.00913450806274496,-0.059192638522292
2015-06-21,"2015-25",1.198195701,1.2155500544,1.247198126,0.0453466110687098,0.0920227273557318,0.0464712450871476
2015-06-28,"2015-26",1.16127589775,1.19464446575,1.19382597225,-0.031297530267555,-0.0173480711013453,-0.0437362837314035
2015-07-05,"2015-27",1.1003487026,1.1120976588,1.2863841308,-0.0538921805785452,-0.0716006082812398,0.0746720307714832
2015-07-12,"2015-28",1.1588137868,1.0826240252,1.1992684506,0.0517697523891076,-0.0268602673695208,-0.0701235368372495
2015-07-19,"2015-29",1.4330327152,1.152030751,1.2499778918,0.212396094130413,0.0621385082292651,0.0414141182004168
2015-07-26,"2015-30",1.2424154756,1.2223551488,1.1362408124,-0.142735529464306,0.0592531921636864,-0.0954005840175298
2015-08-02,"2015-31",1.2008653898,1.1564912274,1.1756911386,-0.0340149939375218,-0.0553888304703319,0.0341308971560651
2015-08-09,"2015-32",1.2307828254,1.2122083712,1.1650942416,0.0246079553037215,0.0470531791151506,-0.00905419991316847
2015-08-16,"2015-33",1.1999811348,1.2201273636,1.1513821068,-0.0253445746843634,0.00651145338735729,-0.0118389250699659
2015-08-23,"2015-34",1.2892097738,1.4507237466,1.1907523858,0.0717236165507524,0.173107317802275,0.0336223115547932
2015-08-30,"2015-35",1.400098217,1.3828370044,1.296155253,0.0825129369393353,-0.0479253782987111,0.0848170204288435
2015-09-06,"2015-36",1.34655571033333,1.52296036433333,1.27722859866667,-0.0389923825668644,0.0965188596492392,-0.0147098114388831
2015-09-13,"2015-37",1.3849854218,1.3011296708,1.2839174056,0.0281396072141306,-0.15742318417893,0.00522330404411964
2015-09-20,"2015-38",1.6366091038,1.5161879516,1.2994884448,0.166936867917783,0.152966393499876,0.0120548056824003
2015-09-27,"2015-39",1.4457003846,1.3740693438,1.2925636856,-0.124032582362994,-0.0984225970778186,-0.00534308364642255
2015-10-04,"2015-40",1.320647958,1.334781437,1.24261932466667,-0.0904714059323498,-0.0290091002395878,-0.0394060890515351
2015-10-11,"2015-41",1.215047424,1.3248956945,1.309585143,-0.0833393853006266,-0.00743382563858785,0.0524888919985189
2015-10-18,"2015-42",1.1528737584,1.2565530012,1.1159453956,-0.0525253625161532,-0.0529614764799498,-0.160008468236799
2015-10-25,"2015-43",1.0967225544,1.032143957,0.975789028,-0.049931509343745,-0.196734108179338,-0.134210809859252
2015-11-01,"2015-44",1.0359522548,0.9355068762,0.9247900626,-0.0570051795947382,-0.0983049335491966,-0.0536796508092197
2015-11-08,"2015-45",0.967862256,0.8858940086,0.9126150882,-0.0679865560263822,-0.0544911816517833,-0.0132525508434314
2015-11-15,"2015-46",0.9034678542,0.8133209152,0.9470214996,-0.0688492494233654,-0.0854715530234518,0.03700759422101
2015-11-22,"2015-47",0.8506002124,0.7459302798,0.9861828922,-0.0602982976817058,-0.08649362418277,0.0405200306688411
2015-11-29,"2015-48",0.8674086442,0.7795387014,0.9102523148,0.0195679644704719,0.0440701991480466,-0.080119996358386
2015-12-06,"2015-49",0.895304782,0.9181830154,0.9379120784,0.0316540018561867,0.163694397659987,0.029934381474031
2015-12-13,"2015-50",0.8930597764,0.8828070978,0.9945636674,-0.00251068135827408,-0.0392900194811776,0.0586479041881883
2015-12-20,"2015-51",0.9113918946,0.9320090498,1.0095894338,0.0203194679453709,0.0542358102743428,0.0149949102510253
2015-12-27,"2015-52",0.9983946498,1.0507458264,1.0110012876,0.091175653387419,0.119912977133066,0.00139746660698393
2016-01-03,"2015-53",0.932168585,0.94834714675,0.9592272945,-0.0686349553057962,-0.102534878078143,-0.0525684338179736
2016-01-10,"2016-01",0.9324415398,0.9602584292,1.0437597014,0.000292774128295592,0.012481821538973,0.0844565120841689
2016-01-17,"2016-02",0.9906810386,0.9038671816,1.0393947872,0.0605861667501718,-0.0605200187290973,-0.00419068351567248
2016-01-24,"2016-03",0.9016389454,0.885174758,1.0178215326,-0.0941784667327842,-0.0208973344084642,-0.0209740174069467
2016-01-31,"2016-04",1.0821833434,1.1853186798,1.1551574962,0.182521735998657,0.291981853335197,0.126572104052246
2016-02-07,"2016-05",1.0568901094,1.2027942028,1.0951582606,-0.0236498778166084,0.0146356858330341,-0.0533378119705629
2016-02-21,"2016-07",1.1300833692,1.2298575552,1.118360501,0.0669606711893148,0.0222510015307693,0.0209648914027071
2016-02-28,"2016-08",1.110117582,1.1110919262,1.1610672322,-0.0178254686120651,-0.101555104808724,0.0374758354547684
2016-03-06,"2016-09",1.2820874458,1.3717448696,1.2295254652,0.144023627180854,0.210740307821099,0.0572886843829393
2016-03-13,"2016-10",1.2252820876,1.2579751978,1.1906888838,-0.0453184735454968,-0.086580114406251,-0.0320962607151487
2016-03-20,"2016-11",1.2583756686,1.391087924,1.2347030362,0.0266506443082918,0.100582677642093,0.0362984510688648
2016-03-27,"2016-12",1.2263854332,1.373798648,1.2249464122,-0.0257505665733394,-0.0125064814801473,-0.00793338675043162
2016-04-03,"2016-13",1.2845587676,1.2923516754,1.2087075978,0.0463441170500507,-0.0611160757613251,-0.0133454101064397
2016-04-10,"2016-14",1.36026189075,1.33883461625,1.19287319225,0.0572619600731338,0.0353359832937138,-0.0131868434927698
2016-04-17,"2016-15",1.288712544,1.390516554,1.203207594,-0.0540335558321702,0.0378757534931934,0.00862614139840337
2016-04-24,"2016-16",1.2595215828,1.4878668906,1.2823797048,-0.0229117394350793,0.0676681774764696,0.0637265105404528
2016-05-01,"2016-17",1.3442116188,1.4098883468,1.340021553,0.0650757315005306,-0.0538329625796254,0.0439682019251934
2016-05-08,"2016-18",1.2461317015,1.3467008425,1.309513494,-0.0757635699529188,-0.0458527335109905,-0.0230300085528412
2016-05-15,"2016-19",1.2173580394,1.4609673272,1.1842450176,-0.0233611451235173,0.0814409881287104,-0.100550234015871
2016-05-22,"2016-20",1.2756769884,1.2436783408,1.2403011246,0.0467940398949744,-0.161025376812054,0.0462487369617385
2016-05-29,"2016-21",1.315890906,1.3192091994,1.258351075,0.0310369223014613,0.0589590733140599,0.0144480007163791
2016-06-05,"2016-22",1.1385925174,1.2404275504,1.1926310834,-0.144721065532126,-0.0615763468104983,-0.0536403323454007
2016-06-12,"2016-23",1.072727703,1.16823087933333,1.188707183,-0.0595882059836008,-0.0599655833633435,-0.00329554520388517
2016-06-19,"2016-24",1.144434062,1.1616922128,1.129422912,0.0647055860445216,-0.005612789298716,-0.0511595107931344
2016-06-26,"2016-25",1.1130954452,1.1660098448,1.1382079916,-0.0277654223060421,0.00370978488220802,0.00774828349506704
2016-07-03,"2016-26",1.1600284946,1.23052297,1.142608359,0.0412997456135779,0.0538517267658385,0.00385859462863469
2016-07-10,"2016-27",1.2656544808,1.2626549146,1.119535888,0.0871447953861629,0.0257773213902482,-0.0203994693412824
2016-07-17,"2016-28",1.2309835852,1.1895028136,1.1360941046,-0.027775851924449,-0.0596811631517672,0.0146819417131427
2016-07-24,"2016-29",1.144526494,1.165016293,1.1415512346,-0.0728225034727325,-0.0208003437940817,0.00479191413034633
2016-07-31,"2016-30",1.1160956644,1.0942934526,1.1178496442,-0.025154428042069,-0.0626261660888315,-0.0209811902702134
2016-08-07,"2016-31",1.0479094832,1.0414977342,1.0243959672,-0.0630393698975377,-0.0494491000383223,-0.0873037406924822
2016-08-14,"2016-32",1.0380142302,1.0513438406,1.01485577,-0.00948771727801419,0.00940938785190407,-0.00935663471739289
2016-08-21,"2016-33",1.0252674078,1.053516397,1.0858405026,-0.0123560296741187,0.00206432439808416,0.0676078400002912
2016-08-28,"2016-34",1.0159355466,0.9842034988,1.07437487,-0.00914355546599834,-0.0680561140385046,-0.0106153677205353
2016-09-04,"2016-35",0.9419857662,0.9965408362,1.0291933302,-0.0755750234691806,0.0124574350478465,-0.0429636553173655
2016-09-11,"2016-36",0.9396108888,0.8286744614,0.9605365454,-0.00252432279233674,-0.184462728728009,-0.0690385700261935
2016-09-18,"2016-37",0.915231686333333,0.847787825666667,0.960609886,-0.0262885991478097,0.0228030091896047,7.63508692902259e-05
2016-09-25,"2016-38",0.9278312646,0.868260544,1.029354495,0.0136726469830495,0.0238614366146939,0.0691188002169654
2016-10-02,"2016-39",0.8711052588,0.8368861102,0.9839709758,-0.0630870715426422,-0.0368038433431087,-0.0450907804001989
2016-10-16,"2016-41",0.9105710574,0.8706539466,1.021510743,0.0443091205257788,0.0395565998751927,0.0374415306102831
2016-10-23,"2016-42",0.947257422,0.8662019158,0.937238059,0.0394989468836019,-0.00512655154280819,-0.0861006160185683
2016-10-30,"2016-43",0.9603626292,0.921176132,0.9926255274,0.0137400667057995,0.0615332174203732,0.0574161654629704
2016-11-06,"2016-44",1.0544763542,0.9710503912,1.0507642758,0.0934886240729344,0.0527271052064134,0.0569195795547288
2016-11-13,"2016-45",1.0978243312,1.044885619,1.1336225812,0.0402860435106113,0.0732843397715687,0.0759005479908354
2016-11-20,"2016-46",1.1653420482,1.0813776944,1.2174411422,0.0596843070417404,0.0343284472341905,0.071332902546687
2016-11-27,"2016-47",1.1136456486,1.070318137,1.1240313634,-0.0453756458537345,-0.0102799425771115,-0.0798295771808316
2016-12-04,"2016-48",1.106871395,1.0613424214,1.202598215,-0.00610152904331471,-0.0084213864265202,0.0675627408751883
2016-12-11,"2016-49",1.0886342208,1.0420050696,1.1546203806,-0.0166135705034222,-0.0183877335757931,-0.0407127801950185
2016-12-18,"2016-50",1.0375103496,1.028180072,1.1172260586,-0.0480999535382055,-0.0133564895703113,-0.0329227354068556
2016-12-25,"2016-51",1.0336575536,1.0334399986,1.1204489604,-0.00372041343251641,0.00510272293918097,0.00288058274879555
2017-01-01,"2016-52",1.1365167906,1.0937246086,1.1431485608,0.0948646029979354,0.0566959014786025,0.0200568883348196
2017-01-08,"2017-01",1.0429887145,1.122493887,1.03890286225,-0.0858777824264615,0.0259639513137816,-0.09562113465188
2017-01-15,"2017-02",1.1648671768,1.1310996082,1.1884917472,0.110516713457415,0.00763736942695616,0.134519847747124
2017-01-22,"2017-03",1.0944800868,1.0876778356,1.1664840976,-0.0623276252506195,-0.0391452665665395,-0.018690884104823
2017-01-29,"2017-04",1.22119185075,1.13016741725,1.16193656825,0.109547864770172,0.0383207810083855,-0.00390611129575275
2017-02-05,"2017-05",1.148141043,1.15089877,1.146604131,-0.0616831586001282,0.0181773976544034,-0.0132834242031874
2017-02-12,"2017-06",1.0939412928,1.0788171794,1.131906819,-0.048357110435428,-0.064677939560481,-0.0129009832895305
2017-02-19,"2017-07",1.1046104564,1.1504617058,1.1368005426,0.00970570500086336,0.0642981084042144,0.0043141140834847
2017-02-26,"2017-08",1.0726881616,1.0847500012,1.0676555384,-0.0293249461891059,-0.058813798304081,-0.062752616179221
2017-03-05,"2017-09",1.1366353692,1.1165115462,1.0903605826,0.0579046693369238,0.0288595868661278,0.0210432923342164
2017-03-12,"2017-10",1.0933167582,1.1220652502,1.0489849926,-0.0388564943899847,0.0049618269993236,-0.0386854283355628
2017-03-19,"2017-11",1.1449028822,1.1297025264,1.017526201,0.0461038409394644,0.00678338642615794,-0.0304486345531594
2017-03-26,"2017-12",1.091823967,1.190933564,0.98798532,-0.0474701524223029,0.0527831600270747,-0.0294618280158783
2017-04-02,"2017-13",1.0705933898,1.0872347104,0.8139960032,-0.0196365972839658,-0.0910999973596103,-0.193712383421111
2017-04-09,"2017-14",1.043359967,1.08010970766667,0.887926566333333,-0.0257668216291248,-0.00657489261169261,0.0869335880853564
2017-04-16,"2017-15",0.9874561378,0.9947052578,1.1107213364,-0.0550694436452344,-0.0823714261728698,0.223875891854086
2017-04-23,"2017-16",1.0597525848,1.0484913006,1.0952881644,0.0706586709245167,0.0526610833526293,-0.0139921643915287
2017-04-30,"2017-17",1.1143331302,1.172212589,1.1430755964,0.0502206661650277,0.111540790307688,0.0427050287257388
2017-05-07,"2017-18",0.94457944,1.07943137025,1.31442595425,-0.165271624062284,-0.0824586711835954,0.139677512419541
2017-05-14,"2017-19",1.1256763016,1.1745866944,1.4426421248,0.175399499595494,0.0844819428171646,0.0930762076432831
2017-05-21,"2017-20",1.1755763952,1.1188640608,1.2771030866,0.0433745644109363,-0.0486023970732629,-0.121881941871959
2017-05-28,"2017-21",1.2935395196,1.5493599198,1.3510875792,0.0956236982091843,0.325527951476326,0.0563155829404458
2017-06-04,"2017-22",1.38478948966667,1.26731413433333,1.308082391,0.0681658604349242,-0.200942084522687,-0.0323476412272241
2017-06-11,"2017-23",1.3443630472,1.1646459846,1.2920532154,-0.0296278050380433,-0.0844826411931377,-0.012329648210094
2017-06-18,"2017-24",1.181516385,1.0886945474,1.2674045104,-0.129121644515573,-0.0674378494243424,-0.0192614762195795
2017-06-25,"2017-25",1.1147761356,1.0585793512,1.0741586704,-0.0581450760057207,-0.0280515410446801,-0.16543339370558
2017-07-02,"2017-26",1.1827002732,1.051012133,1.2579268688,0.0591465817643817,-0.00717413841742527,0.15792730070196
2017-07-09,"2017-27",1.1132997238,1.0687146312,1.2033299302,-0.0604718616105455,0.0167030110354348,-0.0443723680950476
2017-07-16,"2017-28",1.045053976,1.0604228466,1.0788042792,-0.0632597939037199,-0.00778890664061713,-0.109239376678879
2017-07-23,"2017-29",1.089112828,1.0843337746,1.0651974306,0.0412949098053572,0.02229802530388,-0.012693116079606
2017-07-30,"2017-30",1.0160396138,1.0812038236,1.0541341782,-0.0694511072060394,-0.00289069391556107,-0.0104404170137568
2017-08-06,"2017-31",1.0346391038,1.1464689174,1.1091752186,0.0181403355726403,0.0586116402342857,0.0508969470104072
2017-08-13,"2017-32",1.2576935436,1.1903536132,1.2615866044,0.19522684863067,0.0375637048423478,0.128753445842651
2017-08-20,"2017-33",1.6103656332,1.295771847,1.6407766612,0.247181732019078,0.0848561215195134,0.262799564972962
2017-08-27,"2017-34",1.9003321908,1.2844293404,1.8762838538,0.16556745357408,-0.008792011816321,0.134123443496052
2017-09-03,"2017-35",1.5872097052,1.3045924272,1.7439349248,-0.180051135956184,0.0155761490371985,-0.0731491361047241
2017-09-10,"2017-36",1.5731631148,1.3485624492,2.0040908986,-0.00888925686645664,0.0331484969758069,0.139046529747639
2017-09-17,"2017-37",1.4532706808,1.4166173152,1.5855988438,-0.079271657108353,0.0492326846842798,-0.234228385371152
2017-09-24,"2017-38",1.3841783908,1.2886217366,1.463518868,-0.0487099142463808,-0.0946986313675766,-0.0801184359576562
2017-10-01,"2017-39",1.4286685188,1.3095425908,1.427484223,0.0316361608134165,0.0161046829472823,-0.0249301091501647
2017-10-15,"2017-41",1.3956165832,1.2829910502,1.3827863446,-0.0234065920416369,-0.0204837989845369,-0.0318130564620306
2017-10-22,"2017-42",1.2556813702,1.2262473678,1.3005646002,-0.105657963031968,-0.0452355245763843,-0.0613020758064896
2017-10-29,"2017-43",1.2146642734,1.2746493424,1.320413036,-0.03321062929543,0.0387125298645052,0.0151461156847037
2017-11-05,"2017-44",1.224352642,1.1852410786,1.3226952304,0.00794452838435394,-0.0727249194631483,0.00172690237185796
2017-11-12,"2017-45",1.0982298024,1.0400922742,1.244908279,-0.108712635812517,-0.130636761342404,-0.060609640369002
2017-11-19,"2017-46",0.9748543648,0.956965332,1.0012676094,-0.119166801569056,-0.0832975483004206,-0.217795049055344
2017-11-26,"2017-47",0.8301830266,0.8153255184,0.8251910876,-0.16064189994831,-0.160179722513415,-0.193407104795708
2017-12-03,"2017-48",0.7368139506,0.7675940862,0.7559751526,-0.119310771655976,-0.0603263827472356,-0.0876064721397478
2017-12-10,"2017-49",0.7173834376,0.7116597636,0.7260705386,-0.0267249406712375,-0.0756611227427212,-0.0403613379971159
2017-12-17,"2017-50",0.7293896214,0.6775054472,0.6921907784,0.0165975711883407,-0.0491823442189511,-0.0477855617597928
2017-12-24,"2017-51",0.6836986564,0.6921425634,0.6800424234,-0.0646907895896347,0.0213743580040429,-0.0177064253741944
2017-12-31,"2017-52",0.7133228184,0.696302924,0.7469591046,0.0424168189499899,0.00599285040587066,0.0938552538723678
2018-01-07,"2018-01",0.741571303,0.70236894325,0.813543486,0.0388372387619693,0.00867402487356295,0.0853889432204091
2018-01-14,"2018-02",0.754541355,0.7428417088,0.795271,0.0173387703986631,0.0560241525303719,-0.0227164435989426
2018-01-21,"2018-03",0.8058043482,0.777625825,0.8575764552,0.0657308810317303,0.0457624850743184,0.0754273985776991
2018-01-28,"2018-04",0.817399621,0.8145984476,0.8730746744,0.0142871385940299,0.0464498257345949,0.0179107542189858
2018-02-04,"2018-05",0.8630222046,0.7991597642,0.9197762654,0.0543123128357276,-0.0191344085200054,0.0521093608174444
2018-02-11,"2018-06",0.9885528328,0.9000128458,1.0323382056,0.135801668327516,0.11884815536167,0.115451160273099
2018-02-18,"2018-07",1.157564023,1.05405716733333,1.258211523,0.157831007249819,0.157992929753567,0.197864954457257
2018-02-25,"2018-08",1.233456253,1.143170945,1.255781557,0.0635023737147633,0.0811592447051997,-0.0019331530990119
2018-03-04,"2018-09",1.3826322382,1.1694578348,1.4804064378,0.114168910730466,0.0227343205417546,0.164558536875697
2018-03-11,"2018-10",1.26260774,1.2056433902,1.2656336572,-0.090809884200837,0.0304731058746859,-0.156743758663789
2018-03-18,"2018-11",1.2626923746,1.2231158476,1.2607272126,6.70293400316657e-05,0.014388218113371,-0.00388420421428684
2018-03-25,"2018-12",1.159620701,1.1765569022,1.1805948828,-0.0851532767286536,-0.0388092826634452,-0.0656702579230514
2018-04-01,"2018-13",1.146027844,1.2162547118,1.1838886662,-0.0117910550699781,0.0331839348730704,0.0027860507060351
2018-04-08,"2018-14",1.282836574,1.13406975266667,1.157782659,0.112771784818458,-0.0699635148476821,-0.022297825107874
2018-04-15,"2018-15",1.1313891026,1.1226459002,1.1091789678,-0.125627527403064,-0.0101244036076111,-0.0428866020212145
2018-04-22,"2018-16",1.0947830898,1.0873852426,1.0683782256,-0.0328899199580007,-0.0319123557276637,-0.0374782513216644
2018-04-29,"2018-17",1.08024907,1.0362116174,1.0477707912,-0.0133646172211918,-0.0482045674887958,-0.0194769703729492
2018-05-06,"2018-18",1.08174509566667,1.09595142033333,1.10707911833333,0.00138393149176644,0.0560514761522062,0.0550602708239035
2018-05-13,"2018-19",1.0455870006,1.034961827,1.1333642564,-0.0339971156378435,-0.0572583191185153,0.0234653055255382
2018-05-20,"2018-20",1.0791495338,1.034946121,1.194834762,0.0315948114444452,-1.51755540777412e-05,0.0528174737050906
2018-05-27,"2018-21",1.0858067028,0.9679982206,1.0439970784,0.0061499533983083,-0.0668743982878785,-0.134951210356591
2018-06-03,"2018-22",1.008846779,0.964507352,1.066224403,-0.073515340085146,-0.00361279413263048,0.021067121981427
2018-06-10,"2018-23",1.0185372442,1.076950514,1.0255704682,0.00955964818449665,0.110271273177916,-0.0388748008576171
2018-06-17,"2018-24",0.990712567,0.8485951552,1.0671402162,-0.027698353827119,-0.238306504513147,0.0397333631943258
2018-06-24,"2018-25",1.00202023575,0.9368833125,1.11323918975,0.0113490279314138,0.0989765178153365,0.0422915793330677
2018-07-01,"2018-26",1.027665707,0.9052582954,0.9838542856,0.0252717285867523,-0.0343384291390091,-0.123551431275502
2018-07-08,"2018-27",0.9863100214,0.9270483494,1.0401845372,-0.0410744768783678,0.0237854087955748,0.05567561366332
2018-07-15,"2018-28",0.97336296,0.8885490576,1.0102024862,-0.0132136840214076,-0.0424158610292104,-0.0292473448825201
2018-07-22,"2018-29",0.9244686864,0.873520192,0.9116039448,-0.051537865082703,-0.0170586145204429,-0.102700446429019
2018-07-29,"2018-30",0.936477365,0.9320158446,0.9460892454,0.0129061724065077,0.0648185696787241,0.0371312796497471
2018-08-05,"2018-31",0.9566643592,0.8564012144,0.9522016472,0.0213272562856361,-0.084610840441378,0.00643992229913656
2018-08-12,"2018-32",1.0488510098,1.0892518556,0.9183344888,0.0919979595164962,0.240507393810113,-0.0362151355080717
2018-08-19,"2018-33",1.0523910094,1.0836984392,1.0080051432,0.00336943856711577,-0.0051114178766737,0.0931668598597199
2018-08-26,"2018-34",1.0969626112,1.1512587736,0.9406187108,0.0414803707430076,0.0604762577973247,-0.0691906892770522
2018-09-02,"2018-35",1.116436307,1.0440897814,1.1925744292,0.0175966457078206,-0.0977104462196562,0.23733177351608
2018-09-09,"2018-36",0.9675401476,1.0000358216,0.9437793948,-0.143140102360643,-0.0431096623140299,-0.233977188352148
2018-09-16,"2018-37",1.0721677392,1.0006504992,0.918117704,0.102680882254049,0.000614466758681594,-0.0275668466199233
2018-09-23,"2018-38",1.1799401792,0.9351868848,0.9850277412,0.0957812180569934,-0.0676591805918142,0.0703442041641166
2018-09-30,"2018-39",0.9303025915,0.907377972,0.957827738,-0.237709120150252,-0.0301872951255017,-0.0280018568242154
2018-10-14,"2018-41",0.8409053198,0.8265148096,0.8933516698,-0.10103082729529,-0.0933412554300786,-0.0696876370844458
2018-10-21,"2018-42",0.8696831354,0.8457602096,0.8697370544,0.0336498599874727,0.0230180436884895,-0.0267893808774735
2018-10-28,"2018-43",0.9596382024,0.9509654846,0.9600998724,0.0984274078042383,0.117241888850415,0.0988463831565583
2018-11-04,"2018-44",0.9460287808,0.9520346294,1.0026773536,-0.014283348659859,0.00112364145921345,0.0433917420547109
2018-11-11,"2018-45",0.9692941614,0.9579833594,0.9627276494,0.024295145690557,0.00622899812389627,-0.0406584978025507
2018-11-18,"2018-46",0.9595377686,0.9134211236,1.0091145068,-0.0101164604921099,-0.0476333808492281,0.0470579422928377
2018-11-25,"2018-47",0.9166402988,0.8834193228,1.0908791618,-0.0457365408328478,-0.0333970546843055,0.0779107212330087
2018-12-02,"2018-48",0.8198424596,0.8246766798,0.9608979242,-0.111602937271939,-0.0688085658925301,-0.126871035564281
2018-12-09,"2018-49",0.886057674,0.907499668,0.9379823084,0.0776698439332378,0.0957017940509222,-0.024137097166928
2018-12-16,"2018-50",0.9037350362,0.9245050408,0.9422058414,0.0197541725862175,0.0185653029743859,0.00449267814445551
2018-12-23,"2018-51",0.978385488,0.9370128098,1.0161564374,0.0793675360027171,0.0134384499497776,0.0755588241125737
2018-12-30,"2018-52",0.918167175,0.9331212962,0.964234124,-0.0635242699995596,-0.00416175418043928,-0.0524484577615795
2019-01-06,"2019-01",0.858253451666667,0.841227555,0.879297580666667,-0.0674800278046086,-0.103672998974355,-0.092210747392885
2019-01-13,"2019-02",0.9618393936,0.9404283092,0.9787654214,0.113948032128768,0.111473219505002,0.107168618450444
2019-01-20,"2019-03",0.9151972182,0.9357828772,0.9486127306,-0.0497079051414485,-0.00495193880784069,-0.0312913696381007
2019-01-27,"2019-04",0.9295652012,0.9106007166,0.8945707882,0.0155773701650204,-0.0272789709112199,-0.0586565967732549
2019-02-03,"2019-05",0.8614986462,0.8239090978,0.7767825008,-0.0760434667101427,-0.100044304233941,-0.141183647557278
2019-02-17,"2019-07",0.810126501,0.7809686484,0.8107681086,-0.0614830749749385,-0.0535251994798751,0.0428216911212425
2019-02-24,"2019-08",0.7661411194,0.7602541864,0.7973792902,-0.0558240277924177,-0.026882172988232,-0.0166516176010651
2019-03-03,"2019-09",0.7933239358,0.7532533286,0.857528201,0.034865250542759,-0.00925123616693257,0.072723603010774
2019-03-10,"2019-10",0.7636294082,0.746667577,0.908328882,-0.0381490286149689,-0.0087815216083868,0.0575524519038972
2019-03-17,"2019-11",0.988645984,1.002192335,0.9890872112,0.258253710371668,0.294325138945698,0.0851759910613353
2019-03-24,"2019-12",1.0725897748,1.0922564322,1.032999223,0.0814950393525396,0.0860557424366844,0.0434392080131301
2019-03-31,"2019-13",1.0267031436,1.05226113,1.0142676706,-0.0437232372573645,-0.03730437183002,-0.0182995926746719
2019-04-07,"2019-14",1.0198795705,1.04259127075,1.02184673,-0.00666828497840215,-0.00923208520823869,0.00744466460457364
2019-04-14,"2019-15",1.0678967552,1.0473552714,1.0734528384,0.0460065125156629,0.00455897680182018,0.0492688949255808
2019-04-21,"2019-16",1.0590610696,1.032458755,1.0852579028,-0.00830833251417925,-0.0143250992165446,0.0109372523652267
2019-04-28,"2019-17",1.047379067,1.030360872,1.068443706,-0.0110918152051071,-0.00203399627947186,-0.0156145478631794
2019-05-05,"2019-18",1.026660667,1.0265049515,1.031219616,-0.0199794525155809,-0.00374932090656062,-0.0354609143566509
2019-05-12,"2019-19",0.933453708,0.9295527942,0.9624091084,-0.0951753714152218,-0.0992114560776893,-0.0690578450704027
2019-05-19,"2019-20",0.9794217588,0.9577639354,0.945420221,0.0480709834444471,0.0298977295761324,-0.0178101219111869
2019-05-26,"2019-21",0.959213065,0.7718093982,0.9815886708,-0.0208491311343438,-0.215863707600235,0.0375428448047821
2019-06-02,"2019-22",0.891701462,0.8724482556,1.0017008814,-0.0729818316417822,0.122565720397102,0.0202823637561891
2019-06-09,"2019-23",0.9223365425,0.82716227075,0.95160112825,0.0337787778084696,-0.0533024544968328,-0.051308751458674
2019-06-16,"2019-24",0.8532244676,0.7575056732,0.8969602726,-0.0778875068772285,-0.0879698651900899,-0.0591343921709952
2019-06-23,"2019-25",0.8560340526,0.6690054568,0.8716847214,0.00328749278965562,-0.124238809981734,-0.0285837713882311
2019-06-30,"2019-26",0.83890629,0.6677387852,0.8515702326,-0.0202111486871879,-0.00189515980592203,-0.0233458227687541
2019-07-07,"2019-27",0.8982317432,0.6988984048,0.8633934948,0.0683290931951184,0.0456083310958781,0.0137885709592653
2019-07-14,"2019-28",0.957983892,0.746791723,0.8573893496,0.0644028627000653,0.0662809402808108,-0.00697841634752355
2019-07-21,"2019-29",0.9581528298,0.6860614236,0.8800588376,0.000176331676665614,-0.0848191658244105,0.0260966337996705
2019-07-28,"2019-30",0.897735959,0.6857537686,0.9155399844,-0.0651313025376812,-0.0004485371016551,0.0395252719463224
2019-08-04,"2019-31",0.8944159168,0.7614053732,0.8822908222,-0.00370509446535532,0.104647275532376,-0.0369923060494126
2019-08-11,"2019-32",0.8032429152,0.7638627016,0.905247312,-0.107513720517885,0.00322216214534987,0.0256864472526954
2019-08-18,"2019-33",0.7587538338,0.7130966646,0.8430270642,-0.0569797826438754,-0.0687710773701483,-0.0712091171830099
2019-08-25,"2019-34",0.8011290556,0.7606194746,0.8033425098,0.0543446570474765,0.0645162137272099,-0.0482179013739464
2019-09-01,"2019-35",0.7300378184,0.632610746,0.7512756646,-0.0929257133646556,-0.184277901661278,-0.0670085129438914
2019-09-08,"2019-36",0.7662427818,0.8084805094,0.7358146234,0.0484027282149708,0.245301273849752,-0.0207944311712395
2019-09-15,"2019-37",0.767889766,0.755478109,0.74444273175,0.00214712194861705,-0.0678057658345542,0.0116577107820931
2019-09-22,"2019-38",0.7734748964,0.744246825,0.7940391162,0.0072470259377167,-0.0149780719329417,0.0644967973633216
2019-09-29,"2019-39",0.758076141,0.7772471572,0.7442431974,-0.0201093844635575,0.0433856575745721,-0.0647648651233344
2019-10-06,"2019-40",0.772177693,0.796199121,0.78260082,0.0184308653532986,0.0240909151499151,0.0502548979193325
2019-10-13,"2019-41",0.79155692625,0.78948593625,0.731503442,0.0247871028993865,-0.00846728652415177,-0.0675208317162111
2019-10-20,"2019-42",0.769713248,0.7678473376,0.721064682,-0.0279837584254912,-0.0277910858256759,-0.0143730810760705
2019-10-27,"2019-43",0.760406374,0.7715921294,0.7288205354,-0.0121650472834476,0.00486514639485919,0.010698677779176
2019-11-03,"2019-44",0.730239771,0.7525617568,0.7426335608,-0.0404800593713648,-0.0249730185238902,0.018775211813654
2019-11-10,"2019-45",0.6866665092,0.6947553212,0.7181508684,-0.0615241898429743,-0.0799233343415249,-0.0335230642705008
2019-11-17,"2019-46",0.6642659044,0.7115468496,0.6369884108,-0.033166216047012,0.0238815338512234,-0.119928208095163
2019-11-24,"2019-47",0.6473569562,0.6983333148,0.6575083288,-0.0257846756458042,-0.0187447444537273,0.031705969348047
2019-12-01,"2019-48",0.6839527516,0.686608823,0.704925867,0.0549909865261783,-0.0169317859309951,0.06963521274368
2019-12-08,"2019-49",0.688146193,0.6804687246,0.7014988098,0.0061124665576951,-0.00898286962398742,-0.00487344120075417
2019-12-15,"2019-50",0.6844161368,0.646598433,0.6685762468,-0.00543518542153149,-0.051056419751086,-0.0480687563084934
2019-12-22,"2019-51",0.6811750162,0.6983085522,0.6691917042,-0.00474684780839996,0.0769356151060162,0.000920125860336352
2019-12-29,"2019-52",0.7084002376,0.7379407162,0.6626449016,0.0391899693561207,0.0552024340728172,-0.00983131910187995
2020-01-05,"2020-01",0.7679887775,0.771312898,0.72840880325,0.0807658790983494,0.044230634195321,0.0946231801752767
2020-01-12,"2020-02",0.7394399124,0.768621585,0.7694427258,-0.0378820959222131,-0.0034953639519324,0.0548040865832164
2020-01-19,"2020-03",0.735940949,0.7415898006,0.6944456784,-0.0047431413153517,-0.0358025003440792,-0.102552577810848
2020-01-26,"2020-04",0.754061719,0.74564388125,0.735791865,0.0243243369225147,0.00545185432658563,0.0578333443274303
2020-02-09,"2020-06",1.095864461,1.057559099,0.9328726684,0.373824572794119,0.34947067969068,0.237321429462122
2020-02-16,"2020-07",1.0993594442,1.1070023788,0.9384683476,0.00318417282599534,0.0456922866390618,0.00598041279463173
2020-02-23,"2020-08",1.0896230624,1.0313743366,0.9123649632,-0.00889586461205777,-0.0707635823718536,-0.0282090399013729
2020-03-01,"2020-09",1.0798562914,1.0288689054,0.8977807648,-0.00900385335769356,-0.00243217148731629,-0.0161141876693608
2020-03-08,"2020-10",1.0007043868,1.0551567654,0.8644851922,-0.0761238299278215,0.0252292999495791,-0.0377917250703924
2020-03-15,"2020-11",1.013900602,1.0123723484,0.8307216164,0.0131007358870858,-0.0413929122893895,-0.0398394358160123
2020-03-22,"2020-12",0.9067666776,0.9482788884,0.8275057012,-0.111674982990151,-0.0654030703114374,-0.00387874352053696
2020-03-29,"2020-13",0.9412979178,1.1025100108,0.836310978,0.0373745157884343,0.150696042303748,0.0105845302745141
2020-04-05,"2020-14",0.894122708,1.3252373922,0.8297393462,-0.0514166634782688,0.184002198926431,-0.0078889164230341
2020-04-12,"2020-15",0.92482460275,1.3028445175,0.80109422125,0.0337610778585973,-0.0170416428461522,-0.0351330410704959
2020-04-19,"2020-16",1.0118147878,1.2492483642,0.8088827234,0.0898967162061449,-0.0420079026529578,0.00967537197899154
2020-04-26,"2020-17",0.9616164344,1.168925454,0.829105853,-0.0508851627729372,-0.0664571503924264,0.0246938929041888
2020-05-03,"2020-18",0.9717560415,1.2416688395,0.83341054125,0.0104891325299473,0.0603714016715296,0.0051785328371601
2020-05-10,"2020-19",0.717495057,0.737148357,0.703655176333333,-0.303338728435603,-0.521422421637932,-0.169237937577449
2020-05-17,"2020-20",0.7081590156,0.7340546752,0.6917399318,-0.0130973916310581,-0.00420565522535632,-0.0170783659380777
2020-05-24,"2020-21",0.7265992594,0.734867536,0.6499812498,0.0257064337383782,0.00110674462782834,-0.0622665478688787
2020-05-31,"2020-22",0.706626251,0.7125093788,0.6795517058,-0.0278732151374668,-0.0308971845572041,0.044489808576696
2020-06-07,"2020-23",0.6868128606,0.6811397426,0.6939850938,-0.0284400311401626,-0.0450255881299907,0.0210171570130097
2020-06-14,"2020-24",0.7004707062,0.7074397204,0.6428644624,0.0196906922460997,0.0378849378852872,-0.0765165690079489
2020-06-21,"2020-25",0.7285664536,0.7463264184,0.6991228542,0.0393262947544037,0.0535106376405031,0.083892571278055
2020-06-28,"2020-26",0.743028716666667,0.771627601333333,0.714643465,0.0196558523479116,0.0333389892686842,0.0219572841050371
2020-07-05,"2020-27",0.7629568918,0.8131256862,0.7737402492,0.0264668378026239,0.0523836412223773,0.0794524539392428
2020-07-12,"2020-28",0.8091927228,0.824217656,0.7823013912,0.0588355807813987,0.0135489474891222,0.0110038551191879
2020-07-19,"2020-29",0.872794525,0.872748674,0.8331482746,0.0756630494108615,0.0572129859883327,0.0629715500115255
2020-07-26,"2020-30",0.8286345788,0.8323745938,0.8163754326,-0.0519209012164042,-0.0473650542190913,-0.0203372889206644
2020-08-02,"2020-31",0.7689011964,0.8516462322,0.7732479976,-0.074816782342025,0.022888647749445,-0.0542745161537872
2020-08-09,"2020-32",0.753155323,0.8069073216,0.8024113662,-0.0206909992529447,-0.0539624016266152,0.0370215798292062
2020-08-16,"2020-33",0.7616522694,0.7567692542,0.790431664,0.0112186333890143,-0.0641504276969703,-0.0150421954416434
2020-08-23,"2020-34",0.7853580208,0.7713410424,0.7755640562,0.0306495791008587,0.0190722226486952,-0.0189886272835304
2020-08-30,"2020-35",0.7654503446,0.8130961648,0.7526763298,-0.0256753448922423,0.0527187729356414,-0.0299552845877063
2020-09-06,"2020-36",0.7983104594,0.8096784746,0.7804876508,0.0420332222871811,-0.0042121625149458,0.0362836231762797
2020-09-13,"2020-37",0.836219457,0.8582795208,0.779765081,0.0463935183507461,0.0582926043260539,-0.000926221549791328
2020-09-20,"2020-38",0.8155950872,0.877362707,0.7844771416,-0.024973071867406,0.0219906555889646,0.00602473809350165
2020-09-27,"2020-39",0.8312547096,0.8412100688,0.749258166,0.0190182424970175,-0.0420790705155399,-0.0459338291724678
2020-10-04,"2020-40",0.783766581666667,0.796753088333333,0.734652917666667,-0.0588250090834241,-0.0542965838706802,-0.0196854382165044
2020-10-11,"2020-41",0.8246621,0.793778281,0.752943736,0.0508624781232446,-0.00374065027503342,0.0245923384009401
2020-10-18,"2020-42",0.7928407002,0.7746436228,0.694356547,-0.0393514076944101,-0.0244010971330693,-0.0810049201574389
2020-10-25,"2020-43",0.7668594574,0.7822891288,0.6994641304,-0.0333187711729095,0.00982132008990735,0.00732892881394215
2020-11-01,"2020-44",0.7866001506,0.8375487452,0.7678861546,0.0254165036438684,0.0682550630940408,0.0933269720844666
2020-11-08,"2020-45",0.8053604694,0.8231591296,0.7963992416,0.023569913811343,-0.0173299301441711,0.0364591339426196
2020-11-15,"2020-46",0.8505324258,0.8690104978,0.7889463194,0.0545725714164105,0.0542056704294458,-0.00940233762141596
2020-11-22,"2020-47",0.8776658838,0.88537709,0.7987176506,0.031403442159127,0.01865843913804,0.0123092225574092
2020-11-29,"2020-48",0.84046646,0.8510752968,0.8104434334,-0.043308931607583,-0.0395130396174301,0.0145740416728224
2020-12-06,"2020-49",0.7966465392,0.8197642082,0.7898088008,-0.0535459558981108,-0.0374838571032646,-0.0257906546484583
2020-12-13,"2020-50",0.8398899342,0.8235102232,0.8169404278,0.0528597612020189,0.00455921593774086,0.0337752845473824
2020-12-20,"2020-51",0.8552231742,0.8448847682,0.8162976748,0.0180916047946666,0.0256242851942733,-0.000787090421365322
2020-12-27,"2020-52",0.9156548782,0.8929925184,0.8754419964,0.0682770658217994,0.0553779537258968,0.0699498115701667
2021-01-03,"2020-53",0.85971626675,0.85616590775,0.89781960575,-0.0630371107267963,-0.042114027963374,0.0252402660958888
2021-01-10,"2021-01",0.8359420466,0.8169708806,0.8852754734,-0.0280431239944696,-0.0468607224621655,-0.0140702977045358
2021-01-17,"2021-02",0.8891728144,0.8712535694,0.914710573,0.0617323200902598,0.0643296065742998,0.0327088356244029
2021-01-24,"2021-03",0.893179453,0.880611593,0.8641321678,0.0044959073716134,0.0106835991839224,-0.0568819724808265
2021-01-31,"2021-04",0.905439892,0.8852820666,0.8859794842,0.0136333782203091,0.00528965542717598,0.0249680657107389
2021-02-07,"2021-05",0.8878795054,0.8732149656,0.888399905,-0.0195848524471372,-0.0137245502210117,0.00272819027993963
2021-02-14,"2021-06",0.862514681666667,0.82590437,0.871785558333333,-0.0289838706851841,-0.0557027713285835,-0.0188785107631009
2021-02-21,"2021-07",0.8321401035,0.8540611505,0.889610271,-0.0358513507084602,0.0335238040258506,0.0202399947448046
2021-02-28,"2021-08",0.8715363746,0.8659074194,0.8499604364,0.0462567817377933,0.0137752008169569,-0.0455936660788307
2021-03-07,"2021-09",0.8860760292,0.8885954862,0.9070777896,0.0165451566494195,0.0258641139700498,0.0650384092695219
2021-03-14,"2021-10",0.8900759298,0.9413747064,0.905551667,0.00450401480752985,0.0576991497242433,-0.00168387747980812
2021-03-21,"2021-11",0.903867303,0.9117213674,0.9247103704,0.0153757874317012,-0.032006835344872,0.0209362406221686
2021-03-28,"2021-12",0.9235435134,0.7895632856,0.9178758682,0.0215353555493888,-0.143854435621224,-0.00741841374945092
2021-04-04,"2021-13",0.9885440258,0.5981574082,0.9408250742,0.0680152631555005,-0.27762604584328,0.024695067135746
2021-04-11,"2021-14",0.98614410275,0.854455756,0.95225538675,-0.00243068684812724,0.35661077983951,0.0120760334205289
2021-04-18,"2021-15",0.9910194224,1.0057210042,0.9634446706,0.00493164016942967,0.162995256819572,0.0116817985693591
2021-04-25,"2021-16",0.8927465004,0.9142335746,0.9621439472,-0.104431466482564,-0.0953738895019074,-0.00135098804159199
2021-05-02,"2021-17",0.9706815368,0.8591736266,0.946178286,0.0836957735921471,-0.0621150628995158,-0.0167330584387277
2021-05-09,"2021-18",0.93553301,0.7997070855,0.978841173,-0.036882009001663,-0.0717255104893713,0.0339383811599386
2021-05-16,"2021-19",1.000881519,0.9478955284,1.0103492272,0.0675199786374922,0.169998776576452,0.0316819241187461
2021-05-23,"2021-20",0.9938723512,0.864279179,0.988194785,-0.00702763057823594,-0.0923484536192363,-0.0221714904498391
2021-05-30,"2021-21",0.9793233414,0.8288579384,1.0157682398,-0.0147469138715625,-0.0418470650208438,0.0275206625582969
2021-06-06,"2021-22",0.9834733854,0.9352802024,1.035651116,0.00422871113201879,0.120797390671784,0.0193851138008628
2021-06-13,"2021-23",1.004461831,0.9763091206,0.9877799818,0.0211166091694182,0.0429330920891984,-0.0473256230222474
2021-06-20,"2021-24",1.01533193125,1.04332722075,1.0953042465,0.0107636783525678,0.0663908779493359,0.10332747187935
2021-06-27,"2021-25",1.0591526146,1.0486555622,1.1181512304,0.042253583334062,0.00509406962213887,0.0206444589189765
2021-07-04,"2021-26",0.9859733578,0.9879012658,1.0427490738,-0.0715951134599566,-0.0596814464116123,-0.0698160684127387
2021-07-11,"2021-27",0.9680706598,0.986570616,1.0411372346,-0.0183242534770795,-0.00134785409072271,-0.00154695533526935
2021-07-18,"2021-28",1.0392097036,1.0273023192,1.0837776502,0.0709107226064741,0.0404566325253923,0.0401391517048145
2021-07-25,"2021-29",0.9682357662,0.9774515936,1.0502034162,-0.0707401851355623,-0.0497427677685287,-0.0314688871152858
2021-08-01,"2021-30",1.0829412622,1.0692429262,1.0945619538,0.11196039158981,0.0897573614004245,0.0413703659179193
2021-08-08,"2021-31",1.0079764012,1.025135426,1.0388111216,-0.0717359724850784,-0.0421261256480758,-0.0522773340898529
2021-08-15,"2021-32",0.9864622056,0.9712044966,1.0848245348,-0.0215750237272525,-0.0540429555350176,0.0433413478875355
2021-08-22,"2021-33",0.9642537476,0.9634956664,1.0775362638,-0.0227705294973408,-0.00796906016110124,-0.00674105690786957
2021-08-29,"2021-34",1.0245222056,0.9873511814,1.093558437,0.0606271583922962,0.0244577929630316,0.0147598021077478
2021-09-05,"2021-35",1.1042735478,1.1208191022,1.086787287,0.0749613329322636,0.12678925520066,-0.00621109917884327
2021-09-12,"2021-36",1.0558770066,1.1181837802,1.045174545,-0.0448159884890871,-0.0023540150284397,-0.03904200068001
2021-09-19,"2021-37",1.1227230226,1.130325016,1.0702974888,0.0613852972519227,0.010799471918065,0.0237527365702152
2021-09-26,"2021-38",1.17500067566667,1.15199014566667,1.20662097733333,0.045511717901429,0.0189857919813831,0.119887235616928
2021-10-03,"2021-39",1.2532340695,1.30844273525,1.27143969175,0.0644587430987791,0.12734667024141,0.0523260016004471
2021-10-10,"2021-40",1.299834973,1.327809546,1.326509078,0.0365098468330882,0.0146929482430956,0.0424008641807967
2021-10-17,"2021-41",1.3539509868,1.3340035562,1.286921975,0.0407896624532888,0.00465398669414802,-0.0302974368549883
2021-10-24,"2021-42",1.29697551,1.3717925482,1.2994369024,-0.0429919518960016,0.0279337006283958,0.00967771733950024
2021-10-31,"2021-43",1.3657166416,1.4190668322,1.2732726104,0.0516442799068568,0.0338811812307108,-0.0203405739843473
2021-11-07,"2021-44",1.3843675078,1.4103052298,1.3311287096,0.0135640592363774,-0.00619333916787823,0.044436791519473
2021-11-14,"2021-45",1.436936121,1.463452769,1.4826941104,0.0372697908178763,0.036992397996736,0.107833541655908
2021-11-21,"2021-46",1.3204132162,1.3863579096,1.4531325818,-0.0845684228952498,-0.0541184545287439,-0.0201391504583311
2021-11-28,"2021-47",1.4379674968,1.4685497014,1.5047743098,0.0852859257971635,0.0575952166295346,0.0349212993271253
2021-12-05,"2021-48",1.4676839684,1.4372964074,1.584060717,0.0204549706511082,-0.021511462071563,0.0513486974071038
2021-12-12,"2021-49",1.5056211052,1.5607639772,1.5857374286,0.0255198809162374,0.0824115763335454,0.00105792967209029
2021-12-19,"2021-50",1.437424412,1.579401367,1.6658092712,-0.0463525982006276,0.0118704632418128,0.049261500348647
2021-12-26,"2021-51",1.387019298,1.4915240088,1.5778965018,-0.0356958546320756,-0.0572474716729379,-0.0542184220579807
2022-01-02,"2021-52",1.3137895656,1.391345887,1.4027020168,-0.0542412954260771,-0.0695268792204455,-0.117692243518767
2022-01-09,"2022-01",1.24949305175,1.264949782,1.1996175075,-0.050177848839083,-0.0952391193383562,-0.156397626306618
2022-01-16,"2022-02",1.2535410538,1.222509276,1.2077748294,0.00323447896307735,-0.034126893299616,0.00677692040039696
2022-01-23,"2022-03",1.1760654382,1.1437320956,1.2099421912,-0.0637978967599404,-0.0666088467033162,0.00179289996481258
2022-01-30,"2022-04",1.1482093998,1.0932919608,1.1397072698,-0.0239708073854607,-0.0451033910845917,-0.0598011340442212
2022-02-13,"2022-06",1.132541249,1.1975616704,1.1717528894,-0.0137396846009456,0.0910942559868214,0.0277293751466424
2022-02-20,"2022-07",1.1988928314,1.189812888,1.1404957436,0.0569344897294137,-0.00649149048145919,-0.0270377930140052
2022-02-27,"2022-08",1.2150620288,1.2020187662,1.1511206704,0.0133966376004416,0.0102063906847245,0.00927293317418681
2022-03-06,"2022-09",1.245157199,1.2121550812,1.16951221,0.024466658203374,0.00839738577674226,0.0158507834845435
2022-03-13,"2022-10",1.2337126622,1.1970861838,1.1313982174,-0.00923373856311827,-0.0125094104301977,-0.0331325189911373
2022-03-20,"2022-11",1.1192321812,1.1057704428,1.1214985262,-0.0973851499314868,-0.0793480984982202,-0.0087884675111822
2022-03-27,"2022-12",1.1010216952,1.1208827286,1.1560371358,-0.016404335166573,0.0135742000965145,0.0303321332842674
2022-04-03,"2022-13",1.1391807902,1.1412003376,1.1251670288,0.034070836456427,0.0179641107709337,-0.0270663994484305
2022-04-10,"2022-14",1.193291438,1.20686109133333,1.15145096333333,0.0464060043086886,0.0559422134185131,0.0230913596575794
2022-04-17,"2022-15",1.2336888122,1.149601062,1.1751150268,0.0332933122540359,-0.0486078700227952,0.02034318361582
2022-04-24,"2022-16",1.1645263208,1.0047081566,1.1593196322,-0.0576943028121033,-0.13471787168534,-0.0135327288733525
2022-05-01,"2022-17",1.1616389262,1.0862190166,1.179075356,-0.0024825373748828,0.0780057660260508,0.016897225614815
2022-05-08,"2022-18",1.1568862435,1.129597026,1.1520437775,-0.00409975222095582,0.039158081040462,-0.0231929718413521
2022-05-15,"2022-19",1.1846942084,1.136020106,1.0867201656,0.0237525661497598,0.00567006412299062,-0.058373425207868
2022-05-22,"2022-20",1.1771467594,1.1460119106,1.073065325,-0.00639117941798592,0.00875699234625915,-0.0126447951421828
2022-05-29,"2022-21",1.1355340522,1.1682566982,1.0639116912,-0.0359904390435882,0.0192246246827679,-0.00856695202117035
2022-06-05,"2022-22",1.08227152525,1.116234155,1.098998515,-0.0480409743482043,-0.0455519778560245,0.0324469337096514
2022-06-12,"2022-23",1.0894885246,1.1654089174,1.036271376,0.00664624613258462,0.0431113692319379,-0.0587702687107939
2022-06-19,"2022-24",1.0741216554,1.0847370726,1.0209800674,-0.0142050797695286,-0.0717343992659499,-0.0148660391143059
2022-06-26,"2022-25",1.0498911216,1.1791294392,1.0544812208,-0.0228167977775263,0.0834387745814179,0.0322858957813524
2022-07-03,"2022-26",0.9910991268,1.0404641118,1.0623009028,-0.0576271876897111,-0.125109527851951,0.00738830650912519
2022-07-10,"2022-27",1.0187118892,1.0403730702,1.0872706854,0.0274796981100839,-8.75047801390597e-05,0.0232333790882035
2022-07-17,"2022-28",1.0322552178,1.0585804464,1.0542309298,0.0132069650555735,0.017349438908478,-0.0308590731431861
2022-07-24,"2022-29",1.0879443584,1.1317814424,1.0889918488,0.052544065394998,0.0668640799725773,0.0324408342880939
2022-07-31,"2022-30",1.0388217646,1.060803541,0.985311899,-0.046202853687543,-0.0647662105647241,-0.100049398092383
2022-08-07,"2022-31",0.9885211884,1.0142520902,0.971800745,-0.0496323539618066,-0.0448751945552229,-0.01380745119027
2022-08-14,"2022-32",1.066248592,1.0307383268,1.019980078,0.0756917010068774,0.0161238836477652,0.0483875861248735
2022-08-21,"2022-33",1.0597485138,1.0451279646,1.0322437036,-0.00611487046365522,0.0138639644993656,0.0119516903474146
2022-08-28,"2022-34",1.052445116,1.010815048,1.054516523,-0.00691548994695518,-0.0333823484434211,0.021347603771087
2022-09-04,"2022-35",1.023995438,1.0036666452,1.0331026836,-0.0274040673671758,-0.00709704419588989,-0.0205158013626867
2022-09-11,"2022-36",1.10116045,1.0512054372,1.057148172,0.0726525067470196,0.0462776016660177,0.0230082902210342
2022-09-18,"2022-37",1.12455750625,1.07024741425,1.05557826325,0.021025052228659,0.017952308906445,-0.00148614511822431
2022-09-25,"2022-38",1.1153647982,1.1145117292,1.1399683088,-0.00820810582882571,0.0405265479539484,0.0769117291302349
2022-10-02,"2022-39",1.1180501632,1.079269541,1.1815069842,0.00240471774431415,-0.0321319365879247,0.0357902662047989
2022-10-16,"2022-41",1.0811328118,1.0802211592,1.1335691176,-0.0335768511805408,0.000881335827479637,-0.0414195626697148
2022-10-23,"2022-42",1.08711013,1.0430105476,1.0853349532,0.00551352731448353,-0.03505450849003,-0.0434825142796219
2022-10-30,"2022-43",1.0324132112,0.9913445896,1.0298732978,-0.0516239331834621,-0.05080437473995,-0.0524528691469062
2022-11-06,"2022-44",1.0381709326,0.9918633076,1.0887006842,0.0055614607671809,0.000523110070871604,0.0555491695304497
2022-11-13,"2022-45",1.0384491078,1.0117240122,1.0752922606,0.000267911506440392,0.0198257944042239,-0.012392457405589
2022-11-20,"2022-46",1.1306928936,1.0774049348,1.0953132668,0.085102267338554,0.0628994930853549,0.0184479157996399
2022-11-27,"2022-47",1.0630088434,1.0212216226,1.0480947292,-0.061727206372842,-0.053555731661453,-0.0440664384829129
2022-12-04,"2022-48",1.097490938,1.0524118002,1.0660635172,0.0319231903752442,0.0300849028996967,0.0169989363120502
2022-12-11,"2022-49",1.093423772,1.0482553106,1.0472659354,-0.00371276038583611,-0.00395730956413965,-0.0177900114307385
2022-12-18,"2022-50",1.1361722322,1.0721243258,1.00888841,0.0383510730593492,0.0225148582698823,-0.0373337565459398
2022-12-25,"2022-51",1.0349910078,0.9856431658,0.9735053852,-0.093272183095357,-0.0841029221764296,-0.0357010629999481
2023-01-01,"2022-52",0.960476139,0.955451447,0.9804261432,-0.0747188779153997,-0.0311104401335187,0.0070839605596479
2023-01-08,"2023-01",1.00229027725,0.971301325,1.015511832,0.0426137979143949,0.0164527964026369,0.0351607152067088
2023-01-15,"2023-02",1.0008920394,1.0521642888,0.9978156382,-0.00139601679333851,0.0799678046070374,-0.0175795043717944
2023-01-22,"2023-03",1.0647093092,1.1072827776,1.0236584892,0.0618101710267146,0.0510597959090418,0.0255697153491028
2023-02-05,"2023-05",1.0444823506,1.0591549934,1.1137402908,-0.0191804083872008,-0.0444376519199786,0.0843410178381428
2023-02-12,"2023-06",1.030642898,1.0242851356,1.0647889522,-0.0133386240665727,-0.033476473581532,-0.0449473696137586
2023-02-19,"2023-07",1.0126856558,1.0097570628,1.115070342,-0.0175769133996809,-0.014285170551376,0.0461408773423293
2023-02-26,"2023-08",0.9493585492,0.9693402962,1.0410427068,-0.0645746007563969,-0.0408493159122519,-0.0686946763424969
2023-03-05,"2023-09",0.9216836804,0.9156043234,1.0687723472,-0.0295844603035235,-0.0570314231111952,0.0262878371358477
2023-03-12,"2023-10",0.9601101278,0.9573180294,1.0056744832,0.0408459094760035,0.0445513453712045,-0.0608522067432112
2023-03-19,"2023-11",0.9487746798,0.9698798864,1.011851608,-0.0118766530048502,0.0130365800070022,0.00612348373478716
2023-03-26,"2023-12",0.920632228,0.9362352652,0.945113485,-0.0301107029618093,-0.0353054387729992,-0.0682321964541483
2023-04-02,"2023-13",0.9311718142,0.9231239558,0.925524986,0.0113831698889408,-0.0141032744761929,-0.0209438812827232
2023-04-09,"2023-14",0.87455025925,0.8158576445,0.95445106125,-0.0627340434718702,-0.123523637651844,0.0307752412953076
2023-04-16,"2023-15",0.840352272,0.8264926986,0.895573661,-0.0398885894368858,0.012951198626867,-0.0636718952855842
2023-04-23,"2023-16",0.9696112322,0.9034836638,0.9209587706,0.143074024258328,0.0890669457482818,0.027950794389048
2023-04-30,"2023-17",0.8185829948,0.8223389642,0.9209969534,-0.169320409285867,-0.0941053535867303,4.14589770079271e-05
2023-05-07,"2023-18",0.826089322,0.8273952765,0.9125768675,0.0091281153622409,0.00612986990019806,-0.00918440805870854
2023-05-14,"2023-19",0.8707169808,0.869638378,0.910082068,0.0526140824246645,0.049794922603828,-0.00273754020506745
2023-05-21,"2023-20",0.8802760598,0.8870146092,0.9050226326,0.0109185744818457,0.0197839847555844,-0.00557482827488097
2023-05-28,"2023-21",0.8779145086,0.8433723014,0.9359864702,-0.00268634431626616,-0.0504529533438248,0.0336410696735774
2023-06-04,"2023-22",0.8949371584,0.8736386668,0.9237333994,0.0192042834522629,0.0352583662784055,-0.0131775202372225
2023-06-11,"2023-23",0.8630329172,0.8495902776,0.9383340658,-0.0363006686176863,-0.0279126585386459,0.0156825312879177
2023-06-18,"2023-24",0.8875867088,0.8461902414,0.8624000502,0.0280533835197363,-0.00401000096177878,-0.0843867741449055
2023-06-25,"2023-25",0.853800585666667,0.806793193666667,0.847150397333333,-0.0388085563569484,-0.0476768361220128,-0.0178410147367843
2023-07-02,"2023-26",0.9044349994,0.8447513102,0.8951972386,0.0576127784053852,0.0459749067490334,0.0551658286915478
2023-07-09,"2023-27",0.9035307572,0.857220888,0.8888117222,-0.00100028694912599,0.0146533544267395,-0.00715864528681366
2023-07-16,"2023-28",0.9052145304,0.8177338968,0.9171182496,0.00186181404084078,-0.047158656868684,0.0313509895822112
2023-07-23,"2023-29",0.9294925018,0.8741316766,0.9402494826,0.0264667744375424,0.0666940498902298,0.0249088304565738
2023-07-30,"2023-30",0.9160022388,0.8766648694,0.9312795544,-0.0146199314353163,0.00289376235463132,-0.00958574161247233
2023-08-06,"2023-31",0.920091277,0.9111298362,0.8934990024,0.00445407047617757,0.0385606212442358,-0.0414142873678956
2023-08-13,"2023-32",0.89684795,0.91464665,0.8939463156,-0.0255865410377146,0.00385240819565194,0.00050050561528607
2023-08-20,"2023-33",0.8803602386,0.904368567,0.8860927766,-0.0185551524624857,-0.0113008316666925,-0.00882406458759286
2023-08-27,"2023-34",0.8659437968,0.8630720598,0.8261721428,-0.0165111790646233,-0.0467387973742851,-0.0700185019839572
2023-09-03,"2023-35",0.8455523754,0.8456785892,0.7861689598,-0.0238298941998286,-0.0203588175707319,-0.049631426228596
2023-09-10,"2023-36",0.901875033,0.9048278254,0.893278435,0.0644858536310989,0.0676053082079417,0.127726598684364
2023-09-17,"2023-37",0.933933842,0.907260835,0.9088707654,0.0349296366250523,0.00268531128215078,0.0173045822025661
2023-09-24,"2023-38",0.9541753586,0.927967986,0.9163167244,0.0214418658590529,0.0225672456405072,0.00815916211262543
2023-10-01,"2023-39",0.92075058925,0.94927153875,0.89356009125,-0.0356582733102886,0.022697654789984,-0.0251484877901111
2023-10-15,"2023-41",0.889524368,0.9375635448,0.8643021794,-0.0345022933959151,-0.012410352468763,-0.0332911337817602
2023-10-22,"2023-42",0.9056359352,0.9261132102,0.826870063,0.0179504858605783,-0.0122880522587358,-0.044274888154887
2023-10-29,"2023-43",0.9405161546,0.953200302,0.907091786,0.037791437444705,0.0288285776432714,0.0925960781702617
2023-11-05,"2023-44",0.9077123298,0.9287987444,0.841132787,-0.035501314198579,-0.0259329835211491,-0.0754941030441117
2023-11-12,"2023-45",0.9034813794,0.9229689932,0.8352886612,-0.00467201059112898,-0.00629643809179646,-0.00697217215922924
2023-11-19,"2023-46",0.8936703516,0.899327115,0.8645426172,-0.0109185274659036,-0.0259488067444556,0.0344232336973327
2023-11-26,"2023-47",0.9174254994,0.9202808348,0.8606448166,0.0262344041216851,0.0230320449849185,-0.00451870580085084
2023-12-03,"2023-48",0.9240943976,0.9819684934,0.8755406422,0.00724285126044455,0.0648803450461242,0.0171596773082527
2023-12-10,"2023-49",0.9589869826,0.9601465654,0.9074202426,0.0370632725318592,-0.0224732786253865,0.0357641029842361
2023-12-17,"2023-50",0.8836912692,0.9331683902,0.8835671194,-0.0817697422084498,-0.028500278008514,-0.0266384165679154
2023-12-24,"2023-51",0.8707498854,0.91176172,0.8466475204,-0.0147529810162621,-0.0232069830847564,-0.0426828013786665
2023-12-31,"2023-52",0.949956906,0.9716350796,0.8084950884,0.0870618438250104,0.0636016174506722,-0.0461098533429005
2024-01-07,"2024-01",0.99600864525,0.98096330275,0.81908000425,0.0473393160563751,0.00955474940590549,0.0130071603240166
2024-01-14,"2024-02",0.9266745328,0.9362132346,0.8689917944,-0.0721535309031687,-0.0466917855882841,0.0591519182740274
2024-01-21,"2024-03",0.8805138248,0.9113711908,0.8624266756,-0.0510967777217058,-0.0268929967761917,-0.0075835511485994
2024-01-28,"2024-04",0.910071564,0.9527308742,0.912282418,0.033017609285104,0.0443821967421217,0.0561994795019398
2024-02-04,"2024-05",0.8907335216,0.934137956,0.9273290504,-0.0214779333289499,-0.019708333422878,0.0163588542603303
2024-02-11,"2024-06",0.854621423,0.89113224325,0.93320330175,-0.0413867140843474,-0.0471312942049118,0.00631461297893798
2024-02-25,"2024-08",0.8639355756,0.8966325508,0.973791113,0.0108396099824101,0.00615329815552519,0.0425737393672909
2024-03-03,"2024-09",0.9487869038,0.9406722122,0.9110292486,0.093686024493113,0.0479486032807297,-0.0666218148211424
2024-03-10,"2024-10",0.8648859916,0.9074820034,0.8954562996,-0.0925865286124767,-0.0359210040715562,-0.0172415824718845
2024-03-17,"2024-11",0.8702760994,0.9243064386,0.8863886712,0.00621282030738057,0.0183699251884433,-0.0101778850845826
2024-03-24,"2024-12",0.8663798,0.9996064384,0.8880475462,-0.00448713638529369,0.0783179797498192,0.0018697493513868
2024-03-31,"2024-13",0.9254402488,0.9894582568,0.9018899316,0.0659461883864717,-0.0102040619183089,0.0154672009889076
2024-04-07,"2024-14",0.869319124333333,0.989493575,0.924217390333333,-0.0625592793990755,3.56938450307293e-05,0.0244548293276221
2024-04-14,"2024-15",0.9243263594,0.9800816244,0.9434204612,0.061354922557838,-0.00955741344290395,0.0205647445068663
2024-04-21,"2024-16",0.9106346936,1.0103479004,0.9250841742,-0.0149233902047269,0.0304141479653328,-0.0196273268928177
2024-04-28,"2024-17",0.9976582886,1.0030417002,0.9994862524,0.0912689995987392,-0.00725764379431678,0.0773566668612322
2024-05-05,"2024-18",0.988485721,0.988848698,0.9999948785,-0.00923662410064626,-0.0142510274851048,0.000508758100399812
2024-05-12,"2024-19",1.0007413438,1.033258444,0.993414386,0.0123221507350858,0.0439312905442324,-0.00660227332221163
2024-05-19,"2024-20",1.0453380072,1.026147768,1.0326815442,0.0435992158431038,-0.00690558687825175,0.0387662549657974
2024-05-26,"2024-21",1.0237629676,0.9733312656,1.0459939492,-0.0208552621142594,-0.052842556543755,0.0128087207918957
2024-06-02,"2024-22",1.0405974116,1.0170744028,1.0174968382,0.0163099595905975,0.0439610702595428,-0.0276220500127291
2024-06-09,"2024-23",1.1073669126,1.0125029052,1.0750259098,0.0621900640464597,-0.00450488415803159,0.0549992325190714
2024-06-16,"2024-24",1.05668745175,1.01511423425,1.082067845,-0.0468460770528365,0.00257576289225749,0.00652911835698129
2024-06-23,"2024-25",1.0695904432,1.029039858,1.056889801,0.0121368423832475,0.0136250385755899,-0.0235434367186625
2024-06-30,"2024-26",1.0486545246,1.037599085,1.0325701028,-0.0197678745117596,0.00828328138137319,-0.0232795053444837
2024-07-07,"2024-27",1.0260381568,1.0403247972,1.0901625128,-0.0218030014043749,0.00262349721923156,0.0542758397169827
2024-07-14,"2024-28",1.0229580512,1.0061530696,1.1114445626,-0.00300645546146501,-0.0333987526332892,0.0193337975353995
2024-07-21,"2024-29",1.0839581116,0.9901780386,1.1174398358,0.0579207793762573,-0.0160047318154707,0.00537963087104129
2024-07-28,"2024-30",0.9727464924,0.9437544024,1.0279085688,-0.108251032819043,-0.0480187985825469,-0.0835139856244977
2024-08-04,"2024-31",1.009921846,0.9449898096,1.0596277894,0.0375047206447976,0.00130817859648071,0.03039148216222
2024-08-11,"2024-32",1.0096712124,0.9608736776,1.0070716872,-0.000248202082339418,0.0166688074792025,-0.0508709043032174
2024-08-18,"2024-33",1.0538026832,1.0210627128,0.9987672438,0.0427804794247028,0.060756287774323,-0.00828031674944283
2024-08-25,"2024-34",0.9845821106,0.975125493,1.035209253,-0.0679432060323773,-0.046033065712505,0.0358370997629196
2024-09-01,"2024-35",1.010781806,0.9606414756,0.9917447804,0.0262620777945011,-0.014964908421401,-0.0428930657154107
2024-09-08,"2024-36",0.988655681,0.9812782636,0.9468681962,-0.022133253377849,0.0212548072874337,-0.0463058932201107
2024-09-15,"2024-37",0.9626522056,0.9704002524,0.9328262858,-0.0266539330218005,-0.0111474546218553,-0.0149409084816791
2024-09-22,"2024-38",0.964112958333333,0.932609284666667,0.948076105,0.00151627509210119,-0.0397222777246094,0.0162157839097716
2024-09-29,"2024-39",0.9746283986,0.9903290382,0.9822456344,0.0108478042682381,0.0600509097227378,0.035406635370343
2024-10-06,"2024-40",0.977891545,1.009123068,0.922374363,0.00334250049406045,0.0187997334565691,-0.0628902391691917
2024-10-13,"2024-41",1.135956029,1.1934607765,1.00001853175,0.149831122463249,0.167775597790643,0.0808226357906177
2024-10-20,"2024-42",1.1442900372,1.2062939624,1.035012181,0.00730977716190165,0.0106955165279519,0.0343946641519135
2024-10-27,"2024-43",1.0458033148,1.0862383844,0.9643722116,-0.0899990774477595,-0.104832114282246,-0.070691143005446
2024-11-03,"2024-44",0.9165032116,1.1021579656,0.8833788178,-0.131975019905528,0.0145493406848521,-0.0877232108713388
2024-11-10,"2024-45",0.92944074,1.0505841346,0.9243018664,0.0140174789478655,-0.0479237167742594,0.0452845926909548
2024-11-17,"2024-46",0.9421279678,1.109249202,0.9413066096,0.0135580618491999,0.0543370637233826,0.0182302067804036
2024-11-24,"2024-47",0.9514166188,1.1194288872,0.9038421252,0.00981093930593654,0.00913524123801683,-0.0406142154316106
2024-12-01,"2024-48",0.9549770972,1.1444489314,0.8938702688,0.00373530662624312,0.0221046054228252,-0.011094053430833
2024-12-08,"2024-49",0.8692819966,1.1687809774,0.8731344736,-0.0940197785596891,0.0210380674643267,-0.0234710712702029
2024-12-15,"2024-50",0.8769464466,1.2650037904,0.9198675786,0.00877834655359402,0.0791138125418425,0.0521401432046472
2024-12-22,"2024-51",0.9787660006,1.2818923672,0.9567296448,0.109846668968743,0.0132622794929884,0.0392911253412845
2024-12-29,"2024-52",0.8794643336,1.054686638,0.9245751598,-0.106979584852462,-0.195093700816845,-0.0341865034149196
2025-01-05,"2025-01",0.90448624175,0.982476396,0.920146146,0.0280540835158534,-0.0709226571695674,-0.00480183353038291
2025-01-12,"2025-02",0.8060150054,0.8288478854,0.8198660426,-0.115264734374749,-0.170039672405426,-0.115391547544661
2025-01-19,"2025-03",0.7735412938,0.792515058,0.7908591576,-0.0411233052171177,-0.0448251404200779,-0.0360210684479356
2025-01-26,"2025-04",0.7658499818,0.797193799,0.7582308578,-0.0099927498916843,0.00588630363188503,-0.0421319947680159
2025-02-02,"2025-05",0.752313555,0.828508104,0.758002138,-0.0178331058643713,0.0385288085179436,-0.000301694795415142
