"Date","FrequencyID","CarbonVol_M_Shenzhen","CarbonVol_M_Guangdong","CarbonVol_M_Hubei","CarbonReturn_M_Shenzhen","CarbonReturn_M_Guangdong","CarbonReturn_M_Hubei","BankReturn_M","RealEstateReturn_M","RealEstate_Premium_M","Slope_M","TED_M","TY3M_Change_M","MarketVol_M","Event_dummy_M","Event_Covid_M","Event_China_M","Event_International_M"
2006-10-31,"2006-10",NA,NA,NA,NA,NA,NA,NA,NA,NA,1.18291666666667,0.866883333333333,NA,0.0100753571539867,0,0,0,0
2006-11-30,"2006-11",NA,NA,NA,NA,NA,NA,0.191160008050998,0.210258388277483,0.0190983802264846,1.12252272727273,0.886490909090909,0.19,0.00979125642825588,0,0,0,0
2006-12-31,"2006-12",NA,NA,NA,NA,NA,NA,0.299824086766816,0.169907702088905,-0.129916384677911,1.04502608695652,0.828952173913044,0.05,0.0166485940578017,0,0,0,0
2007-01-31,"2007-01",NA,NA,NA,NA,NA,NA,0.0718022448950704,0.123925131298488,0.052122886403418,1.084385,0.863615,-0.0600000000000001,0.0255190131670034,0,0,0,0
2007-02-28,"2007-02",NA,NA,NA,NA,NA,NA,-0.0492629072423805,-0.0342234026315289,0.0150395046108516,1.19591176470588,0.933729411764706,-0.01,0.0344091260855382,0,0,0,0
2007-03-31,"2007-03",NA,NA,NA,NA,NA,NA,0.0968601684023236,0.212524465829818,0.115664297427494,1.34894545454545,0.884818181818182,0.0700000000000001,0.0152102558892679,0,0,0,0
2007-04-30,"2007-04",NA,NA,NA,NA,NA,NA,0.0835651176541337,0.214308151425365,0.130743033771231,1.47824347826087,0.862952173913044,0.0700000000000001,0.0172698221060234,0,0,0,0
2007-05-31,"2007-05",NA,NA,NA,NA,NA,NA,0.0806216177999888,0.320386287488565,0.239764669688576,1.80211666666667,0.912483333333333,0.0899999999999999,0.0232340584798798,0,0,0,0
2007-06-30,"2007-06",NA,NA,NA,NA,NA,NA,0.0149942786152106,-0.0458256437148385,-0.0608199223300492,2.00727619047619,0.772295238095238,0.15,0.0299516953898577,0,0,0,0
2007-07-31,"2007-07",NA,NA,NA,NA,NA,NA,0.166318169420808,0.241627124663443,0.0753089552426349,2.03712727272727,0.753604545454546,0.1682,0.0233505786325494,0,0,0,0
2007-08-31,"2007-08",NA,NA,NA,NA,NA,NA,0.213482914484835,0.134402528575251,-0.0790803859095845,1.77617826086957,0.708647826086957,-0.000900000000000123,0.0190609061567752,0,0,0,0
2007-09-30,"2007-09",NA,NA,NA,NA,NA,NA,-0.0270909542611406,-0.0762650214255451,-0.0491740671644045,1.67307272727273,0.820918181818182,0.3901,0.0166197045419606,0,0,0,0
2007-10-31,"2007-10",NA,NA,NA,NA,NA,NA,0.146538416887003,0.0384123014242626,-0.10812611546274,1.2804,0.755544444444444,0.2626,0.0224422878361068,0,0,0,0
2007-11-30,"2007-11",NA,NA,NA,NA,NA,NA,-0.131906938074628,-0.162009763073589,-0.030102824998961,0.995822727272727,0.7091,0.47,0.0228795380579195,0,0,0,0
2007-12-31,"2007-12",NA,NA,NA,NA,NA,NA,0.00727103962975129,0.0304582514421767,0.0231872118124254,1.11098571428571,1.0167,-0.3,0.0168815774790632,0,0,0,0
2008-01-31,"2008-01",NA,NA,NA,NA,NA,NA,-0.184380883475717,-0.0473621845391641,0.137018698936552,1.08725909090909,1.21635,-0.0939999999999999,0.0273249265407578,0,0,0,0
2008-02-29,"2008-02",NA,NA,NA,NA,NA,NA,0.0172350375499786,-0.0567623733354417,-0.0739974108854202,0.985672222222222,1.33572222222222,-0.0460000000000003,0.0286820640613074,0,0,0,0
2008-03-31,"2008-03",NA,NA,NA,NA,NA,NA,-0.132458357705764,-0.0132531087934229,0.119205248912341,1.05654285714286,1.44365714285714,-0.15,0.0263175377941531,0,0,0,0
2008-04-30,"2008-04",NA,NA,NA,NA,NA,NA,0.102634064862282,-0.202386281646509,-0.305020346508791,1.07976666666667,1.53241904761905,0.0588000000000002,0.0356807450446814,0,0,0,0
2008-05-31,"2008-05",NA,NA,NA,NA,NA,NA,-0.160244992932322,-0.121893171811097,0.0383518211212248,1.05858571428571,1.4073619047619,0.1086,0.0242888706941274,0,0,0,0
2008-06-30,"2008-06",NA,NA,NA,NA,NA,NA,-0.217067984085563,-0.286308908590996,-0.0692409245054328,1.0808,1.22478,0.1426,0.0328243367608445,0,0,0,0
2008-07-31,"2008-07",NA,NA,NA,NA,NA,NA,0.0282012520527894,0.0921394772292885,0.0639382251764991,1.16469130434783,1.11873043478261,0.0135999999999998,0.0221151135071018,0,0,0,0
2008-08-31,"2008-08",NA,NA,NA,NA,NA,NA,-0.0434406368477607,-0.289619991711896,-0.246179354864135,1.1663,1.07624285714286,-0.1575,0.0279304802985985,0,0,0,0
2008-09-30,"2008-09",NA,NA,NA,NA,NA,NA,-0.224442977382677,-0.0997765057880748,0.124666471594602,0.755857142857143,1.14539047619048,0.0549999999999997,0.0358639760441731,0,0,0,0
2008-10-31,"2008-10",NA,NA,NA,NA,NA,NA,-0.266368548959941,-0.111498340728324,0.154870208231617,0.51041,1.52588,-0.8269,0.0277383361873478,0,0,0,0
2008-11-30,"2008-11",NA,NA,NA,NA,NA,NA,0.0346980146969065,0.185334870663212,0.150636855966305,0.93122,1.61984,-0.7942,0.0320848869955278,0,0,0,0
2008-12-31,"2008-12",NA,NA,NA,NA,NA,NA,0.0245738861294011,-0.0631441829357495,-0.0877180690651507,1.6846652173913,1.12495217391304,-0.6497,0.0215971301731095,0,0,0,0
2009-01-31,"2009-01",NA,NA,NA,NA,NA,NA,0.136513859519997,0.128680037101412,-0.00783382241858543,1.95607058823529,0.590411764705882,-0.0406000000000001,0.0180779595718119,0,0,0,0
2009-02-28,"2009-02",NA,NA,NA,NA,NA,NA,0.0403485480481542,0.113232486243983,0.0728839381958286,2.25367142857143,0.371209523809524,-0.00849999999999995,0.0260303504885802,0,0,0,0
2009-03-31,"2009-03",NA,NA,NA,NA,NA,NA,0.134662622385552,0.184736185040979,0.0500735626554274,2.32829545454545,0.426177272727273,-0.0565,0.0202359613198181,0,0,0,0
2009-04-30,"2009-04",NA,NA,NA,NA,NA,NA,0.0284925673678593,0.0607835571328357,0.0322909897649764,2.3238,0.369152380952381,-0.000399999999999956,0.0175170428554276,0,0,0,0
2009-05-31,"2009-05",NA,NA,NA,NA,NA,NA,0.0937739067155707,0.116747370929079,0.022973464213508,2.19058947368421,0.347273684210526,0.00519999999999998,0.0124344871149739,0,0,0,0
2009-06-30,"2009-06",NA,NA,NA,NA,NA,NA,0.24870042597256,0.197023717759702,-0.0516767082128577,2.29382272727273,0.375272727272727,0.0387,0.0113169152129605,0,0,0,0
2009-07-31,"2009-07",NA,NA,NA,NA,NA,NA,0.111625079135313,0.0548374224454502,-0.0567876566898633,2.23321304347826,0.328039130434783,0.3815,0.0170230702038745,0,0,0,0
2009-08-31,"2009-08",NA,NA,NA,NA,NA,NA,-0.315413550500289,-0.182393327286105,0.133020223214184,2.22089523809524,0.435933333333333,0.0105,0.0270107191210705,0,0,0,0
2009-09-30,"2009-09",NA,NA,NA,NA,NA,NA,0.0909287300908419,-0.029102338746263,-0.120031068837105,2.23868695652174,0.510521739130435,0.00980000000000003,0.023440412494799,0,0,0,0
2009-10-31,"2009-10",NA,NA,NA,NA,NA,NA,0.0781714435843082,0.136226914999584,0.0580554714152761,2.3896,0.506317647058824,0.0106999999999999,0.0177836188206157,0,0,0,0
2009-11-30,"2009-11",NA,NA,NA,NA,NA,NA,0.0188406094547515,0.0447668174344411,0.0259262079796896,2.44189523809524,0.561047619047619,-0.0835999999999999,0.0166108652142329,0,0,0,0
2009-12-31,"2009-12",NA,NA,NA,NA,NA,NA,0.0451069107066688,-0.0685887584593008,-0.11369566916597,2.41284782608696,0.6021,0.0114999999999998,0.0151572208161648,0,0,0,0
2010-01-31,"2010-01",NA,NA,NA,NA,NA,NA,-0.112567183120065,-0.12161408374487,-0.00904690062480462,2.343505,0.563795,0.0373000000000001,0.0140388458676844,0,0,0,0
2010-02-28,"2010-02",NA,NA,NA,NA,NA,NA,0.0168359665009072,0.0476717970938303,0.0308358305929231,2.13383529411765,0.582441176470588,0.0585,0.0114014800017366,0,0,0,0
2010-03-31,"2010-03",NA,NA,NA,NA,NA,NA,0.0398317646848314,0.039703728797603,-0.000128035887228428,2.10263043478261,0.639126086956522,-0.1132,0.0106261615318978,0,0,0,0
2010-04-30,"2010-04",NA,NA,NA,NA,NA,NA,-0.089158770691351,-0.205130202005538,-0.115971431314187,2.14660952380952,0.633980952380952,0.1074,0.0136788326039534,0,0,0,0
2010-05-31,"2010-05",NA,NA,NA,NA,NA,NA,-0.0523490311172941,-0.0803050641323777,-0.0279560330150836,1.828165,0.544975,0.3904,0.020137921438696,0,0,0,0
2010-06-30,"2010-06",NA,NA,NA,NA,NA,NA,-0.0680214182377998,-0.0678444313798794,0.000176986857920447,1.41677619047619,0.502161904761905,0.3793,0.0160186885379563,0,0,0,0
2010-07-31,"2010-07",NA,NA,NA,NA,NA,NA,0.0808831757078732,0.164240762031395,0.0833575863235216,1.54162727272727,0.864768181818182,-0.5819,0.0124796958877116,0,0,0,0
2010-08-31,"2010-08",NA,NA,NA,NA,NA,NA,-0.0605895262468081,-0.0107069168749971,0.049882609371811,1.69553181818182,0.9046,0.1798,0.0128779326734558,0,0,0,0
2010-09-30,"2010-09",NA,NA,NA,NA,NA,NA,-0.0290939241108319,-0.0785623564055733,-0.0494684322947414,1.53133181818182,0.78125,0.1684,0.00926578679670384,0,0,0,0
2010-10-31,"2010-10",NA,NA,NA,NA,NA,NA,0.0894816269261325,0.144755778703852,0.0552741517777191,1.69701176470588,0.884123529411765,0.0247999999999999,0.0143751822915374,0,0,0,0
2010-11-30,"2010-11",NA,NA,NA,NA,NA,NA,-0.0646242352937847,-0.0907829088928311,-0.0261586735990464,1.80450909090909,0.846540909090909,0.8752,0.0185898019263957,0,0,0,0
2010-12-31,"2010-12",NA,NA,NA,NA,NA,NA,-0.00554340495749717,-0.0276731458032913,-0.0221297408457941,0.910865217391304,0.96235652173913,0.3126,0.0116910441495202,0,0,0,0
2011-01-31,"2011-01",NA,NA,NA,NA,NA,NA,0.0116379685977552,-0.00541255668075813,-0.0170505252785134,0.918957142857143,1.73245714285714,0.2298,0.0143907488748716,0,0,0,0
2011-02-28,"2011-02",NA,NA,NA,NA,NA,NA,0.00893444105336272,0.049059772964438,0.0401253319110753,1.1710125,2.20714375,-0.6762,0.0121149669228186,0,0,0,0
2011-03-31,"2011-03",NA,NA,NA,NA,NA,NA,0.0616287762369474,0.0740132159444844,0.012384439707537,1.38591739130435,1.78902173913043,-0.0028999999999999,0.00875757986022791,0,0,0,0
2011-04-30,"2011-04",NA,NA,NA,NA,NA,NA,0.0396236595521087,-0.0623631205079018,-0.10198678006001,1.2912,1.72504,-0.0390000000000001,0.00911280265780268,0,0,0,0
2011-05-31,"2011-05",NA,NA,NA,NA,NA,NA,-0.0440033427696767,-0.0701369613481768,-0.0261336185785002,1.09708571428571,1.81122857142857,0.3273,0.0100008856216067,0,0,0,0
2011-06-30,"2011-06",NA,NA,NA,NA,NA,NA,-0.0559542365513801,0.0603699651246643,0.116324201676044,0.655133333333333,2.23265238095238,0.484,0.0106438862932418,0,0,0,0
2011-07-31,"2011-07",NA,NA,NA,NA,NA,NA,-0.0365087050358017,-0.0171708154716264,0.0193378895641754,0.689047619047619,2.84419523809524,-0.0907,0.0107104734091671,0,0,0,0
2011-08-31,"2011-08",NA,NA,NA,NA,NA,NA,-0.00519093615787547,-0.0146415499929482,-0.00945061383507273,0.692113043478261,2.27753913043478,0.318,0.0136827529975144,0,0,0,0
2011-09-30,"2011-09",NA,NA,NA,NA,NA,NA,-0.0624780768952711,-0.159070633523648,-0.0965925566283774,0.479095238095238,2.0910619047619,-0.2451,0.0126055986025246,0,0,0,0
2011-10-31,"2011-10",NA,NA,NA,NA,NA,NA,0.0767929426981961,0.0537365827210055,-0.0230563599771907,0.618427777777778,2.47867222222222,-0.2517,0.0140798808555752,0,0,0,0
2011-11-30,"2011-11",NA,NA,NA,NA,NA,NA,-0.0621160049019407,-0.0535905214351491,0.00852548346679161,0.951477272727273,2.98385,-0.415,0.0104868489682911,0,0,0,0
2011-12-31,"2011-12",NA,NA,NA,NA,NA,NA,0.0179333359615033,-0.10931742812027,-0.127250764081773,0.836386956521739,2.84245217391304,0.0345999999999997,0.0124156923121892,0,0,0,0
2012-01-31,"2012-01",NA,NA,NA,NA,NA,NA,0.0650021666981253,0.0446952823472904,-0.0203068843508349,0.595376470588235,2.67546470588235,0.168,0.0182782651338235,0,0,0,0
2012-02-29,"2012-02",NA,NA,NA,NA,NA,NA,0.0266745902149026,0.151884426294024,0.125209836079121,0.500671428571429,2.3247619047619,0.0562999999999998,0.00902153060821469,0,0,0,0
2012-03-31,"2012-03",NA,NA,NA,NA,NA,NA,-0.0591191367729023,-0.0809419806358962,-0.0218228438629939,0.677773913043478,2.17913913043478,-0.2084,0.0113213182174325,0,0,0,0
2012-04-30,"2012-04",NA,NA,NA,NA,NA,NA,0.0423658714385047,0.140107820087827,0.0977419486493227,0.774636842105263,2.04109473684211,0.00749999999999984,0.00898153888542506,0,0,0,0
2012-05-31,"2012-05",NA,NA,NA,NA,NA,NA,-0.0530091091064762,0.0271488356527883,0.0801579447592644,0.991531818181818,2.02848181818182,-0.5937,0.00912546903381454,0,0,0,0
2012-06-30,"2012-06",NA,NA,NA,NA,NA,NA,-0.0466343259497259,-0.0729411528279273,-0.0263068268782014,1.26156,1.99528,-0.0709,0.0092189778401616,0,0,0,0
2012-07-31,"2012-07",NA,NA,NA,NA,NA,NA,-0.0411824879140923,-0.075067270220849,-0.0338847823067567,1.21022727272727,1.79586818181818,0.1001,0.00909904667749807,0,0,0,0
2012-08-31,"2012-08",NA,NA,NA,NA,NA,NA,-0.00759500007223934,-0.0797381377087927,-0.0721431376365533,0.900617391304348,1.19990869565217,0.3277,0.00790192412002482,0,0,0,0
2012-09-30,"2012-09",NA,NA,NA,NA,NA,NA,-0.0303005988933336,0.015443279963594,0.0457438788569275,0.842938095238095,1.03220952380952,0.1932,0.0135139709847564,0,0,0,0
2012-10-31,"2012-10",NA,NA,NA,NA,NA,NA,0.0187503624559939,0.0447648615535297,0.0260144990975357,0.718633333333333,0.896761111111111,0.0720000000000001,0.00871909320424765,0,0,0,0
2012-11-30,"2012-11",NA,NA,NA,NA,NA,NA,0.0128750253432584,-0.0467135961635741,-0.0595886215068324,0.686613636363636,0.910077272727273,0.0695999999999999,0.0084794792264123,0,0,0,0
2012-12-31,"2012-12",NA,NA,NA,NA,NA,NA,0.207359190589827,0.205769751265924,-0.00158943932390265,0.732980952380952,1.02144285714286,-0.0796000000000001,0.0131389548919892,0,0,0,0
2013-01-31,"2013-01",NA,NA,NA,NA,NA,NA,0.141816910327981,0.0824769957219074,-0.059339914606074,0.915727272727273,1.21734090909091,-0.0688999999999997,0.0116306504568009,0,0,0,0
2013-02-28,"2013-02",NA,NA,NA,NA,NA,NA,-0.025210414066807,-0.0773587177119799,-0.0521483036451729,0.942705882352941,1.24247647058824,-0.0258000000000003,0.0112805261916766,0,0,0,0
2013-03-31,"2013-03",NA,NA,NA,NA,NA,NA,-0.080201350918383,-0.0609215484244068,0.0192798024939762,0.876833333333333,1.18111904761905,-0.0215999999999998,0.0155156317453771,0,0,0,0
2013-04-30,"2013-04",NA,NA,NA,NA,NA,NA,-0.0068400920591003,0.0077754237708163,0.0146155158299166,0.853633333333333,1.27515238095238,-0.0350999999999999,0.0100596095947612,0,0,0,0
2013-05-31,"2013-05",NA,NA,NA,NA,NA,NA,0.0520410398106828,0.12657009817971,0.074529058369027,0.718604545454545,1.17620454545455,0.1464,0.00781106210352964,0,0,0,0
2013-06-30,"2013-06",NA,NA,NA,NA,NA,NA,-0.169868651705683,-0.232657727212611,-0.0627890755069274,-0.138094736842105,1.42316842105263,1.292,0.0148510445506087,0,0,0,0
2013-07-31,"2013-07",NA,NA,NA,NA,NA,NA,-0.0529722699134663,0.0417070322600761,0.0946793021735424,0.0531304347826087,1.19455217391304,-0.6285,0.0137061939935433,0,0,0,0
2013-08-31,"2013-08",0.0404757029298891,NA,NA,NA,NA,NA,0.0659058698213411,0.0827505773282127,0.0168447075068716,0.415395454545455,1.15846818181818,0.166,0.00864781276953309,0,0,0,0
2013-09-30,"2013-09",0.114308772161371,NA,NA,0.154046778325788,NA,NA,0.0539100192018989,-0.00947981581243251,-0.0633898350143314,0.378066666666667,0.99162380952381,-0.0728,0.0119950479565136,0,0,0,0
2013-10-31,"2013-10",0.104770001182343,NA,NA,0.257460644238339,NA,NA,0.00261012718232667,-0.0208912159581303,-0.0235013431404569,0.524668421052632,1.08935263157895,0.2918,0.0106617451188191,0,0,0,0
2013-11-30,"2013-11",0.0675023984104555,NA,NA,-0.0368139731227171,NA,NA,-0.0189360030775632,0.00693297778070701,0.0258689808582702,0.281561904761905,0.523014285714286,0.4531,0.0100615466582268,0,0,0,0
2013-12-31,"2013-12",0.0550626543835264,NA,NA,-0.192371892647456,NA,NA,-0.0586786938853692,-0.0665393565327159,-0.00786066264734675,-0.0522454545454543,0.697331818181818,0.3326,0.00885285250908749,0,0,0,0
2014-01-31,"2014-01",0.0427438242135966,NA,NA,0.0811609633114543,NA,NA,-0.0493354126023799,-0.0200290683361457,0.0293063442662342,0.544831818181818,1.56925909090909,-0.9694,0.00898040194176946,0,0,0,0
2014-02-28,"2014-02",0.0427605772675785,NA,NA,0.144282970396196,NA,NA,-0.00340028220918942,-0.0580357616640654,-0.054635479454876,1.20236470588235,2.30357058823529,-0.5201,0.0111045859411338,0,0,0,0
2014-03-31,"2014-03",0.0414921726477945,0.0467411233505418,NA,-0.00837942846982198,NA,NA,0.0187200938656593,0.115108788391484,0.0963886945258245,1.43757619047619,2.43553333333333,-0.2046,0.0109123326003103,0,0,0,0
2014-04-30,"2014-04",0.0517155084553554,0.0451069057144978,0.048578380251884,-0.0605788911547807,0.166643744074725,NA,0.016503716757498,-0.0240187355026045,-0.0405224522601024,1.3583380952381,2.47130952380952,0.1807,0.0091988963240768,0,0,0,0
2014-05-31,"2014-05",0.0514307879050837,0.0520558333824702,0.121165463049801,-0.0287855847961751,-0.147167967574068,-0.018159805687719,-0.00671021168838948,0.0129017426458997,0.0196119543342892,1.1374,2.17942380952381,-0.1789,0.00718340628933882,1,0,0,1
2014-06-30,"2014-06",0.0387283072835531,0.0448522957261692,0.0300630133888985,-0.127700029286872,0.0199051802231942,0.0161127220659942,0.000867425312058856,-0.0153153459870019,-0.0161827712990608,1.02804,1.766645,0.2365,0.00664752694704785,0,0,0,0
2014-07-31,"2014-07",0.039913195306214,0.0745672694388725,0.0258505250688419,-0.0691552223274732,-0.070355761023281,-0.019868203216725,0.0754511351511216,0.110410248835966,0.0349591136848444,0.889108695652174,1.42763043478261,0.4277,0.00711721871252644,0,0,0,0
2014-08-31,"2014-08",0.0924105533755478,0.066131576396619,0.0437504792795139,-0.0362052933303527,-0.287166475637059,0.00125339477449282,-0.0483631674480636,0.00794753188898767,0.0563106993370512,0.717033333333333,1.15572857142857,-0.0715000000000003,0.00778276789422232,0,0,0,0
2014-09-30,"2014-09",0.151624060905692,0.0638922942544513,0.00802579915262462,-0.0953101798043248,-0.120363682249875,0.0429075010112765,0.0131263232299803,0.0775330854714031,0.0644067622414228,0.575427272727273,1.03558181818182,0.1495,0.00851815682759617,1,0,0,1
2014-10-31,"2014-10",0.183186181655239,0.0575651241256069,0.0131823750550553,-0.587786664902119,-0.397743062014254,0.00876150566857303,0.046229446144304,0.018960813693333,-0.027268632450971,0.302957894736842,0.961236842105263,-0.2793,0.00847657350528199,0,0,0,0
2014-11-30,"2014-11",0.126098376518909,0.0414384216627722,0.00834872415279855,0.370413470049246,-0.213574100298059,-0.0289642129860921,0.141413617861685,0.112095506498404,-0.0293181113632812,0.383755,1.064155,-0.2737,0.00876740205665433,0,0,0,0
2014-12-31,"2014-12",0.0883029164662019,0.0692659121166785,0.0172766348502371,-0.1553020904323,0.427754525619684,-0.0123204843880407,0.285164652830378,0.125161247880929,-0.16000340494945,0.3512,1.32386956521739,0.224,0.022172587616959,0,0,0,0
2015-01-31,"2015-01",0.0671510839268556,0.051309756663168,0.0121339304431254,0.121360857004267,-0.443109913702879,0.0119122378014356,-0.108716885169647,0.054042195087991,0.162759080257638,0.279909523809524,1.68324761904762,-0.1475,0.0266003243175493,0,0,0,0
2015-02-28,"2015-02",0.0835109481284274,0.0235806649061125,0.0343274228425797,-0.00812818245054236,0.00962471337420956,-0.133006534761475,-0.00956494944172448,0.0308304147994427,0.0403953642411672,0.268664705882353,1.78035294117647,-0.0855999999999999,0.0148799934899763,0,0,0,0
2015-03-31,"2015-03",0.0487392820047835,0.0503236161864369,0.0337406509437362,0.00335490369788438,0.299110768275404,0.208484390106439,0.0938929736843743,0.194895146047354,0.10100217236298,0.3427,1.74392727272727,0.1682,0.0118913928797322,0,0,0,0
2015-04-30,"2015-04",0.106568968500839,0.0923495882866234,0.0177376806037874,0.0737661502396092,-0.0871405175593192,-0.0202722566763409,0.121545426799235,0.113567965903711,-0.00797746089552476,0.567995238095238,1.61250952380952,-0.5629,0.0147748732287536,0,0,0,0
2015-05-31,"2015-05",0.0904451895120105,0.0832375609537461,0.0325301894907759,0.0263173083173736,-0.443771864773409,-0.0147920174683196,-0.0554947012253741,0.0994133584642114,0.154908059689586,1.223055,1.132285,-0.7006,0.0261429107349095,0,0,0,0
2015-06-30,"2015-06",0.103760815008975,0.0704548115036662,0.0226681294157532,-0.174301852706878,-0.0344014267173325,0.0109205453466612,0.0351514101425856,-0.0811490047009791,-0.116300414843565,1.74743333333333,1.16372857142857,-0.0841000000000001,0.031239423312292,0,0,0,0
2015-07-31,"2015-07",0.221801401867316,0.0430159473061106,0.0443770966476958,-0.152220053061167,-0.0512932943875506,-0.05092587996036,-0.12708043094459,-0.123548531812718,0.0035318991318718,1.33671304347826,1.01212173913043,0.2923,0.0388869596662883,1,0,1,0
2015-08-31,"2015-08",0.0640982349658415,0.0510375500211708,0.0412885765282462,-0.0564703464880609,0.243977638217052,0,-0.064927436920124,-0.109822667648253,-0.0448952307281285,1.25122380952381,0.889514285714286,0.0488,0.0392873596802456,0,0,0,0
2015-09-30,"2015-09",0.053510237038352,0.0708268250775403,0.0290200803492605,0.367724780125318,-0.161912685162747,0.0956811684934249,-0.00605564161913641,-0.0942516330869623,-0.0881959914678259,1.0934,0.90122380952381,-0.0468999999999999,0.0213657643209269,1,0,1,0
2015-10-31,"2015-10",0.0332135601069158,0.0203495887584688,0.0384956562653034,0,-0.0959770687920285,-0.156688516601449,0.0358242920702931,0.155132521269204,0.119308229198911,0.760916666666667,0.814538888888889,0.1425,0.0159258876198809,0,0,0,0
2015-11-30,"2015-11",0.0739320650716824,0.0385042737374183,0.0248612868874908,0.0324352757531536,0.000666888987703729,0.00259965484363178,0.0290438011265,0.0410915845217179,0.0120477833952179,0.641752380952381,0.567304761904762,0.2137,0.0185699521442911,1,0,0,1
2015-12-31,"2015-12",0.0493035985386797,0.0424463765125114,0.0201233818098164,-0.148845627597565,0.22846271279181,0.0543177080128667,0.042643173092781,0.15692690636258,0.114283733269799,0.53944347826087,0.659869565217391,-0.3194,0.012604537026005,0,0,0,0
2016-01-31,"2016-01",0.0785183748055472,0.207654530650606,0.0355442534777074,0.0598981415810691,-0.22779626824865,-0.0944908434209224,-0.152852603810962,-0.336975764162753,-0.184123160351791,0.533275,0.758045,-0.0231000000000003,0.0324331036703544,0,0,0,0
2016-02-29,"2016-02",0.100140550618645,0.0797816401144962,0.0347837850131164,0.0342890734786323,0.0613689463762923,0.0547782060140545,-0.0104266265381066,0.0586264574248343,0.0690530839629409,0.664744444444444,0.814705555555555,-0.1264,0.0235030997402576,0,0,0,0
2016-03-31,"2016-03",0.0630911890871232,0.0613780360902467,0.0115003839078691,-0.106609735058258,-0.114733179919902,-0.0854231835160166,0.0716832807486032,0.065800382931684,-0.0058828978169192,0.85144347826087,0.806491304347826,-0.0825,0.0162542988832675,0,0,0,0
2016-04-30,"2016-04",0.1103554869487,0.0712948962143398,0.0340438236335023,0.0387398283159306,-0.179654701399071,-0.157096646761332,0.014009102896722,-0.0154425793462902,-0.0294516822430122,0.79238,0.74484,0.1753,0.00985508505737889,0,0,0,0
2016-05-31,"2016-05",0.132937592551623,0.0647306694120456,0.042333019123142,-0.172271220940453,0.203953015877822,-0.182538971731217,0.0129044289034397,-0.0569253578421964,-0.0698297867456361,0.731652380952381,0.72057619047619,-0.00439999999999996,0.0106932231543656,0,0,0,0
2016-06-30,"2016-06",0.0984387335081294,0.0569526364833919,0.0215491728969925,0.253534185019219,-0.509454821632212,0.0855970265389869,-0.0245251425031796,0.0341042292393041,0.0586293717424837,0.751019047619048,0.758542857142857,0.00819999999999999,0.0125705357679387,0,0,0,0
2016-07-31,"2016-07",0.146839192297283,0.0691049411468853,0.0612792790339675,-0.199587271737539,-0.067282007083322,-0.162166754815495,0.00987466973530893,-0.0229589911325512,-0.0328336608678601,0.636757142857143,0.718895238095238,-0.0514999999999999,0.00849328691589816,0,0,0,0
2016-08-31,"2016-08",0.130199020154739,0.0570560007023655,0.0521333982744585,-0.314940688726987,0.615746482349248,0.083719579989415,0.0444378464914728,0.079319537678332,0.0348816911868592,0.668973913043478,0.758230434782609,-0.1409,0.00752885338656747,0,0,0,0
2016-09-30,"2016-09",0.198040617206197,0.0631657988618688,0.012830891642386,0.0628912080888662,-0.385546082185357,0.0778481930771138,-0.0240036930725935,0.013519923701919,0.0375236167745125,0.697623809523809,0.740728571428571,0.0428000000000002,0.0071637256497234,0,0,0,0
2016-10-31,"2016-10",0.194769280469427,0.0710759118605521,0.0243905865746306,0.0828520364867393,0.0211140281170152,-0.00239952124729115,0.00932033702729029,-5.80057425842995e-05,-0.00937834276987459,0.688022222222222,0.806783333333333,-0.0253000000000001,0.00635423749673443,0,0,0,0
2016-11-30,"2016-11",0.131139007975264,0.06426035832906,0.02169533123135,-0.246334406566587,0.260975324589974,0.0712725533189156,0.0418795020834022,0.0443936664906861,0.00251416440728391,0.746736363636364,0.839740909090909,0.2747,0.00533543517751811,1,0,0,1
2016-12-31,"2016-12",0.142773891256307,0.0608436625912218,0.0299569964216746,-0.00493422053722092,0.0429557807528869,0.104017332111359,-0.0429052866653521,-0.0713367973410257,-0.0284315106756736,0.481891304347826,0.506709090909091,0.3498,0.00785567208780843,0,0,0,0
2017-01-31,"2017-01",0.219962789148233,0.0428186611152862,0.0239217657437149,0.338119683451811,0.219352210677815,-0.0458961703282914,0.042470196973392,-0.0150245829904687,-0.0574947799638608,0.65341052631579,1.07324736842105,-0.1653,0.00489116135190396,0,0,0,0
2017-02-28,"2017-02",0.117717696597959,0.0486817578388016,0.0446092997156371,0.0116892038156777,-0.194437427134527,-0.0830375130476018,0.0132946426424176,0.0237565833153113,0.0104619406728936,0.766178947368421,1.5715,0.1144,0.0052905301154438,0,0,0,0
2017-03-31,"2017-03",0.135673577759554,0.0312854903845619,0.0232697865963725,0.0989483689429922,0.0493433425184713,-0.0493637231183359,-0.0191779621541812,-0.0167555382415667,0.00242242391261449,0.580808695652174,1.60034782608696,0.285,0.0051613525064001,0,0,0,0
2017-04-30,"2017-04",0.162246111585858,0.03545939229881,0.0234003272197138,0.0475362455098383,-0.0541395147819643,-0.0188512727485439,-0.0394116633156294,-0.00886974983298927,0.0305419134826401,0.493036842105263,1.39735789473684,0.0577000000000001,0.00682241934511826,0,0,0,0
2017-05-31,"2017-05",0.12777519932402,0.0591114147013305,0.0106228621975757,-0.543991928992876,-0.0406503059628758,0.0254559199933486,0.0537896068188157,-0.0321847040317724,-0.0859743108505882,0.488857142857143,1.3077,0.2662,0.00569052285270972,0,0,0,0
2017-06-30,"2017-06",0.17818646632371,0.0476253943974452,0.0148699993071208,-0.117296772578482,-0.0842839254644354,-0.207409220476753,0.0157144142992429,0.0449143649401744,0.0291999506409315,0.170822727272727,1.27006363636364,-0.0657000000000001,0.00507375746235971,1,0,0,1
2017-07-31,"2017-07",0.229859832615125,0.0543981020683252,0.0170837493227683,0.320793326508896,-0.0759654279740198,-0.0428798296061359,0.0522048368177224,-0.0060580468637621,-0.0582628836814845,0.476190476190476,1.19835238095238,-0.1912,0.00533365425243817,0,0,0,0
2017-08-31,"2017-08",0.126409767077893,0.0451137070479062,0.0321409987488785,-0.0286244945748377,0.0728477325414341,-0.0194030146077702,0.0118315012864105,0.00636545446080206,-0.00546604682560847,0.738539130434783,1.43796956521739,0.0547,0.00672680118386528,0,0,0,0
2017-09-30,"2017-09",0.206824568152295,0.0417635048382589,0.0153445660118678,-0.0339641357730827,0.0524635695357407,0.0790776895045568,-0.0249175717829253,0.00589873925309625,0.0308163110360216,0.582118181818182,1.33915,0.1578,0.00272964851549567,0,0,0,0
2017-10-31,"2017-10",0.125447748098051,0.0496197982647007,0.0447930115457048,0.0852574301606333,-0.00445435034938013,0.0108031299130258,0.0088992720086587,0.00203221706489209,-0.0068670549437666,0.449170588235294,1.08412352941176,0.3221,0.00349108404552875,0,0,0,0
2017-11-30,"2017-11",0.300377168378553,0.0371874609580305,0.0193704608261654,-0.142040398154234,0.0571170770067573,0.0638219320707196,0.0252431417024983,0.0325288237284695,0.00728568202597124,0.26815,0.911068181818182,0.4166,0.00674352234937226,0,0,0,0
2017-12-31,"2017-12",0.0970468990744751,0.053606489805416,0.00962196481422313,0.142040398154234,-0.0973502072432098,0.0523679855173156,-0.0152521224510451,-0.0409508520375752,-0.0256987295865301,-0.0626652173913043,0.869880952380952,-0.0703,0.00634414663572319,0,0,0,0
2018-01-31,"2018-01",0.0973402938275497,0.0549503136541488,0.0344874206987577,-0.0426195862320617,-0.0164002113940054,-0.0350457669129587,0.119909107891957,0.132670919538382,0.0127618116464259,0.549395454545454,1.31571818181818,-0.5028,0.00581861811421941,0,0,0,0
2018-02-28,"2018-02",0.157952045071758,0.0465898972429103,0.0440664655330918,0.412993374528956,0.0529061662385355,-0.00995693589479663,-0.0787567255813819,-0.117381871189838,-0.0386251456084565,0.6337,1.47008823529412,-0.1242,0.0175639525672887,0,0,0,0
2018-03-31,"2018-03",0.0831385606322599,0.057393861248809,0.0275857486857107,0.0465200156348926,0.0789505966295097,-0.00669346541858884,-0.0622413661648498,-0.00435703909995233,0.0578843270648974,0.682968181818182,1.56932727272727,-0.2411,0.0101002664379579,0,0,0,0
2018-04-30,"2018-04",0.119399618889424,0.0509885266529564,0.0275108141325924,-0.398444356815027,-0.0430098012539326,0.042083790464678,-0.0143664685392082,-0.0659934608647017,-0.0516269923254935,0.925915,1.42288,-0.2922,0.010447683941926,0,0,0,0
2018-05-31,"2018-05",0.287218440837817,0.0319308311871154,0.0167046289592566,0.378473533556518,0.0941305479747623,0.0904397068956206,-0.0307802812082016,-0.0701060941943048,-0.0393258129861032,0.894222727272727,1.34858636363636,0.2209,0.00872307033792272,0,0,0,0
2018-06-30,"2018-06",0.248968753304248,0.025671463843692,0.00821418317470233,-0.406625066479728,-0.0855221734381622,0,-0.0775711510922168,-0.0965452444171966,-0.0189740933249798,0.593175,1.299275,0.1222,0.0115837391007574,0,0,0,0
2018-07-31,"2018-07",0.207579625525158,0.0526534431550886,0.0251871713323079,0.183365579857291,-0.0231224174208542,0.367905759222726,0.0408956641043439,-0.00779467890462016,-0.048690343008964,1.02347272727273,1.11235,-0.709,0.0131854891259157,0,0,0,0
2018-08-31,"2018-08",0.255097193917229,0.0575889281899968,0.0254821054788977,-0.0282205676422516,-0.0509855547328675,0.123197234047256,-0.00984997650608399,-0.0458547282542305,-0.0360047517481465,1.46925217391304,0.785595652173913,-0.1827,0.0129210957321047,0,0,0,0
2018-09-30,"2018-09",0.168378032983255,0.0706026011677628,0.02933238547691,-0.116888981059502,0.115387005073158,0.0150056406178702,0.0547201353712392,0.00338913928569973,-0.0513309960855395,1.50700952380952,0.706838095238095,0.103,0.0107530029529582,0,0,0,0
2018-10-31,"2018-10",0.369501714186975,0.148213135980902,0.0382854465783962,-0.0196283797435819,0.162244731525122,0.0920812457751534,-0.0080128142302538,-0.0602936841807704,-0.0522808699505166,1.45311666666667,0.755472222222222,0.0977000000000001,0.0226595276668826,0,0,0,0
2018-11-30,"2018-11",0.249817491077956,0.038669618052284,0.0372040117889707,-0.922633429061405,-0.022393393020756,-0.0443047664365679,-0.0353947136762418,0.0556888219410148,0.0910835356172566,1.13639545454545,0.741604545454545,0.0472999999999999,0.012241923070199,0,0,0,0
2018-12-31,"2018-12",0.580855065134813,0.0273639413816244,0.0368681132719672,0.631070516217819,0.117385658341398,0.0558804583944568,-0.057138037619854,-0.057203397861425,-6.53602415709997e-05,0.720073913043478,0.625814285714286,0.2468,0.00996596146133803,0,0,0,0
2019-01-31,"2019-01",0.360729886882733,0.0497246503153339,0.0444648406465199,-0.651922705289302,-0.0257663207642289,-0.0927240127525297,0.0792229590906324,0.0473690732222156,-0.0318538858684168,0.803918181818182,0.68185,-0.4102,0.00813696626973275,0,0,0,0
2019-02-28,"2019-02",0.606516301467956,0.0350843339519951,0.0475774513805193,0.176598450703962,0.0616796259904415,0.0132406115535635,0.0738797221729293,0.131226360534855,0.0573466383619259,0.991711764705882,0.6853,-0.0705,0.0164430505200742,0,0,0,0
2019-03-31,"2019-03",0.423771688557798,0.0256591340237884,0.0282381756326533,0.834603307175262,0.104286319283529,-0.0135914272035391,0.00257778643466011,0.0592185702861947,0.0566407838515346,1.06044285714286,0.716214285714286,0.00810000000000022,0.015885762392323,0,0,0,0
2019-04-30,"2019-04",1.10624320861378,0.0100170990964161,0.0414081999631001,-0.268804633418032,0.0077999936635802,0.0674946737255584,0.0362131445612182,0.000417907335132028,-0.0357952372260861,1.17170909090909,0.647386363636364,0.1118,0.0139442907287628,0,0,0,0
2019-05-31,"2019-05",0.731721722375849,0.0240224695498421,0.0392320493673498,-0.166978108367734,0.0555574986895673,0.525929094256395,-0.0579295910719502,-0.0713489642772167,-0.0134193732052665,0.988795238095238,0.588995238095238,0.1451,0.0182771249714046,0,0,0,0
2019-06-30,"2019-06",0.372299679560823,0.018655170007522,0.0720132827747759,-1.38087696299012,0.0218097162945496,-0.293189229459053,0.0342510694417886,0.0170059336669137,-0.0172451357748749,0.881847368421053,0.532552631578947,-0.2126,0.010145489328943,0,0,0,0
2019-07-31,"2019-07",0.709007195132324,0.01609058774462,0.0203291642329033,1.07274019884251,-0.0270112884906228,0.055106182402695,-0.00270921338539765,0.00260038314196009,0.00530959652735774,1.02930434782609,0.484613043478261,0.123,0.00910832010047679,0,0,0,0
2019-08-31,"2019-08",0.522600942766674,0.0215669362202116,0.0291380525926476,0.0310974446282599,0.095665693228701,-0.162258554266667,-0.0583051714870635,-0.0849217834740283,-0.0266166119869649,0.658127272727273,0.27345,0.138,0.00979387287424871,0,0,0,0
2019-09-30,"2019-09",0.237340891664242,0.026901451481232,0.0133971137419805,-0.420562211389984,-0.0329214797252941,-0.0583672641323054,0.0307146409782497,0.00793969824478502,-0.0227749427334647,0.729790476190476,0.354933333333333,-0.1634,0.00772811137092587,1,0,0,1
2019-10-31,"2019-10",0.427807349343029,0.0243904804331343,0.0174099917023734,-0.605805170404797,0.0636452651603561,-0.0814236054763993,0.0425395275360199,0.0226097875705769,-0.019929739965443,0.848152631578947,0.421984210526316,0.1973,0.00703294803996266,0,0,0,0
2019-11-30,"2019-11",0.34933553222583,0.0122239872228387,0.0350156995598085,0.191371392313872,0.0316649146439687,-0.194774017360487,-0.013385198367672,-0.0165125531107204,-0.00312735474304837,0.729938095238095,0.500828571428571,-0.0484,0.00668431930522132,0,0,0,0
2019-12-31,"2019-12",0.227467973769672,0.0132910150920292,0.0290019969204663,-0.219022923644383,0.0339262885373168,0.0747429477862207,0.0393969115369934,0.0906089824688063,0.0512120709318129,0.829754545454546,0.686954545454545,-0.4261,0.00690920764979578,0,0,0,0
2020-01-31,"2020-01",0.277887412466065,0.0267529822777372,0.0416470037527358,0.431903783013465,-0.0265325395123788,0.025186516545241,-0.0455107002151465,-0.0248884095226138,0.0206222906925326,1.05038823529412,0.841376470588235,0.0276000000000001,0.0072774107865138,1,1,0,1
2020-02-29,"2020-02",NA,0.0252940791034575,NA,NA,0.107126910464649,NA,-0.0614087833359989,-0.0373381537966289,0.02407062953937,1.10488,0.875525,-0.2485,0.0217698419224867,0,0,0,0
2020-03-31,"2020-03",0.674866972693733,0.0109536973969442,0.0466370487946801,NA,-0.0214054995619399,NA,-0.0531932299273841,-0.0743723040247879,-0.0211790740974038,1.04964090909091,0.550895454545455,-0.3803,0.0200571782548065,0,0,0,0
2020-04-30,"2020-04",0.177528367971973,0.0100986707149906,0.0383307447159449,0.380762656823191,-0.0584717684553335,-0.00115629228531633,0.0409269126884801,0.0263898769653306,-0.0145370357231496,1.54437272727273,0.514818181818182,-0.5139,0.00865829580376531,0,0,0,0
2020-05-31,"2020-05",0.215900548680459,0.0166039426576271,0.013509216422594,0.284550914901417,0.0268757335727057,-0.0345267720196993,-0.0223156667309095,-0.0131834829705948,0.00913218376031466,1.59951052631579,0.323268421052632,0.5704,0.00767279213486045,0,0,0,0
2020-06-30,"2020-06",NA,0.0160625748514811,NA,NA,-0.0478833876974365,NA,-0.0089732874072741,0.017498799875856,0.0264720872831301,1.02959047619048,0.0858285714285714,0.2758,0.00727027376428085,0,0,0,0
2020-07-31,"2020-07",0.193541929889921,0.0138542623573551,0.0169288719545902,NA,0.0370079954711722,NA,0.0101935769028643,0.0856600546586428,0.0754664777557785,1.00965652173913,0.388730434782609,0.2414,0.0216699467082602,0,0,0,0
2020-08-31,"2020-08",0.211358110568741,0.00653538681373548,0.0105423766307133,-0.37807391151203,-0.0304410255012355,0.0422598092898827,0.0465980306376288,0.0265721619831805,-0.0200258686544483,0.854042857142857,0.473338095238095,0.2536,0.0103508795896644,0,0,0,0
2020-09-30,"2020-09",0.204133415230707,0.0156487502234263,0.00929619058986004,0.235083742432922,0.00109031448199026,0,-0.0400849334426834,-0.0478100195283737,-0.00772508608569034,0.816773913043478,0.380860869565217,0.0878000000000001,0.00949594320650727,1,0,1,0
2020-10-31,"2020-10",0.284073366442375,0.0178083828828767,0.0222692052734321,-1.59036466077264,-0.00218181904733372,0.0221662954572603,0.0427801014267537,-0.0368252152370463,-0.0796053166638,0.626152941176471,0.268,0.3407,0.00921825479421891,1,0,1,0
2020-11-30,"2020-11",1.07615018686494,0.00884111583841589,0.011187638571484,-0.166166116571669,0,-0.07563982326658,0.087401368703965,0.053167880121201,-0.034233488582764,0.487271428571429,0.260166666666667,0.1979,0.00882559630081539,1,0,0,1
2020-12-31,"2020-12",0.961644180318349,0.00800740250072392,0.01660152333162,0.405465108108165,0.0336466957589141,0.0180250013502077,-0.0294495983866501,-0.0948186195473486,-0.0653690211606985,0.620482608695652,0.303326086956522,-0.5775,0.00828297410412689,0,0,0,0
2021-01-31,"2021-01",1.09013726008705,0.0203546629701956,0.0346789415719642,0.139761942375158,0.0984730712128332,0.0330318154606815,0.0630418757896294,-0.0424760622302056,-0.105517938019835,1.075,0.55813,0.3107,0.0104233546361296,0,0,0,0
2021-02-28,"2021-02",0.683593458650261,0.0132344229688479,0.0608925260875342,0.978317740599065,0.0202090868824971,0.0363182626741119,0.0245747867629511,0.100902816131205,0.0763280293682538,1.01938823529412,0.586682352941176,-0.6052,0.0106119324622495,1,0,1,0
2021-03-31,"2021-03",0.618684302717398,0.0121400213760975,0.0718320829003903,-0.359793200243317,0.125843271285509,-0.0377018671840115,0.0123436465946423,-0.0501579906243474,-0.0625016372189897,1.1851,0.665852173913044,0.0366000000000002,0.0136791028201182,1,0,1,0
2021-04-30,"2021-04",0.222052815068325,0.0121145689475895,0.0406219327352997,-0.474457979595116,0.0531383387651707,0.0377018671840115,-0.0248691671545274,-0.0151494635302196,0.00971970362430774,1.186,0.606040909090909,-0.0994000000000002,0.00639999004749264,0,0,0,0
2021-05-31,"2021-05",0.0850934502745966,0.0165291059001966,0.0393689761689528,0.919759611822062,0.0303755657223279,0.0965215669906216,0.0480089839379723,0.0104377231796828,-0.0375712607582894,1.23999473684211,0.637247368421053,-0.0387,0.00855253569367565,0,0,0,0
2021-06-30,"2021-06",0.107450770340159,0.0185470490397013,0.0261962848973594,-0.911109870242579,0.0465661145170033,-0.0563397773577901,-0.0617943947863999,-0.0854324314969794,-0.0236380367105795,1.1932,0.547942857142857,-0.00330000000000008,0.00590514077165747,0,0,0,0
2021-07-31,"2021-07",0.864029241892444,0.0191999211055712,0.0335176527238015,-0.333033180881692,-0.0279772848646496,0.251492304088487,-0.137632597211576,-0.126915328393059,0.0107172688185173,1.14765909090909,0.604209090909091,-0.1217,0.0105675962153223,0,0,0,0
2021-08-31,"2021-08",0.355491367250899,0.0213429856199295,0.0211220081148247,1.37589332791461,-0.00724369346947329,0.00248694482817147,0.0273835872728867,0.027937325670699,0.000553738397812253,0.923913636363636,0.432018181818182,0.3089,0.00950623178398304,0,0,0,0
2021-09-30,"2021-09",1.0608266334835,0.0209320336848833,0.0149073275717516,-0.0360554076179276,0.0912224361842293,0.00594355390084811,0.00942908436459078,0.0613374219730449,0.0519083376084541,0.820072727272727,0.330340909090909,-0.1141,0.00880051489141789,0,0,0,0
2021-10-31,"2021-10",0.570901246784376,0.0109242739453817,0.030192015478445,-1.25538879057304,-0.00781074497015366,0.0239094092488332,0.0329738067545513,-0.0712435041955892,-0.104217310950141,0.957964705882353,0.416676470588235,0.2954,0.00685354854688812,0,0,0,0
2021-11-30,"2021-11",0.194482379487681,0.0103456675319457,0.0396320483175608,0.0641550120245293,0.0459747479159116,-0.214860687802648,-0.0431929130137156,0.0134820935837361,0.0566750065974517,0.625140909090909,0.190986363636364,0.0306000000000002,0.00607169505231239,1,0,0,1
2021-12-31,"2021-12",0.143455350648069,0.0320098590233773,0.0387557647350969,0.3227337105107,0.158922160502241,0.100567217085546,0.00280204076379142,0.0457586592069017,0.0429566184431103,0.534147826086957,0.196073913043478,-0.2816,0.00679485312604886,0,0,0,0
2022-01-31,"2022-01",0.299446692627627,0.0223697260046866,0.0176683618793789,0.564840212072229,0.378420991824058,0.235178942667755,0.0229973143710627,0.00311266025322254,-0.0198846541178401,0.820619047619048,0.549219047619048,-0.225,0.00927142153374588,1,0,1,0
2022-02-28,"2022-02",0.234079000247025,0.0537602002309742,0.0578493592732206,-0.837086476394171,-0.0848375393115877,0.0950965274159468,0.0100204691959362,-0.000475002263687685,-0.0104954714596239,1.022725,0.65493125,0.1244,0.00945518529285561,0,0,0,0
2022-03-31,"2022-03",0.385963179895631,0.0215599845261582,0.0153481852842721,-0.449643385103658,0.116006919274541,-0.0936022374591685,-0.0165245933219875,0.0718357084253185,0.088360301747306,0.864517391304348,0.423613043478261,0.0112000000000001,0.0174737397126459,0,0,0,0
2022-04-30,"2022-04",0.109366397289596,0.0128943712254912,0.0034800004252907,0.289823859520256,-0.00162307295759945,-0.00491821797540481,-0.037064106884575,-0.108359843206046,-0.0712957363214706,0.931009523809524,0.449461904761905,-0.0636000000000001,0.0172824027001458,0,0,0,0
2022-05-31,"2022-05",0.0693758622530446,0.00857810144575379,0.0189945629642485,0.945886922651133,-0.0241554583704771,0.0104489702146324,-0.0350053334756026,-0.0251047845768184,0.00990054889878422,1.08608,0.39808,-0.248,0.0113164558247998,0,0,0,0
2022-06-30,"2022-06",0.0737188465482013,0.0123698945297793,0.00790189137144626,0.622942921886697,0.0114548789747664,0.0284419004354524,0.0311025443810848,0.0385962524224883,0.00749370804140348,1.2017619047619,0.419380952380952,0.00100000000000011,0.00894658867876886,0,0,0,0
2022-07-31,"2022-07",0.0503156750551453,0.0106594423562673,0.00580623595013109,0.04189094170916,0.00378931866835064,-0.0103627870355463,-0.0976947130635697,-0.0341414898595875,0.0635532232039822,1.21628571428571,0.362880952380952,-0.1018,0.0083296090959787,0,0,0,0
2022-08-31,"2022-08",0.0471995424957102,0.0190754284013545,0.0205626228996352,0.188923646582304,-0.000126079556366676,-0.00501254182354449,-0.0106403167981899,-0.0299566895271184,-0.0193163727289285,1.22046956521739,0.196230434782609,-0.0284,0.00889396686637813,0,0,0,0
2022-09-30,"2022-09",0.0316867544556423,0.0259147955502573,0.00807175088907499,0.079536399222885,-0.0129443431754055,0.0229752421977167,-0.0177004443218358,-0.0285397089613424,-0.0108392646395066,1.17006666666667,0.11782380952381,0.1322,0.00896271846700005,0,0,0,0
2022-10-31,"2022-10",0.0295889465626629,0.00971561644768675,0.0061068719324246,0.128421318611584,-0.0177839738508601,0.0266520923847788,-0.102811991691984,-0.104938254619983,-0.002126262927999,1.12831666666667,0.114033333333333,0.0223,0.0114763747137005,0,0,0,0
2022-11-30,"2022-11",0.070356630844155,0.0207986238193389,0.00829478549871651,-0.0712737959416194,0.014457461059707,-0.0270614251780503,0.132119700566515,0.227734147174613,0.0956144466080975,0.8576,0.0936545454545455,0.4562,0.0108363489531976,0,0,0,0
2022-12-31,"2022-12",0.0327812791650775,0.0129438501056326,0.0226453182670221,-0.00948756070283885,-0.031108124338413,-0.00966787330691066,0.0106574980244716,-0.116013331580715,-0.126670829605187,0.761608695652174,0.212013636363636,-0.0292000000000003,0.00724719263508724,0,0,0,0
2023-01-31,"2023-01",0.0364752131447062,0.00834670543222713,0.0266859716183178,0.0278333329854061,-0.0194906717288115,0.0484160710946511,0.0327395686718042,0.0253366683290945,-0.00740290034270963,1.02751111111111,0.506866666666667,-0.2663,0.00448732142711386,0,0,0,0
2023-02-28,"2023-02",0.0136246515360705,0.00732194057683466,0.0097993141028169,0.0529280236590521,0.0770309387361721,-0.0569267607625599,-0.0387005210810063,-0.0128082659429225,0.0258922551380838,0.90817,0.38912,0.2749,0.00766354988878947,0,0,0,0
2023-03-31,"2023-03",0.0235599028426549,0.00759624886134555,0.00718273944444386,0.0377275565092106,0.0564161958226972,-0.00313185348379363,-0.0214551729372161,-0.0680621377891324,-0.0466069648519163,0.804130434782609,0.4131,-0.1599,0.0071693178423838,0,0,0,0
2023-04-30,"2023-04",0.026046900229711,0.00604938186984464,0.0125933960232584,0.0405098089865223,-0.00876782868018733,-0.0132619562918825,0.0409895144390191,-0.0387077497608006,-0.0796972641998197,0.871465,0.467835,0.0534999999999999,0.00721339762100502,0,0,0,0
2023-05-31,"2023-05",0.0129312582384839,0.0150131108547203,0.00945157127870291,0.0326252273160765,0.0058143148077292,-0.0158055404784485,-0.0215622288264061,-0.0541052935129755,-0.0325430646865694,0.858366666666667,0.445309523809524,-0.244,0.00906713924477122,0,0,0,0
2023-06-30,"2023-06",0.0164359580263297,0.0228903700230775,0.0117397463697856,-0.0597762163820272,0.00507465537008489,0.00451080133343629,-0.0207885300912558,-0.00773820589358643,0.0130503241976694,0.986590476190476,0.474819047619048,-0.0566,0.00718708309809641,0,0,0,0
2023-07-31,"2023-07",0.0273503214168177,0.0231476840488648,0.0141896656737441,-0.0435288000937026,-0.0676904323809193,0.00299593633031714,0.0540303448853177,0.119666920216759,0.0656365753314416,1.00092857142857,0.479785714285714,-0.0525,0.00857504526377217,0,0,0,0
2023-08-31,"2023-08",0.016630800071333,0.0185691145488226,0.0135876768854617,0.046963262542338,-0.0686870143198623,-0.03899851561876,-0.0666395291143722,-0.00304731228000499,0.0635922168343672,1.0117652173913,0.463395652173913,0.0999000000000001,0.00816528755869943,0,0,0,0
2023-09-30,"2023-09",0.0239003294920428,0.0237862048887622,0.018858457855702,-0.0206192872027362,-0.0851488139572991,-0.0231497021782263,0.0275397105391288,-0.109764634497705,-0.137304345036834,0.844735,0.36593,0.3,0.00689827976595318,0,0,0,0
2023-10-31,"2023-10",0.31931521203562,0.0312562928191448,0.0351811603405761,0.0327898228229913,-0.00235328833416037,0.00340483815484083,-0.0397752541769059,-0.0749476313128383,-0.0351723771359325,0.644573684210526,0.288842105263158,0.292,0.00802434840444512,0,0,0,0
2023-11-30,"2023-11",0.41152147276272,0.0170021327037134,0.0300612156689114,-0.051293294387551,-0.0391912628433149,-0.00682130885073784,-0.0242756055442239,-0.0105103856184572,0.0137652199257667,0.336636363636364,0.122604545454545,0.0945,0.00483581726355319,0,0,0,0
2023-12-31,"2023-12",0.0272480345136765,0.0299373296942875,0.023941803833208,0.0350327735157707,0.0218124370408423,-0.00962868511921577,-0.00433587166746641,-0.0631829571797295,-0.0588470855122631,0.370068181818182,0.305195238095238,-0.5857,0.00689231000016592,1,0,1,0
2024-01-31,"2024-01",0.041767815958666,0.0159492518342405,0.0327621857988427,-0.0525019624100285,-0.017533701906725,-0.0880799882111614,0.0599072954829225,-0.0494755408473262,-0.109382836330249,0.626281818181818,0.522690909090909,-0.0107000000000002,0.0123885831861505,0,0,0,0
2024-02-29,"2024-02",0.0409209426231984,0.0176750706127128,0.0388576972365647,0.0220427549253195,0.0122756713145655,0.0280311047951085,0.0429312210593054,-0.0352957361195214,-0.0782269571788268,0.728083333333333,0.608061111111111,-0.1456,0.014634617382242,0,0,0,0
2024-03-31,"2024-03",0.0271104331244199,0.0211403620968274,0.0262204906368875,0.0263524255320551,0.00330827369401998,-0.0212616167398618,-0.00212696999496842,-0.0076440031011753,-0.00551703310620688,0.679047619047619,0.533066666666667,-0.004,0.00739557207859854,0,0,0,0
2024-04-30,"2024-04",0.0233935426849248,0.0142051207110689,0.0071522084075026,0.0198833147533586,-0.0848709389506386,0.0246804234886473,0.0474849814378118,-0.0363388396933724,-0.0838238211311841,0.701745454545455,0.4852,-0.1072,0.00909428828965861,0,0,0,0
2024-05-31,"2024-05",0.0464149968168363,0.0305595329971825,0.00570400681006439,-0.215427711716639,-0.175124118092744,0.0217032873685521,0.0291566524344162,0.0407921993007418,0.0116355468663256,0.723190476190476,0.390309523809524,0.00859999999999994,0.00694723896899695,0,0,0,0
2024-06-30,"2024-06",0.0928864950795293,0.0166840206770579,0.0157589420835182,0.110551184129888,-0.0336598793016849,-0.0310102367425604,-0.0201681594341494,-0.133344005734154,-0.113175846300004,0.760868421052632,0.439294736842105,-0.1017,0.00511934779132061,0,0,0,0
2024-07-31,"2024-07",0.281656185204849,0.0313442174383106,0.0163061273772962,-0.0569686785201493,-0.198726017565133,-0.00246366224637251,-0.0146006570825978,-0.0266108309380808,-0.012010173855483,0.791186956521739,0.447573913043478,-0.0379,0.00690291035215603,1,0,1,0
2024-08-31,"2024-08",0.0288081395048104,0.0625454123601081,0.0134152249519988,-0.131825392779422,0.174264952873492,0.0370457565785758,-0.0176254831533527,-0.0559713937585338,-0.0383459106051811,0.708936363636364,0.377486363636364,0.0677000000000001,0.00711998210905919,0,0,0,0
2024-09-30,"2024-09",0.0301280332080601,0.072871192404083,0.00990427986748489,0.078643127319113,-0.119073591548795,0.00213700663067717,0.121207502920875,0.268118169099238,0.146910666178363,0.694542857142857,0.437757142857143,-0.0723,0.0149622376091584,0,0,0,0
2024-10-31,"2024-10",0.0338990933396418,0.0611026519912897,0.0362748897313995,0.0182399981496708,-0.0922233636181229,0.0602897069375019,-0.0254114644345123,0.0867698912621542,0.112181355696666,0.734136842105263,0.447694736842105,0.00800000000000001,0.0304220242720045,0,0,0,0
2024-11-30,"2024-11",0.0927838617102026,0.0526032422463823,0.0208075533727697,-0.144991703788814,0.0919908865741834,-0.00470062421214434,0.010153791610815,0.0208835084856114,0.0107297168747964,0.714419047619048,0.488276190476191,-0.0366,0.0130908868223767,1,0,1,0
2024-12-31,"2024-12",0.199296026205928,0.0506686842254775,0.0329948194765046,0.0171136804515459,-0.121480866305132,-0.186683760999486,0.0646874060740927,-0.0815317358321792,-0.146219141906272,0.669159090909091,0.598813636363636,-0.4609,0.00734254213075125,0,0,0,0
2025-01-31,"2025-01",0.368477490281229,0.0227245270306906,0.0258478543746694,0.0451795328604412,0.0355891091842433,0.0724841558293945,0.00351613582606269,-0.0671174520554789,-0.0706335878815416,0.345010526315789,0.381178947368421,0.4684,0.0114085159784644,0,0,0,0
