YearMonth,Vol_HC,Vol_LC,Vol_HL_Ratio,VolVaR_HC,VolVaR_LC,VolVaR_HL_Ratio,DY_TCI_HC,DY_TCI_LC,DY_HL_Ratio,EDC_HC,EDC_LC,EDC_HL_Ratio,CVaR_HC,CVaR_LC,CVaR_HL_Ratio,OutDegree_avg_HC,InDegree_avg_HC,Closeness_avg_HC,Betweenness_avg_HC,Eigenvector_avg_HC,OutDegree_avg_LC,InDegree_avg_LC,Closeness_avg_LC,Betweenness_avg_LC,Eigenvector_avg_LC,InDegree_HL_Ratio,Eigenvector_HL_Ratio
2014-07,NA,NA,NA,NA,NA,NA,NA,NA,NA,NA,NA,NA,NA,NA,NA,NA,NA,NA,NA,NA,NA,NA,NA,NA,NA,NA,NA
2014-08,NA,NA,NA,NA,NA,NA,NA,NA,NA,NA,NA,NA,NA,NA,NA,NA,NA,NA,NA,NA,NA,NA,NA,NA,NA,NA,NA
2014-09,NA,NA,NA,NA,NA,NA,NA,NA,NA,NA,NA,NA,NA,NA,NA,NA,NA,NA,NA,NA,NA,NA,NA,NA,NA,NA,NA
2014-10,0.020854910801848,0.021910376718364,0.95187183430878,NA,NA,NA,NA,NA,NA,0.549776370347812,0.539836170393699,1.01828916441514,0.0354791915304582,0.0384189945618815,0.923634298040272,0.888589015578692,0.888589015578692,0,84.8723076923077,0.346875932989017,0.9032462438402,0.9032462438402,8.63707359134205e-05,92.7384615384615,0.287556134844889,0.986013627885282,1.30852631697335
2014-11,0.0215959085999006,0.0222582724597302,0.970252130979384,NA,NA,NA,NA,NA,NA,0.561598323900634,0.556156763175201,1.00999560800446,0.0386875236175021,0.0407252527543372,0.950318954625268,0.922868409339922,0.922868409339922,7.40933280198114e-05,87.8166530612245,0.355396178159219,0.882968592565434,0.882968592565434,0.000774035586687851,90.904,0.375038018540326,1.04558046108145,1.00911225290956
2014-12,0.0246775780918077,0.0239744009112026,1.02840785027149,NA,NA,NA,NA,NA,NA,0.571486866047474,0.57828224805209,0.988303922456946,0.0464433072975958,0.0480692458775569,0.964730865846543,0.872034334749748,0.872034334749748,0.000506304647282696,94.2895652173913,0.3460446575484,0.92826440873175,0.92826440873175,0.000843036856127868,91.9591304347826,0.361572332627529,0.941602358671226,0.997083914111992
2015-01,0.0281898479237385,0.0260658830346442,1.08142180331478,0.0220637114149384,0.0173615994370842,1.26991388666587,NA,NA,NA,0.556727976730845,0.577349152067201,0.964211860279934,0.0570958815947783,0.0549296404589154,1.03892925655765,0.865220347284314,0.865220347284314,0.000797584104900802,97.218,0.360151085430569,0.942496606947759,0.942496606947759,0.00060560430902105,95.627,0.261484915689034,0.918637231368298,1.40413189248343
2015-02,0.0286261078866653,0.0266868619210574,1.07266923943904,0.0240057698820428,0.0185671676055693,1.29292075817467,NA,NA,NA,0.561349558865282,0.571639940832923,0.982012501190838,0.0591667423211978,0.0555157021709653,1.06581744201519,0.873031012219039,0.873031012219038,0.00105027584438968,99.7557278911565,0.360416616597997,0.930772273083984,0.930772273083984,0.000786972479290739,97.284,0.212980220116869,0.938290479244712,1.73149027566039
2015-03,0.0275109293903149,0.0269176271911279,1.02182972730118,0.0227987023378705,0.0183076173726605,1.24489365542536,NA,NA,NA,0.552808218492289,0.564041387299874,0.980396556664466,0.0545605716957546,0.051537976054113,1.05901609776819,0.906713435813673,0.906713435813673,0.00100804226532655,95.2551020408163,0.366171661884138,0.952764427614204,0.952764427614204,0.000446162855681449,91.9009090909091,0.190716237971037,0.951778446276334,1.93179440828757
2015-04,0.0262691588546358,0.0275271476634472,0.955036734444532,0.0200749664952885,0.0169008004258667,1.18748760681245,76.8272083096178,63.7368541798395,1.20538132778309,0.570866671693052,0.559749240716262,1.02054620469013,0.0452216740377329,0.0447210144952356,1.01422088451601,0.908163602953141,0.908163602953141,0.000957498753034,91.0038872691934,0.399055629938158,0.923340020752024,0.923340020752024,0.000479111984765737,84.92,0.331506686093018,0.987607092511579,1.2734401116537
2015-05,0.0297447536402098,0.0316939442620817,0.938617794800936,0.0221577711683504,0.0176229353549838,1.25665151769203,76.7310880158617,66.178138414128,1.1599536497136,0.580744410369778,0.57831794094818,1.00412115287305,0.0515830250631908,0.0522242484631524,0.987217870564605,0.853831667592075,0.853831667592075,0.000470053464970587,96.9125102040816,0.426510334646621,0.80894226459777,0.80894226459777,0.000103668139856379,88.289,0.385508171318038,1.05592593217276,1.12183199906271
2015-06,0.0366156423103178,0.0389745385097976,0.939402799917485,0.0271458717908856,0.0212717315729241,1.27841835079887,81.0553304336364,72.6292681140236,1.11741375820129,0.620007026182667,0.606345617006141,1.02264721375478,0.0672536717502326,0.0686667547437888,0.980590968479999,0.830521043695546,0.830521043695546,0.000280241186995255,94.980019436346,0.428557303583923,0.753138079520768,0.753138079520768,5.10812485077201e-05,88.487619047619,0.427191198675946,1.10375137904178,1.00845252732236
2015-07,0.0497582493467905,0.0511722039230513,0.972036964934136,0.0380578680117279,0.0307740005675554,1.23781490902003,84.531178019891,80.6103846442223,1.04868051098119,0.685374133231119,0.650587985195716,1.05358652003068,0.0948153283425116,0.0963954759274124,0.983614512291034,0.734938482750447,0.734938482750447,1.54456698986835e-06,101.054929140944,0.321207663520104,0.748798251882415,0.748798251882415,7.24600740322811e-05,102.542608695652,0.371938468662223,0.982528747141775,0.885842081972063
2015-08,0.0543206490740748,0.0556096243617497,0.976733785597473,0.039828204390469,0.0334915747836529,1.18947354471308,86.2581985151404,81.3285673564485,1.06062697255223,0.705142867144316,0.649170959160167,1.0861927326688,0.095118037740942,0.0973839137595751,0.976738508090612,0.715196636851689,0.715196636851689,0,99.1340396164633,0.3689379227594,0.755603342998545,0.755603342998545,0,98.8059843440922,0.277046102592471,0.94706364694639,1.35173886334602
2015-09,0.0575866603542131,0.0582290953012857,0.988966725216577,0.0406791910674158,0.0357018139942549,1.13954033990393,87.0673493528966,82.9692109752522,1.04950164224567,0.702864030027719,0.663198509472519,1.05988100728809,0.0972236562718125,0.0985616559731516,0.986420833078593,0.704493619975006,0.704493619975006,2.83497205201707e-06,99.7020063727003,0.360764136149588,0.771305229621251,0.771305229621251,7.0592060101737e-06,98.7142335414739,0.378858907307793,0.913878745845105,1.38921494857757
2015-10,0.051256352408783,0.0526381532325811,0.973581772339821,0.0364643597335486,0.0320237287003409,1.13910821308893,87.4169925331716,84.6654939040668,1.03253115920936,0.687849837310645,0.665687210950925,1.03339782529299,0.0968493548538243,0.0958775535553564,1.01016657291926,0.856265201051766,0.856265201051766,4.35589026531308e-07,93.8353506296136,0.326926446982939,0.8282908552586,0.8282908552586,4.24548134201984e-06,97.576868050643,0.394669762340865,1.03494665792297,0.836634966920152
2015-11,0.0460322789764228,0.048273259449847,0.953384338166755,0.0333111109447424,0.0293532528994642,1.13561977252025,86.664181369954,85.195266786791,1.01724536968878,0.690507276427952,0.671944540624781,1.02765360061389,0.0952701215267225,0.0945365260775441,1.00773056530359,0.865275412220128,0.865275412220128,0,96.0437317784257,0.383545920961626,0.749850434363446,0.749850434363446,4.83991315156946e-07,94.5738378684808,0.356245982539715,1.15546265547468,1.08767809054698
2015-12,0.0355651750220772,0.0386758726960934,0.919158221386509,0.0242016162638626,0.0209639460835339,1.16009341894218,86.9905853834724,84.9047741143468,1.02457396736838,0.655642010862399,0.639818015256435,1.02474820876592,0.0741920563057985,0.0773471486687366,0.958764583594502,0.874790130905831,0.874790130905831,0,83.963620230701,0.378403187613988,0.781568111619979,0.781568111619979,0,83.9338420585626,0.329865743116102,1.12005379692131,1.15332800114566
2016-01,0.0367648168915774,0.0389169332280189,0.944411210992436,0.023372947515097,0.0200867701102546,1.16367957306238,88.4473951535391,87.2201260770519,1.01407781376652,0.715851545188619,0.717188145047775,0.998327240571628,0.0860313536794502,0.0887473103494547,0.969138782916558,0.880139854576988,0.880139854576988,0,76.8144693877551,0.374342050436261,0.82150422904418,0.82150422904418,1.07448456862336e-06,79.9588905775076,0.407905629438357,1.0715941694075,0.927538285015909
2016-02,0.039126762264629,0.0401605319968301,0.974237227476504,0.0249940970477231,0.0214995585695299,1.16243208655027,89.353225327944,88.3699791124406,1.01112361438577,0.723446474596842,0.741187219084628,0.976141691388683,0.0914452679211003,0.0930334508786244,0.982919624894938,0.915528145646607,0.915528145646607,0,77.061887755102,0.371277293123549,0.853781421724422,0.853781421724422,1.25197372826034e-06,85.9081061613475,0.348294562443563,1.07252109217294,1.07974440447951
2016-03,0.0409498684509534,0.0412597430923009,0.992546504684202,0.0271706363981216,0.0233315244427841,1.1646507959493,90.9212278591582,89.120751911926,1.02020276428689,0.727466244484144,0.758892546026946,0.958638405899644,0.0938121491106585,0.0950174558362064,0.987318390987746,0.960502728819797,0.960502728819797,0,80.2973913043478,0.464416031062677,0.890949047276574,0.890949047276574,3.11465902223542e-06,86.5392477990271,0.359428374199971,1.07874933785846,1.30279226263471
2016-04,0.0368990896015645,0.0380893450878047,0.968407965540601,0.0242151827814536,0.0211897138382911,1.14235849658206,91.2454921016427,88.9731845988433,1.02554676302351,0.705935928898686,0.7182921383304,0.982753280821347,0.0845861209751405,0.0867143134025853,0.974961333254032,0.92932980392405,0.92932980392405,0,80.404,0.407232219161605,0.923950866188463,0.923950866188463,3.19647380209524e-06,94.5833469387755,0.33415396275343,1.0067211071764,1.22668416531962
2016-05,0.03063885694676,0.0321741288063045,0.952046747227919,0.0188712844942672,0.0168695255120584,1.11859451828745,91.7594350453554,89.0879724805948,1.0299944669342,0.66939014106255,0.681572227493289,0.98254724088485,0.0672230223176175,0.0703258501189241,0.956423434639927,0.895618817259106,0.895618817259106,0,84.6466666666667,0.296234052833354,0.910771708546718,0.910771708546718,5.89579067058677e-06,88.9702040816327,0.33615042264006,0.986276633561538,0.881802816630396
2016-06,0.0255660815304665,0.0280921515712878,0.910102373923543,0.0139465541187704,0.0131309391361091,1.06175678148988,92.1443247025089,88.5884443609172,1.04017439605163,0.635254641401632,0.628398093910128,1.01102563851304,0.0541103388354751,0.0564691844690678,0.958780561739905,0.892560572418924,0.892560572418924,0,81.685,0.139227367851993,0.927923099176331,0.927923099176331,3.89328664334702e-06,83.3387755102041,0.323946327311367,0.961967220364933,0.43220414820998
2016-07,0.0241840145359595,0.0261893977602453,0.923545678677661,0.0132477227361892,0.0122557820809261,1.0810387643157,91.4521705820202,86.824603052346,1.05331466787532,0.637485453666207,0.624416519166138,1.0211509421698,0.0530584684569397,0.0551175499866224,0.963257585502792,0.863425609884524,0.863425609884524,0,82.4047619047619,0.18271993808421,0.922167953952631,0.922167953952631,1.7051506836869e-06,80.2808551992225,0.329036668047889,0.937085117702827,0.559754574324784
2016-08,0.0221247375865522,0.0238990246392576,0.925773081585183,0.0119871916319017,0.011284930516021,1.06208059282337,91.1615326191538,86.907356501655,1.04896185101911,0.599462197211356,0.615075473420387,0.974448178401263,0.0446736141282131,0.0483989431816138,0.921245984906597,0.895978193419062,0.895978193419062,0,79.6382608695652,0.255918735722478,0.919002955188763,0.919002955188763,4.84734403560296e-05,84.7551020408163,0.30950571022059,0.975337451739375,0.86247807835398
2016-09,0.0201279660463319,0.0207642632899738,0.970624811043219,0.0108027168501137,0.00976217859248968,1.1068031327087,91.6105326176246,87.3621697536368,1.04863163734395,0.561132048761716,0.574935495708753,0.976101718037228,0.0394585159517766,0.0422410634614656,0.934810290668418,0.973221937399245,0.973221937399245,0,75.1418367346939,0.260807188131935,0.978695955783334,0.978695955783334,6.51789153547601e-05,83.1217755102041,0.27559595793488,0.994830810982469,0.985554728059198
2016-10,0.0193142217626188,0.0193066984701379,1.00043162014653,0.00978760072736447,0.00912125591493941,1.07321261981263,91.756034637264,87.4290668491905,1.04950793115281,0.559530459255471,0.571008599574651,0.97990663744699,0.0395703400757345,0.041666508485039,0.949701404801423,1.02268548345272,1.02268548345272,0,79.27625,0.235926320752266,1.01263200762278,1.01263200762278,0.000161306922080708,87.4204081632653,0.319918447286619,1.01030102882725,0.739738922187406
2016-11,0.0184759399730276,0.0171779682317152,1.076164511975,0.00971570736540829,0.00796090085852594,1.22137424290308,88.9530688974899,79.9352460254003,1.11332099434977,0.510808333886137,0.519329299282194,0.983537164566966,0.033988013003128,0.0331608798859383,1.02611572074547,0.977822547873885,0.977822547873885,0,79.7963636363636,0.100789337727005,1.07929107440571,1.07929107440571,0.000448214307874139,83.2606493506493,0.150592773297148,0.907319581208032,0.695130450280434
2016-12,0.0196673654355209,0.017687907253626,1.11206594852189,0.0114130465566378,0.00956961634288784,1.19446257463516,83.1947282781806,74.3841047607709,1.11788201234867,0.524686046103504,0.545908997526453,0.962384792668129,0.0385413803915379,0.0373366965968325,1.03456893127591,0.964460927238093,0.964460927238093,0,85.534452690167,0.146244577787854,1.02648567971933,1.02648567971933,5.66435239515449e-06,84.8381454854669,0.310084285639919,0.940377727416819,0.391483398058566
2017-01,0.0203782361518324,0.0181817454130205,1.1210347558421,0.0121674957390239,0.0104114589206501,1.16874485772974,77.9458350014794,71.8114307530584,1.08550666506628,0.513128491133543,0.548048606217613,0.93634075175693,0.0416119357126996,0.0404951152352097,1.02865774106317,0.918604028428338,0.918604028428338,0.000126623416431466,88.204081632653,0.161859342591706,1.03209055544055,1.03209055544055,0.000739689090863855,90.1916099773243,0.170886995520315,0.890624588220382,1.18287489759417
2017-02,0.0206849658680618,0.0186317256799032,1.11021826377511,0.0118291970381476,0.0108241385440069,1.0932662063919,76.4878005309489,69.3400443781411,1.10317139124726,0.520719812992025,0.558295447750462,0.932679430403148,0.0442115741588054,0.0434530923452102,1.01745259090309,0.949604689530478,0.949604689530478,7.33521409400975e-05,93.2018140589569,0.209499468802536,1.01197577827225,1.01197577827225,3.17849541445423e-06,87.6678004535147,0.216496212435216,0.938940782612999,0.998822301934251
2017-03,0.0194490372801035,0.0177433481403567,1.09640554828194,0.0102775112450326,0.0100586379223915,1.02163003688301,70.3284642236354,66.7556276943221,1.05336972857663,0.499507406600746,0.528049701178918,0.947364118511252,0.0401697832464645,0.0384805235757652,1.04781694451543,0.939024532545974,0.939024532545974,1.39231332998707e-06,91.6495119787045,0.242074980206424,0.987231474830049,0.987231474830049,5.58330212894542e-05,89.3855900621118,0.0412851782251265,0.951458135586557,-1.3994143694823
2017-04,0.019696376667568,0.01757031434987,1.12097207722112,0.00984060277566646,0.00915948786228008,1.0743153394015,65.6620920613981,61.5260455500837,1.06752765953265,0.468261402058902,0.484850747873911,0.966542112135546,0.0400968229333444,0.0366888191854564,1.09264279844273,0.965835781573291,0.965835781573291,4.40314150706149e-06,90.3242630385488,0.135324750547326,1.00061115946309,1.00061115946309,4.00417781272776e-06,87.0431746031746,0.311427888197374,0.967788052694404,0.484393467791601
2017-05,0.020594323875271,0.0184534773389517,1.11661033988811,0.0107409119884467,0.0104467319815574,1.02880075344521,63.6668233970589,59.8290180417533,1.06420706027485,0.470888834039789,0.447870316493338,1.05139770380455,0.045128528831664,0.0403987253738387,1.11776384962768,1.01191834636947,1.01191834636947,3.08015519296919e-06,87.215306122449,0.205327522844895,1.11684994882135,1.11684994882135,1.15368786235166e-05,85.2075255102041,0.325183217304975,0.907577232725022,0.656310440025506
2017-06,0.0215909865185311,0.0202689826274795,1.06539985599593,0.0114273628252675,0.0117480152157029,0.975163951418189,61.150700602882,57.1451295031476,1.07018744808714,0.503492688817139,0.457393726576139,1.10071079719854,0.0479432031340076,0.0449804596773566,1.06593008655843,1.07209964213797,1.07209964213797,1.35152941722784e-06,87.4378478664193,0.20320952212974,1.17002780778972,1.17002780778972,0.0001850267701595,90.2775177798392,0.12715739419252,0.917169081166121,2.19948999700343
2017-07,0.021774351786652,0.0208253228519531,1.04567785882868,0.0112889343867275,0.0134621088058652,0.838975219718557,60.1510292447714,58.1898036644555,1.03379437934394,0.540043329746962,0.488289050475737,1.10825112304567,0.0473351497206889,0.0467757646880183,1.01318099115468,1.01886237044909,1.01886237044909,4.8383209048089e-05,85.086491739553,0.197027376814367,1.13126670393578,1.13126670393578,7.75673487214241e-05,88.6505150631681,0.16315341933509,0.900670420390298,1.3717290003061
2017-08,0.022554905965783,0.0203114348669963,1.11085443496652,0.0122907570604918,0.0136330254753079,0.90196812089304,63.1596951486334,57.2504456081081,1.10323275544738,0.544508551267606,0.535322974244708,1.01718915113537,0.0458707922728547,0.0433794150588701,1.05932719402829,0.914655957600284,0.914655957600284,0,84.0248635994638,0.260751365364867,1.04673486885215,1.04673486885215,0.000846942486926932,91.3765572315883,0.255815631345096,0.87553089466445,0.592611359062592
2017-09,0.0225237761406225,0.0193668368933683,1.1630040175442,0.012887949448903,0.012290655124031,1.05208264044389,63.9504606614442,56.0177622829766,1.14182543203074,0.522162146179809,0.526208189241647,0.992322559707326,0.0438857012432293,0.0388618032611724,1.12935496371474,0.905822503345747,0.905822503345747,0,83.5092322643343,0.270556624564515,1.00391497206509,1.00391497206509,0.000897027573933294,91.1390476190476,0.312555278256308,0.902311844053043,1.00263221739288
2017-10,0.0219048732915367,0.0195197042447669,1.12197082321347,0.0125971181953819,0.0110530812347618,1.13954666533059,63.451180572729,53.2149329257055,1.19241135874859,0.505094415523368,0.489807612532434,1.03423843847036,0.04194599018234,0.0365187889570465,1.15105733526059,0.961248894166136,0.961248894166136,0,81.6530612244898,0.298383890095547,1.02516986505905,1.02516986505905,0.000406061493680839,86.4623529411765,0.338451413272847,0.938059933077374,0.893101686243629
2017-11,0.0197143799226516,0.0200695997867085,0.984098295777076,0.0110769774494452,0.0122461651387139,0.920114845198239,63.3740608889204,54.8858461821899,1.15633469764658,0.507463921202143,0.487670498983742,1.04218905899389,0.0397981551695326,0.0391442393742782,1.02397300688957,0.972164863278115,0.972164863278115,0,85.3079777365492,0.257525395634332,1.02443393551821,1.02443393551821,0.00012932024876342,86.3963636363636,0.232433879155283,0.949407145062752,1.11452274728337
2017-12,0.0192580201667441,0.0218161142011008,0.882778317839925,0.0105662252588947,0.0163785247193836,0.646357815931282,63.3583498139947,56.7355370284054,1.11707359164678,0.505847333550121,0.512271067443805,0.987484858485426,0.0416778945525574,0.0465279794418986,0.895885066068465,0.983692713994049,0.983692713994049,0,81.4364876903142,0.2172485683036,0.976357589732621,0.976357589732621,0,84.5314285714286,0.32133810343282,1.00892299785041,0.691587214401693
2018-01,0.0191901281047823,0.0214307099695284,0.895492501229143,0.0114778578129166,0.0176460028890387,0.650334019416711,64.2032472835477,55.1738621879408,1.1637364563134,0.516528439055622,0.509264872653204,1.01424155150364,0.0414240612443556,0.0471705318781388,0.878159982391935,0.946516101036358,0.946516101036358,0,80.9564393939394,0.272546871221787,1.01705070258251,1.01705070258251,0,83.08,0.336469833750446,0.931029770482317,0.814873699638954
2018-02,0.0224323062725642,0.0236569816246247,0.947814439491769,0.014503580522807,0.0193438885517635,0.748723158040827,67.6915214297178,59.9299618772178,1.12950986833472,0.55128960247542,0.532265057904117,1.03555796201847,0.0537306279335905,0.0576170361061442,0.931758384284635,0.940518927336204,0.940518927336204,0,86.6557919621749,0.303982667894181,1.1056229006,1.1056229006,0.000278437065316905,89.568,0.316621937712059,0.851277654980087,0.982474591648794
2018-03,0.0235191565945904,0.0240289338154126,0.978760485201821,0.0172815293653386,0.0186164794607448,0.928321027301873,70.2881676717173,62.3419868498578,1.12744115187216,0.565328517914251,0.548640245029984,1.03038845440514,0.0565693690923615,0.0569067803784909,0.994002316174702,0.992974638635,0.992974638635,0,84.620446486138,0.302729216303226,1.20071162341376,1.20071162341376,0.000877008770092086,91.3627272727273,0.22410289084178,0.827701407784724,0.345420072388628
2018-04,0.0249991421069902,0.0259955406370383,0.961798203366928,0.017399299205676,0.0185864256961897,0.936604519111336,71.1923877298739,62.8733767269879,1.13235366142326,0.587530045313217,0.573658474805367,1.02425273468774,0.0617074535776842,0.0621196830804117,0.993406461473462,0.999302615563125,0.999302615563125,0,77.3576881402679,0.350598930120237,1.20119373380777,1.20119373380777,0.000160707821688081,91.22,0.38552502615434,0.832488065504431,0.925550289646184
2018-05,0.0232673547930914,0.0253394992025014,0.917340448332846,0.0158085024618565,0.0178821840388377,0.883224790798595,69.8981108005297,62.6475455633404,1.11574463644603,0.580771246394891,0.549250857763864,1.05750975109061,0.0539659391010571,0.0559807030311705,0.961637713663424,1.03139094278164,1.03139094278164,0,79.9460227272727,0.287257581593749,1.13346824931907,1.13346824931907,1.94858028867467e-05,88.1890909090909,0.328880583612981,0.911491331791996,0.947552687365584
2018-06,0.0223985393780809,0.0253369758750013,0.883932163715603,0.0148672451267072,0.0174858633097923,0.850731604174399,71.7489122347935,62.709858043364,1.14389992287854,0.587865434090866,0.541699756557708,1.08574565391032,0.0531664338591353,0.0582998232190983,0.911430069571175,1.01768516138716,1.01768516138716,0,81.1063350340136,0.269980031898553,1.08821760262058,1.08821760262058,4.03240538286756e-06,86.544,0.266345097091935,0.935739171848096,1.0326698589956
2018-07,0.0232633661743127,0.0265484219846773,0.876292558165113,0.0158220161808969,0.019481596373328,0.812370859870675,74.1181822049392,63.745010910212,1.16273606526671,0.585662269043538,0.551431435429374,1.06208085844553,0.0555815647341305,0.0610848345848285,0.909911893062242,1.04877471902122,1.04877471902122,0,82.2536139455782,0.20332356023223,1.08571374729525,1.08571374729525,3.46225914802791e-06,87.7690909090909,0.362440761108999,0.966797169075773,0.570680901322723
2018-08,0.024521130196693,0.0270660504263243,0.905954680830042,0.0162936654030318,0.0202226645161039,0.806174560542504,73.9465044688045,65.3813462939798,1.1312205587602,0.586051709000447,0.569735655055276,1.02873778217408,0.0563774080884655,0.0614876139066597,0.916888460232483,0.99240167336836,0.99240167336836,0,88.5975755473327,0.258092640321367,1.07158606602881,1.07158606602881,5.31725632816497e-06,89.2234782608696,0.389289644834552,0.927656065684082,0.679272661133649
2018-09,0.0231169774496228,0.0254058073188155,0.9100915243294,0.0150970667415973,0.019631236038349,0.769213740201925,74.5296578011066,66.8623653224428,1.11468894576508,0.543052133044162,0.549615643310294,0.987413227598152,0.0492189114500895,0.0541985510287627,0.907531905067528,1.00102677708195,1.00102677708195,7.01424724209592e-05,89.1678526673827,0.335824361213146,1.11931065418419,1.11931065418419,3.00130568194219e-06,88.4526315789474,0.346267807736239,0.895752882139842,1.08641035032563
2018-10,0.0241504637534094,0.0257628502625213,0.937130636938655,0.0156705516807345,0.0204159380721403,0.7677417916798,77.7625139151173,73.0703146986402,1.06457389496892,0.588018668901033,0.605662459601388,0.970603362436054,0.0542305912148966,0.0600494745831551,0.90252921514077,1.03815366813389,1.03815366813389,2.50812753862022e-06,99.5609174225246,0.329363584972462,1.10064485968863,1.10064485968863,7.64516261492233e-05,94.9044444444444,0.280084847740433,0.944448523805118,1.27312782127943
2018-11,0.0251304367229228,0.0269340729969058,0.933102883799999,0.0164490277687197,0.022505809563303,0.730975323759227,79.26214527882,76.5524615451839,1.03541753183544,0.62559481879073,0.636531183640836,0.98268934881648,0.0569971227572138,0.0621426312359934,0.917155610123714,1.0496572082102,1.0496572082102,6.39657849894717e-06,95.0250479282622,0.306395264872634,1.1288497239683,1.1288497239683,0,90.14,0.37957002186469,0.930407955372994,0.831917211659623
2018-12,0.0258568953362514,0.0283723107042278,0.911368277038314,0.01660744435873,0.0229737191435138,0.722886188798054,79.8313572341182,77.8415363418024,1.02556559113234,0.661353329499874,0.660232013967878,1.0016980610247,0.058870392611473,0.0646599199920198,0.910466993935258,0.975295803278802,0.975295803278802,0,90.151,0.365453203902539,1.082123084652,1.082123084652,2.78605587276075e-06,97.889,0.409943079202799,0.901498278473661,0.909039487637006
2019-01,0.0229631309897284,0.0267391702664399,0.857708166992547,0.0143296352371765,0.020496464575811,0.697642603360197,79.1055639914954,77.7733273955125,1.01712334103695,0.618106134260624,0.587943970691024,1.05236522402532,0.0477866948407389,0.0537769840230048,0.886588608086189,0.889296045110856,0.889296045110856,0,85.7290909090909,0.348661884964997,1.07994227085963,1.07994227085963,8.06936874397995e-07,95.0981818181818,0.26950940382962,0.82413959601036,1.31765727953851
2019-02,0.021651305799104,0.0265105353224781,0.816769442063357,0.0123703074647745,0.0179205674566826,0.690555614004581,79.7094344998426,77.9702656924261,1.02227573970364,0.589358214948768,0.561268322821381,1.05006064060106,0.0431499978673228,0.0502356820626887,0.858890921922883,0.897671897244339,0.897671897244339,0,87.068,0.127419908022722,0.986732583479735,0.986732583479735,1.10650773478204e-06,96.7653333333333,0.187247336646772,0.910049206346937,0.680772239361857
2019-03,0.0236449297348715,0.0287062133605773,0.823157726826869,0.0132499400539081,0.0185265473600523,0.714965901096511,81.768091835987,77.8381266385669,1.05050069244415,0.604670263899499,0.545688384662992,1.10755480945054,0.0437614069827603,0.0507674599891466,0.860281560438712,0.888828220310394,0.888828220310394,0,85.7085714285714,0.200639709785041,0.942179992800353,0.942179992800353,1.49881674413864e-05,98.3057142857143,0.280261676446382,0.944646831141634,0.726756936097155
2019-04,0.0273589371487562,0.0311160648362504,0.878977273342486,0.014297827526303,0.018942904192813,0.754712033216221,80.7146167105717,76.9551070276687,1.04885108841216,0.622874699368026,0.568635446264959,1.0955905332324,0.0509505322645567,0.0559371417181314,0.910287895244163,0.880314126359059,0.880314126359059,0,83.167619047619,0.242739967799534,0.89643384558879,0.89643384558879,0.000266581713625521,95.8152380952381,0.395874319539496,0.982464566519971,0.647580957031332
2019-05,0.0315688947947275,0.0348204183030775,0.906617139769344,0.0164166824492567,0.0218199353425156,0.752440596134669,82.8722202560384,79.2629804603186,1.04555925929713,0.680709104338449,0.651785468595608,1.04438206114396,0.0668461590896865,0.0718678059725936,0.930127362422321,0.851336592316624,0.851336592316624,0,87.996,0.292512145492073,0.879094539847805,0.879094539847805,9.78789190426493e-05,98.573,0.42613338417048,0.969185945109535,0.693543295765619
2019-06,0.03010937143552,0.032753898000166,0.919432349716095,0.0154762723459247,0.0206391446446636,0.749777680870404,83.3364968918777,79.4785043701657,1.04855247314622,0.651471068218892,0.639028596632717,1.01947668873296,0.0646753517864087,0.0706484289566668,0.915307872356156,0.927725988309208,0.927725988309208,0,91.1442105263158,0.219636524103562,0.957626935844325,0.957626935844325,5.43027324125379e-06,96.3,0.396411657853913,0.9684691120429,0.561016121745936
2019-07,0.0271151954380991,0.0299535402978998,0.905079048309768,0.0143742120618887,0.0202062302074262,0.711200711096925,84.0741288677505,80.003134747146,1.05091663003144,0.657510670865618,0.658979683815064,0.997742984877183,0.0612049612910056,0.0674441287745281,0.90737813025206,0.894717910833461,0.894717910833461,0,75.7130434782609,0.254490707332081,0.977228838639685,0.977228838639685,4.81489565838963e-06,93.6695652173913,0.410739078822316,0.916765132276754,0.628571532396731
2019-08,0.0217053889051232,0.024398442241416,0.88935885158158,0.0119597276052938,0.0166530164619196,0.718334298463679,82.7368378703193,76.9779137858161,1.07481890939628,0.605577213305054,0.594625904878155,1.01845512851557,0.0438841442463676,0.0484290466314421,0.906226100897831,0.949594111757603,0.949594111757603,0,80.9045454545455,0.257344736701134,1.04797863008404,1.04797863008404,0.000245038528657219,88.339332096475,0.3345926868903,0.905945168141099,0.786502489836545
2019-09,0.0197614759666889,0.023230515204412,0.850646642572893,0.0112170513814985,0.0154707744921074,0.725139433301893,81.9390923591521,74.6517337596118,1.09785989901916,0.607286490872411,0.59496633471122,1.0207339739597,0.0398263134293203,0.0441794792791083,0.90191493763019,0.929256628967454,0.929256628967454,0,81.808,0.272938868239525,1.00040835461295,1.00040835461295,1.06016833481863e-05,86.396,0.260998951051773,0.929589708667232,1.09026123633192
2019-10,0.0186509080055383,0.0232995513686813,0.800457568780946,0.0105519879459788,0.0145191631880731,0.726728036379862,81.6841629840749,72.7058655783391,1.12349604294492,0.579252066733776,0.574463041695633,1.0082339588067,0.0378767350180815,0.0451999534190327,0.837748659254609,0.935840041462152,0.935840041462152,0,80.1855555555556,0.170111796279372,0.999910911782929,0.999910911782929,5.77208870334066e-06,91.3288888888889,0.258661000036406,0.936507117378245,0.664158044868372
2019-11,0.0178761708351625,0.0231009678115966,0.773912485562454,0.00979965665771656,0.0136405672514661,0.718448843004806,82.1281135518941,72.7367612022113,1.12912022406999,0.547977740255461,0.546690620550089,1.00236556317192,0.0351332552150245,0.0441969780109553,0.794763658422226,0.930458923982864,0.930458923982864,0,84.2257142857143,0.144334737211488,0.99699626969052,0.99699626969052,3.97740170040124e-06,87.9085714285714,0.253407659945254,0.934095302649605,0.574056575465173
2019-12,0.0174832629027705,0.02164250706652,0.807901619739055,0.00905144473433239,0.0127260723268777,0.71120795618472,80.0052141241549,71.8845420130881,1.11290020814284,0.52207029358509,0.52899263937461,0.986992183381922,0.0345993191935002,0.0430846135655299,0.803275564660108,0.921524100198101,0.921524100198101,0,88.7409090909091,0.221295021411947,1.05071369709111,1.05071369709111,8.44737747657217e-05,89.8909090909091,0.299722918055173,0.877838513879883,0.745281375152856
2020-01,0.017824863058332,0.0211378535093315,0.843300592304685,0.00972413319650103,0.0135599006039843,0.717084711940133,77.0501334453868,70.302205213549,1.0959897856427,0.52101876836065,0.500917987837724,1.04009847111599,0.0334293905920306,0.0387006404147446,0.863740070391571,0.939101636263104,0.939101636263104,2.13314512569397e-06,93.6425,0.0791258016990552,0.968605576512666,0.968605576512666,0.00060953346134913,94.1575,0.283551780239138,0.970506639637931,0.259724480167646
2020-02,0.0243118961108226,0.0278760529381429,0.872784151411235,0.0150887964985434,0.0186614410248883,0.808955301562184,87.2261843937414,77.4995425520696,1.12570048555665,0.723681985170277,0.666110566754642,1.08644103030465,0.0557078298033753,0.0606817668878467,0.918840259618665,0.914313050083029,0.914313050083029,8.7566883116418e-07,94.031,0.365694196781833,0.92778731366092,0.92778731366092,0.000270974618714437,94.988,0.432833972799908,0.985830798306477,0.854351768556568
2020-03,0.0280059664229606,0.0345526026196371,0.811334334259063,0.0170183712498377,0.023001721652847,0.741668746173308,86.9999141299693,78.1349354235439,1.11365550741037,0.729209800521434,0.681506078461129,1.07000756214426,0.0640421860857909,0.0766691523987523,0.83611268601986,0.873789672644672,0.873789672644672,0,95.2045454545455,0.398268846257331,0.870928669450379,0.870928669450379,0,94.2218181818182,0.436703182197985,1.00356496460062,0.919306972553732
2020-04,0.0294383554572307,0.0374766820334078,0.785516385450736,0.0179098856407696,0.0248178097119089,0.721687841367741,87.1645476489731,78.3531595797411,1.11251398980073,0.719129931840843,0.676244588469298,1.06340993332912,0.0663076090651078,0.0814356291664659,0.814228030805145,0.840335659091447,0.840335659091447,0,92.4019047619048,0.357271623793676,0.867900761540584,0.867900761540584,1.07721867404005e-06,95.2609523809524,0.371054808665285,0.968699316118204,0.989423456283081
2020-05,0.0254779513622477,0.0342206827727371,0.744486978125067,0.0140513779276769,0.0221124014856672,0.635459799798079,86.3060102553706,77.2144318374814,1.1177482954864,0.608902902494903,0.609670204933169,0.998756182195875,0.0511142197753336,0.0704240177827784,0.725811856001642,0.818430543119913,0.818430543119913,0,76.8533333333333,0.282136655920506,0.872251518843649,0.872251518843649,7.19806846307337e-06,104.374444444444,0.354057112808757,0.938713423666925,0.818954372305109
2020-06,0.0220580631869088,0.0296791440655623,0.743689245332893,0.0120642044346102,0.0191079637558301,0.632505920465971,85.7044688899297,77.8284844841817,1.10119898393795,0.534344087231662,0.543735501027179,0.982618610139643,0.0431501732654776,0.0586453426705956,0.737011673866963,0.793794411886973,0.793794411886973,0,70.422,0.280345173040848,0.92520070490496,0.92520070490496,2.19372086770633e-06,95.796,0.345493603315968,0.858452124412373,0.831051343725537
2020-07,0.0231814464897996,0.027607265140021,0.838819360036518,0.0122325959921994,0.0175471740231302,0.696414397705769,87.0684549435526,79.4948467719832,1.09557049853111,0.527197681689044,0.516709054597434,1.02018406339157,0.0411524407830831,0.0497482364292098,0.826360278769651,0.896760927944821,0.896760927944821,0,80.9060869565217,0.268704954584892,0.900126854624275,0.900126854624275,2.70242167172683e-06,92.6408695652174,0.32587478907341,0.997205783411166,0.829453034122433
2020-08,0.0256435881934383,0.0293520079154863,0.873579111947434,0.0140164928571849,0.0189047747846721,0.741633557947591,86.5302533016531,80.6010558616565,1.07356128024273,0.566887037307434,0.568382751315885,0.997394602740579,0.0456119672456625,0.0541939802755814,0.841494526302468,0.891786324933444,0.891786324933444,0,83.4819047619048,0.315800047213918,0.898425433435095,0.898425433435095,6.60847038467348e-21,92.7219047619048,0.343631433211439,0.9934515524651,0.933874059945519
2020-09,0.0271510742248114,0.0307094973382987,0.88419239428902,0.014731491733587,0.0185155223120719,0.795768579072352,85.4491289869065,79.3661606744462,1.07664695073286,0.557105087230228,0.571681959097677,0.974517644376293,0.0500387404191114,0.0592031946454305,0.845528606805993,0.941528304137609,0.941528304137609,0,77.8509090909091,0.315852197363619,0.964662874907671,0.964662874907671,7.75369200858982e-07,95.2609090909091,0.258153484281947,0.976322701414113,1.23730441579349
2020-10,0.0251555183731219,0.0298900903011412,0.841052322181167,0.013417242946555,0.0164343977526603,0.816375017170038,84.6035988459322,79.7936453130855,1.06030046151583,0.523660555468516,0.549525237112232,0.952669551236969,0.049047430750314,0.0587417109069905,0.834996176250316,1.00382713757203,1.00382713757203,0,78.48125,0.207763091997466,1.08367697567498,1.08367697567498,9.53591390796743e-06,92.9025,0.220923808370606,0.928540037264508,0.950540377652766
2020-11,0.0232524757662061,0.0277627361145768,0.837819679207815,0.0125539527437284,0.0160016390339351,0.784918051535869,82.5745276731694,77.0941786881884,1.07121733839344,0.488084856547661,0.499440948216485,0.977326703127067,0.0447242823523161,0.0544115403436306,0.821953052838241,0.978438199798556,0.978438199798556,0,84.587619047619,0.154439636084253,1.16061148748669,1.16061148748669,1.04573966150353e-05,87.2666666666667,0.255244899223948,0.843255083594691,0.645909852367586
2020-12,0.0234518501992083,0.0262356940015057,0.894303512020453,0.0131837207095262,0.0169361595103498,0.778358105396976,75.8913385499435,70.8978127186043,1.07040649211676,0.481616485411051,0.486890726257369,0.98927930323182,0.043787544837058,0.0507080328523864,0.864792174820782,0.926106031820385,0.926106031820385,0,85.5339130434783,0.125978921605663,1.06258676306507,1.06258676306507,3.09637080428698e-06,94.2434782608696,0.223897538423919,0.872530474865895,0.807021940332372
2021-01,0.0259428745894391,0.027145197366647,0.95547402718841,0.0148830722312914,0.0190664071978811,0.781043147988589,71.8705025857222,63.8308236323111,1.12676410059562,0.470215310967845,0.461831017275837,1.01821679449653,0.0492616341982144,0.0523257999892629,0.941152196563878,0.906668898660236,0.906668898660236,0,90.993,0.11820748931766,0.975181732888586,0.975181732888586,1.01542959567716e-05,90.046,0.302672375103394,0.930402786560072,0.372134926701745
2021-02,0.0281541430605989,0.0283564865250458,0.992693764477118,0.0158683319532441,0.020911214353017,0.758899978055289,71.5498949849908,62.3437522735966,1.14766530339763,0.461896422531403,0.451408372686649,1.02321487282695,0.0534130631923515,0.0563634240193061,0.947594197246664,0.932816039876806,0.932816039876806,0,93.1906666666667,0.237216804922514,0.952520750502905,0.952520750502905,8.35117157625865e-06,89.7706666666667,0.360923816487098,0.980748470536075,0.673031027193967
2021-03,0.0309930496653186,0.0294576203303773,1.05203515867334,0.0188772127610216,0.024051346658371,0.784462243653889,69.3342854728098,62.6783090148238,1.10627951501647,0.465873972742398,0.459632266127192,1.01361189607277,0.0573382839164384,0.0574361164341905,0.998288234048948,1.00091439492498,1.00091439492498,8.427738072787e-07,90.5521739130435,0.312037269664855,0.968527974807621,0.968527974807621,0.000178230169044204,90.5347826086957,0.342162944229193,1.03433725259317,0.941301636693041
2021-04,0.0310462369390261,0.0280086010328822,1.10862266065134,0.0199992718328708,0.0240344224920901,0.832394395508193,67.4546336014391,62.2729674037334,1.08325288115659,0.452373669625975,0.44947003539314,1.00647572620136,0.0571671833492985,0.0546010951710644,1.04707876218651,0.954014477438194,0.954014477438194,2.0474916892571e-06,93.7619047619048,0.317084237004052,0.963535581798073,0.963535581798073,4.54757984422454e-06,94.0914285714286,0.285696435640329,0.990635605863938,1.3827963720756
2021-05,0.0298805638802411,0.0258836946845274,1.15452546423781,0.0205320791550391,0.0221231762509744,0.928926874141401,64.0166240618786,58.9925984728104,1.085572767737,0.447952539896984,0.432676182063485,1.03542856958823,0.0545705136241422,0.0485340582885234,1.12580079192947,0.947518289732963,0.947518289732963,7.02017655027863e-05,96.5333333333333,0.276736273445308,0.989616160561678,0.989616160561678,4.53539369536684e-06,90.68,0.288880105381889,0.957937557758973,1.11445101131923
2021-06,0.0273022607392986,0.024715017938345,1.10470340332561,0.0182783591902705,0.0182744328033879,1.00144176907981,62.767572297704,57.2455261107597,1.09645726802144,0.429907142601995,0.40783007263001,1.05439020663602,0.0509938803612201,0.0448176652217158,1.13780611311312,1.00665776329608,1.00665776329608,1.71355340396003e-06,85.9866666666667,0.259167995605454,1.01802989215296,1.01802989215296,3.96667256937285e-06,88.9933333333333,0.245743800653409,0.9896400463809,1.35306748891171
2021-07,0.0262757087116405,0.0258393035391658,1.01708696551063,0.0165140575183146,0.0163409284690021,1.01117585487448,60.7217375379766,55.7957281452042,1.08826325455184,0.431284579101913,0.408972674572682,1.05450264282228,0.0477776919623584,0.0460979939711432,1.03726578500444,1.03824879967759,1.03824879967759,0,83.7163636363636,0.230599460290965,1.08610647062188,1.08610647062188,9.19861779853984e-06,86.6145454545454,0.162628338565654,0.956621585641102,1.46301451211564
2021-08,0.0281285622806823,0.0286882415870273,0.980662005556899,0.0167177957588941,0.0174157986421655,0.960546335786397,59.9781462833838,54.8889673118703,1.09276262006989,0.459784684071493,0.441141743390502,1.04261225761558,0.0511648926616178,0.0517036061331581,0.990213046664915,1.03360964537414,1.03360964537414,0,81.0304081632653,0.239766675529481,1.0861092566959,1.0861092566959,3.80273427066311e-06,82.5318181818182,0.223221876170779,0.952232470206769,1.340001882705
2021-09,0.032281578985605,0.0301898633295204,1.06909207473382,0.0193392416494514,0.0189311803132669,1.02087745981396,60.41758470349,55.5188047672807,1.08822604861971,0.488870231113303,0.441020653311409,1.10802290323754,0.0582151265531462,0.0559281472711604,1.03974610129699,0.977906247549662,0.977906247549662,5.94948679286832e-06,90.486,0.286024113563175,1.06293135080216,1.06293135080216,0.000309981606910791,89.171,0.146537580914151,0.920420157255164,1.18954811468498
2021-10,0.0367251262637345,0.0304284033389765,1.20701439721684,0.0243203174943706,0.0189957684872854,1.2803514990972,60.9168725664742,55.8004032328668,1.09169877099108,0.52831195054102,0.454606523007973,1.16213730448122,0.0711051582760634,0.0582173872616986,1.22135319752614,1.01114918995781,1.01114918995781,0.000240102163770194,96.49375,0.338128228257216,1.06261752323239,1.06261752323239,0.00050109058096717,94.3625,0.193820015472934,0.951757975937924,1.76784999288073
2021-11,0.0362373029181777,0.0289418324927631,1.25218093031763,0.0244000518928399,0.0174491560779537,1.39930020878757,62.55540418239,55.2882898384438,1.13157868784426,0.533262534681147,0.446238669490983,1.19529491812816,0.071123243846021,0.054625698058405,1.30259063921784,1.03683446985078,1.03683446985078,0.000533213372857332,94.1845454545455,0.39468107085177,1.09798748081944,1.09798748081944,0.000443138162883135,90.2290909090909,0.107493303224675,0.94460650631842,4.00418676322505
2021-12,0.0327344157754668,0.0281710569689098,1.16183009364388,0.0223852738762189,0.0151665057692211,1.47640287614497,63.1305153625821,53.0498720699197,1.19055974281459,0.536165894087355,0.443346993263298,1.20938041182407,0.0674262964183511,0.0515440377417526,1.3076606363657,0.9964523908455,0.9964523908455,0.000616815789291463,97.104347826087,0.356165028636469,1.06556308767372,1.06556308767372,0.000949165935072833,90.5695652173913,0.0479225299840774,0.935632568436209,2.14439566120909
2022-01,0.0271893597183705,0.0276704093203993,0.982794911078652,0.0193704151574794,0.013897723075157,1.39364037994203,64.0894345254158,50.1336851123728,1.27846790098333,0.493532443282553,0.438197652524084,1.12780938042459,0.0533308867082527,0.0503592330695613,1.06048329275378,0.96312288215317,0.96312288215317,0,86.8452631578947,0.210643068774192,1.05064372432206,1.05064372432206,0.000281111476454533,90.4442105263158,0.162167535704666,0.917337624337647,0.721342883841249
2022-02,0.0261994192835668,0.0277444064393087,0.944335011879843,0.0182331887782027,0.01407716646383,1.29541199984178,65.9911052454897,50.7521022349131,1.30032878648751,0.505319558840369,0.491162760093847,1.02894909044607,0.0492357595067887,0.053943181630567,0.912728627353011,0.983426321752884,0.983426321752884,0,93.91625,0.263828437791329,1.03434447716393,1.03434447716393,0.000391681762629194,90.775,0.333019200676581,0.951061245103723,0.801426389512583
2022-03,0.0277875018152093,0.0275275304279075,1.00912120688977,0.0197875298300908,0.015853066372492,1.2492922331724,69.0997176617784,56.4838570222243,1.2237384797266,0.567269234007736,0.547503055067708,1.03526261140131,0.0561765967841496,0.0572782323134782,0.979097575785059,0.969328241327012,0.969328241327012,6.29051268605497e-06,101.06347826087,0.300866698763339,0.987462546156424,0.987462546156424,0.000283484267945265,93.3634782608696,0.380798951838434,0.98257292476259,0.798048605700672
2022-04,0.0298355554424086,0.0282269085533396,1.05664605517182,0.0205861320392473,0.0181979856771892,1.1320635648116,72.5845129541046,62.0446081946235,1.17246946225832,0.620763953912511,0.620236779621119,1.00145556465689,0.0639455181424143,0.0615801194702571,1.03794029923125,0.957717602270508,0.957717602270508,1.01849996558316e-05,98.2705263157895,0.283668813916223,0.977448400774162,0.977448400774162,0.000118207559624641,94.1410526315789,0.366254845367039,0.980769903308737,0.782046189026184
2022-05,0.0327126008441014,0.0308660282934273,1.05986154940082,0.0217904655882318,0.0208830153363907,1.04346395942127,75.6757922214759,69.531144701418,1.08835210544927,0.663482540402102,0.686559523970934,0.96643060599675,0.0723884384938868,0.0677561580140014,1.06841820598588,0.952171304830061,0.952171304830061,2.49485241770599e-06,95.7673684210526,0.340966362596716,0.997573159745177,0.997573159745177,0.000135195812538203,91.8515789473684,0.392340348863196,0.954994418433851,0.894058948347499
2022-06,0.0320837049600469,0.0313015654368674,1.02485126816484,0.0204688120583271,0.0204711704653241,0.99934191202792,77.9307806816739,70.1089227598674,1.11157779865121,0.647700040368581,0.686081948598899,0.943756755675469,0.0695290645944037,0.0661834869728453,1.05010766481741,0.933270822167593,0.933270822167593,2.27895399405628e-06,96.8780952380952,0.268689405411525,0.938872802981436,0.938872802981436,3.63570833674087e-06,95.2657142857143,0.386394560144954,0.994534136251892,0.705372388969458
2022-07,0.0306531808934599,0.0313523014820081,0.977334119318289,0.0191903528522594,0.0194587996562362,0.986029160967453,78.2046205075143,70.2152395458148,1.11385619233224,0.6101895866702,0.63286090981847,0.964982656671412,0.0636979475529502,0.0633720112807086,1.00410388741597,0.924002765654864,0.924002765654864,7.26308872868776e-07,97.1571428571429,0.236531720647971,0.940785521380081,0.940785521380081,6.30242470503648e-05,95.732380952381,0.323494216746143,0.982621687680219,0.758762835554794
2022-08,0.0263120495463227,0.0288182028328147,0.913126107365648,0.0160140314372797,0.0160165911040942,1.00041755244729,77.1965875076951,71.8575249209376,1.07445191770499,0.544569940699479,0.533433556306313,1.02096625720573,0.0506178246848116,0.0529434442484155,0.956218366069639,0.992932303534026,0.992932303534026,0,89.3,0.253984901241342,0.996890049952034,0.996890049952034,8.6792887937811e-06,93.8060869565217,0.235355483709782,0.996528999152341,1.27058594063328
2022-09,0.0259253018090752,0.0289134437493674,0.896764601893723,0.0161787227761501,0.0148027437877015,1.09401640543629,77.9230811305627,73.7149578396488,1.05709577426362,0.562312514598264,0.521166748103702,1.07887172300915,0.0516630897983574,0.0560498737126725,0.921735353111514,1.03314601742983,1.03314601742983,3.07871512678663e-06,87.5371428571429,0.230130291577779,1.08803985016761,1.08803985016761,3.30423519233676e-21,90.1057142857143,0.111079778305073,0.950464852212582,0.103399376992021
2022-10,0.025091466980244,0.0283495906872391,0.885006928983769,0.0157273642297551,0.0147896634272912,1.06385616587248,78.9136779301779,74.9148547579665,1.05339110555703,0.592561611440974,0.545694747998571,1.08595056327491,0.0519689872799176,0.0560754877746409,0.92669141344381,1.08603973770383,1.08603973770383,0.000414275094330132,94.60875,0.314643806628718,1.1565599520371,1.1565599520371,0.000243477376586272,87.72625,0.122177259958887,0.93961089816548,5.37195189638136
2022-11,0.0246550044740941,0.0276016037740108,0.893359923412692,0.017132123059173,0.0170310585124877,1.00612613024229,79.3980560343064,76.3354995255402,1.04015222892238,0.590353204554803,0.548270628111993,1.07677001735819,0.0516448658113664,0.0551138779103341,0.937066687732482,1.13838049408811,1.13838049408811,0.00101844551727116,96.3072727272727,0.301034677103319,1.17464908757319,1.17464908757319,2.02448160719064e-06,84.5127272727273,0.0906221633350734,0.970326280486227,3.38457605590472
2022-12,0.0226450808132825,0.0255054872677702,0.887721431244577,0.0170351368880399,0.0177533094963724,0.95956166134614,78.4411034969867,76.2477294189258,1.02878417022264,0.57556496171686,0.534495047834705,1.07680562154181,0.0477981536637247,0.049331305521055,0.96883133058809,1.11649476103348,1.11649476103348,0.000955937486315176,101.118181818182,0.155274414021758,1.13205333739754,1.13205333739754,3.76322284653198e-06,90.0145454545455,0.145004158068989,0.98695972541654,1.11696827589566
2023-01,0.0205699807981276,0.0235982234300376,0.871793398370319,0.0168741049279629,0.0172431243727336,0.978978822393964,72.8506939728094,74.0434780423294,0.983829687407779,0.546087343744817,0.510115172261345,1.07067972436914,0.0413133450749822,0.0433769145198472,0.9524996405199,1.03732717181831,1.03732717181831,0.000243470175771213,92.8325,0.312822739658429,1.05800417434591,1.05800417434591,0.000156013916769334,94.78125,0.155653599667213,0.981178375230342,2.38535987599864
2023-02,0.0183420483530662,0.0212646690977113,0.862475551586868,0.0149946818821902,0.0144681323914857,1.03718539110597,71.5790871697367,69.9067585874363,1.02542935072806,0.529480924127349,0.486695185169156,1.08789887452988,0.0335223757016436,0.0375484266854928,0.892483667097371,0.967105629536889,0.967105629536889,5.56539749550472e-06,93.714,0.324001678525752,1.01369623798831,1.01369623798831,1.01492213839528e-06,88.923,0.117372101210368,0.955087701965594,2.58554861008633
2023-03,0.0174688494236992,0.0207162070830156,0.843234660715561,0.013011610554213,0.0126599475978048,1.02779922105582,67.664185756303,63.681224406618,1.06256255816717,0.547899505123419,0.513610073343773,1.06683181803002,0.0328321448788637,0.0371390416147152,0.883941337905585,0.989808667036209,0.989808667036209,0.000107474162292868,93.4591304347826,0.297711524664263,1.05846838764754,1.05846838764754,0.000233068996241268,91.5373913043478,0.168439356662775,0.937486700487684,1.46489534958669
2023-04,0.0168372984106121,0.0209996552888108,0.802040098489974,0.0122168500287744,0.0126976001361749,0.962328073175194,66.7673247608436,63.3143379543205,1.05456797302028,0.523087463821209,0.493581691296146,1.05987063307622,0.0314918847032384,0.0382474706666167,0.824264215417019,1.01311214076742,1.01311214076742,2.33831734826033e-06,91.6526315789474,0.258165090397483,1.08130062224375,1.08130062224375,0.000391995296591641,92.0947368421053,0.153987513180121,0.93851143229026,1.70904673895107
2023-05,0.0177552021582399,0.0227418263694747,0.78073619118382,0.0125242055816461,0.0131283604589589,0.954419209918749,66.3191519046352,62.7554351033167,1.05678577646087,0.487760637075128,0.475370153616299,1.02584522718831,0.0353362660452512,0.0436865062303493,0.808853142779982,1.07775878371096,1.07775878371096,1.64421279926629e-06,90.486,0.206357103678718,1.13648382156329,1.13648382156329,0.000411174412704408,88.609,0.119550638208559,0.949396829620785,1.91622954645709
2023-06,0.0182417795427922,0.0232536194069688,0.784478791667826,0.013449500245406,0.0132898273687984,1.01209872024761,66.1993375319643,61.0078038817866,1.08519408146757,0.453452066747163,0.458119325704221,0.989729213886527,0.0362636306964849,0.0444653946705152,0.815566275603827,1.16994122803588,1.16994122803588,3.98842135878088e-06,91.812,0.279349514126226,1.11991917687236,1.11991917687236,5.28504988688311e-06,88.436,0.137843844567616,1.04641566702237,1.07921783853692
2023-07,0.0183889018043542,0.023405591289338,0.785641931430963,0.0136063063710192,0.0130330036465027,1.04408278181503,66.3552850926089,60.5717118855063,1.09548676705729,0.449878210801146,0.463425664947324,0.970798769673204,0.0347149535226219,0.043750475393403,0.793435469816229,1.2023252122345,1.2023252122345,7.54881611593797e-06,92.42,0.107680964516418,1.13009827210839,1.13009827210839,0.00048827344144838,95.6095238095238,0.167416856198371,1.06410841630512,0.603588190935158
2023-08,0.016894903578293,0.0215804467781784,0.782899240696989,0.0129200414764255,0.0129902431066839,0.995375269224171,64.8017400598288,57.6333813189691,1.12463269149455,0.459645393953765,0.469480595046436,0.979331398709641,0.0307463295153525,0.0395609431135451,0.777278910751212,1.14753340297582,1.14753340297582,8.83913184373639e-07,87.7530434782609,0.0384768123848616,1.13942300927111,1.13942300927111,0.00077136479461085,101.551304347826,0.0419201332806623,1.00812512522698,0.822489843039757
2023-09,0.0169014774351673,0.0211306544388224,0.7999125047426,0.0121737183262359,0.0131813689095357,0.92343734172419,63.3401726987242,55.8873234283068,1.13336629749493,0.470053575907798,0.500106462193592,0.939958340385295,0.0298916354100796,0.0385944351292218,0.774691705149371,1.09895177996443,1.09895177996443,0.000272472206092962,91.263,0.0617670435779465,1.13243598379141,1.13243598379141,0.000679130881849206,93.586,0.204004746864731,0.971390661977817,-1.41177050386747
2023-10,0.0166109137081231,0.0208714625174446,0.795715518907189,0.011600529998849,0.0129492121825586,0.895707281601926,62.2278319940813,55.6493082036767,1.11821183385018,0.480005063927723,0.500100100012873,0.959528506197661,0.0315718036646306,0.0388118676667647,0.813250302949137,1.07357192157981,1.07357192157981,0.000364620129496402,94.0388235294118,0.163591990617599,1.08816952473104,1.08816952473104,0.000980892026041537,96.1035294117647,0.24342839971869,0.988236186417868,0.689553358639613
2023-11,0.0171413774972997,0.0217190128854661,0.789249861471099,0.0117275563761181,0.0129456665443982,0.90608842410636,63.1629355198345,55.6836018943754,1.13432039543169,0.507521432975697,0.516833664877822,0.98223436672399,0.0322705036312235,0.0393460214881435,0.820121033034292,1.08709418328983,1.08709418328983,0.00091870258128634,100.368181818182,0.180893079714715,1.04620129258832,1.04620129258832,0.00042161966580702,95.5418181818182,0.201168562603486,1.04162952774143,0.970087877927766
2023-12,0.0162374930263415,0.0213641464446949,0.760042995229593,0.0105412549815772,0.0121907115384996,0.864934570736813,63.5707921836062,55.3095269096315,1.14937002558256,0.51241564664646,0.494280381561038,1.03687531502344,0.0312772496694925,0.0390109499147609,0.801809908973795,1.07983368439482,1.07983368439482,0.00127433443588456,100.579047619048,0.206997141026793,1.01787971480757,1.01787971480757,0.000190306769987428,91.9523809523809,0.156649421071114,1.06154498227894,0.727988836785577
2024-01,0.0174733285531768,0.0219295100900786,0.796253519508378,0.0108036255451466,0.0129670170729928,0.833241289759326,66.0496272420682,56.7743644202619,1.16272313996565,0.570011267433403,0.540729601549098,1.05316329608951,0.0347929248234582,0.0425054264226536,0.816180600953544,0.98453719028897,0.98453719028897,0.00101852836925221,101.050909090909,0.103309413553244,1.00169797597837,1.00169797597837,0.000458750957755231,94.8690909090909,0.200704902303724,0.983694849802719,0.4916783051875
2024-02,0.0248549172177157,0.0289062992787887,0.859544364716706,0.0118861600966088,0.0140533471572891,0.84603207456559,74.6239914964974,63.6170554884172,1.17413311686387,0.660996329329222,0.644306883908353,1.02622865450652,0.0566611736094922,0.0654474200525785,0.865454478219338,1.01234270408649,1.01234270408649,0.000420557270464925,100.373333333333,0.145264113055176,1.00078724075748,1.00078724075748,0.000386264092536329,96.2853333333333,0.280976280423167,1.01250754691039,0.540518553489002
2024-03,0.0279375396062223,0.0326176596982346,0.856502464442289,0.0129652811695285,0.0150223755899932,0.863185240166746,75.0860305818868,66.5341190245737,1.12858588293401,0.656308785226031,0.680472140949833,0.964588739934753,0.0602820386417088,0.0699077474910185,0.862317106964849,0.973779339391657,0.973779339391657,0.000416999740450339,98.3638095238095,0.263116348237161,1.02155967551879,1.02155967551879,6.30439529414917e-05,91.6885714285714,0.304731398793096,0.954046859580642,0.874256184871672
2024-04,0.0306501980282866,0.0351549374007705,0.87164587979887,0.0138831412096395,0.0148254364039698,0.936443643831388,74.7545176880898,68.9697843653367,1.08390602337947,0.646841535358415,0.686611338277781,0.942021687534369,0.0640139008063729,0.0728120412211036,0.878805000270799,1.02256852073798,1.02256852073798,0.000197967664021445,99.314,0.148401132860993,1.01995102781564,1.01995102781564,0,86.597,0.238829288078505,1.00339028840952,0.668796415208218
2024-05,0.0291350681331989,0.0328765649561213,0.886775813909952,0.0136584977338762,0.0146376666355179,0.933948651213163,74.8114924344876,69.3162546345836,1.07929768011241,0.56665976576026,0.639997179852364,0.885115089242018,0.0590312126798609,0.0661185904317297,0.893334975286886,1.02666072640195,1.02666072640195,0.000824030146132348,105.69,0.117095082131852,1.03084142135281,1.03084142135281,9.94625614510525e-07,89.368,0.158221532911597,0.997602546613426,0.0732541340289311
2024-06,0.0270051904274665,0.0287403227744562,0.939645064157321,0.0133349937407634,0.0130690656223725,1.02048473504326,74.0315000572418,68.9130421923312,1.07427742899913,0.539907788048506,0.573566266328259,0.94131633452389,0.0550425625634274,0.0578624885710099,0.951330669792185,1.00981726769592,1.00981726769592,0.000959707463520479,97.6736842105263,0.272197071347904,1.01647729749652,1.01647729749652,0.000261424352468325,93.4421052631579,0.119836704607895,0.993953433145233,3.75034919940071
2024-07,0.0255827859020964,0.0274062039723674,0.933076033689151,0.0137314346628826,0.0129227706797642,1.06266672533069,72.8568245383379,67.8571087953401,1.07371921613709,0.548401010774533,0.556041724958405,0.986597807758567,0.050955111224097,0.0531552536589144,0.958167427532067,1.03994738395315,1.03994738395315,0.00111886923253606,97.524347826087,0.270981903180779,1.05813370028701,1.05813370028701,0.000290713914199309,93.7026086956522,0.213834064528566,0.983322393056364,1.1176452654884
2024-08,0.0223443536072687,0.0260438854325587,0.857983359303969,0.0140019496296641,0.0125438005879958,1.11645775236184,71.3405772197325,69.4673282477042,1.02712308633486,0.545616474523187,0.547780008103943,0.99605109937304,0.0444588214496778,0.0495420750779811,0.897586138753854,1.05532294760594,1.05532294760594,0.000908575884140668,94.8763636363636,0.287950949279599,1.08189639994761,1.08189639994761,0.000190058969080316,94.2572727272727,0.218400088598013,0.975649477240947,0.359830424832419
2024-09,0.0212075217161488,0.026109966831691,0.812019447501026,0.0146031340811831,0.0137213686751519,1.06678136339308,71.0825445443336,71.2363004942858,0.998369018157897,0.53383230915617,0.549558888034977,0.97143131071913,0.0400835411981774,0.0477205868760079,0.839808353041399,1.11389275719618,1.11389275719618,0.000538781788611914,92.7042105263158,0.293692773559974,1.09044432372419,1.09044432372419,0.000575858614616808,92.2010526315789,0.140693541535922,1.02202742780952,1.36468161548335
2024-10,0.0281204755320679,0.0333062184356865,0.844196147712767,0.0192619927435429,0.0217713576728375,0.885148350581511,83.608903905241,86.3344472972106,0.968448867730645,0.699430469941067,0.644561021006076,1.08454266284702,0.0526771402418636,0.0602537219546887,0.873717615441738,1.10200807925196,1.10200807925196,0.00112605592874253,99.4644444444444,0.340245284204275,1.06916817979932,1.06916817979932,0.00103423426238577,95.7077777777778,0.306726996918922,1.03115880087633,1.13665425100835
2024-11,0.0304197492585202,0.036183520170303,0.840713137370383,0.0197064871365282,0.0228314734162581,0.863302364803892,82.0207646174364,85.583171698126,0.958376023171934,0.701134593633507,0.644653964975643,1.08770387822747,0.0570403634176336,0.0667781535374054,0.854141664122289,1.01678672870722,1.01678672870722,0.000897719387562033,103.824761904762,0.367270742955968,0.992117394586185,0.992117394586185,0.000894778049246199,97.9676190476191,0.288674439240622,1.02510609289154,1.29958479919433
2024-12,0.031909977990993,0.0378361085523083,0.843398496534103,0.0192716007020116,0.0231366512527688,0.83290129601845,82.05116039263,85.524771067704,0.959395742790991,0.702091474016873,0.646928440949567,1.08529059761268,0.0602607624761134,0.0702340368879682,0.857973659877518,0.938541306612952,0.938541306612952,0.000372125358333265,102.750909090909,0.321026280159161,0.980781548428494,0.980781548428494,5.69976386253023e-05,99.8272727272727,0.285537086703485,0.956659200382896,1.12778471850477
2025-01,0.0273207282345229,0.0340098416043306,0.80287365369211,0.0138036861473891,0.0164550367540379,0.838656246117431,82.4706506363163,86.0320166280945,0.958608191147238,0.581498690266615,0.58033146574012,1.0006609981601,0.0524612984062894,0.0655763501738704,0.798591028453694,0.894407847814138,0.894407847814138,0.00010400151962596,100.797777777778,0.293307360702246,0.913670091159914,0.913670091159914,0.000153410494562162,98.8622222222222,0.269029876553616,0.97949341506693,1.10258953885981
