YearMonth,CVaR_HC,CVaR_LC,CVaR_HL_Ratio
2014-10,0.0354791915304582,0.0384189945618815,0.923634298040272
2014-11,0.0386875236175021,0.0407252527543372,0.950318954625268
2014-12,0.0464433072975958,0.0480692458775569,0.964730865846543
2015-01,0.0570958815947783,0.0549296404589154,1.03892925655765
2015-02,0.0591667423211978,0.0555157021709653,1.06581744201519
2015-03,0.0545605716957546,0.051537976054113,1.05901609776819
2015-04,0.0452216740377329,0.0447210144952356,1.01422088451601
2015-05,0.0515830250631908,0.0522242484631524,0.987217870564605
2015-06,0.0672536717502326,0.0686667547437888,0.980590968479999
2015-07,0.0948153283425116,0.0963954759274124,0.983614512291034
2015-08,0.095118037740942,0.0973839137595751,0.976738508090612
2015-09,0.0972236562718125,0.0985616559731516,0.986420833078593
2015-10,0.0968493548538243,0.0958775535553564,1.01016657291926
2015-11,0.0952701215267225,0.0945365260775441,1.00773056530359
2015-12,0.0741920563057985,0.0773471486687366,0.958764583594502
2016-01,0.0860313536794502,0.0887473103494547,0.969138782916558
2016-02,0.0914452679211003,0.0930334508786244,0.982919624894938
2016-03,0.0938121491106585,0.0950174558362064,0.987318390987746
2016-04,0.0845861209751405,0.0867143134025853,0.974961333254032
2016-05,0.0672230223176175,0.0703258501189241,0.956423434639927
2016-06,0.0541103388354751,0.0564691844690678,0.958780561739905
2016-07,0.0530584684569397,0.0551175499866224,0.963257585502792
2016-08,0.0446736141282131,0.0483989431816138,0.921245984906597
2016-09,0.0394585159517766,0.0422410634614656,0.934810290668418
2016-10,0.0395703400757345,0.041666508485039,0.949701404801423
2016-11,0.033988013003128,0.0331608798859383,1.02611572074547
2016-12,0.0385413803915379,0.0373366965968325,1.03456893127591
2017-01,0.0416119357126996,0.0404951152352097,1.02865774106317
2017-02,0.0442115741588054,0.0434530923452102,1.01745259090309
2017-03,0.0401697832464645,0.0384805235757652,1.04781694451543
2017-04,0.0400968229333444,0.0366888191854563,1.09264279844273
2017-05,0.045128528831664,0.0403987253738387,1.11776384962768
2017-06,0.0479432031340076,0.0449804596773565,1.06593008655843
2017-07,0.0473351497206889,0.0467757646880183,1.01318099115468
2017-08,0.0458707922728547,0.0433794150588701,1.0593271940283
2017-09,0.0438857012432293,0.0388618032611724,1.12935496371474
2017-10,0.04194599018234,0.0365187889570465,1.15105733526059
2017-11,0.0397981551695326,0.0391442393742782,1.02397300688957
2017-12,0.0416778945525574,0.0465279794418986,0.895885066068465
2018-01,0.0414240612443556,0.0471705318781388,0.878159982391935
2018-02,0.0537306279335905,0.0576170361061442,0.931758384284635
2018-03,0.0565693690923615,0.0569067803784909,0.994002316174702
2018-04,0.0617074535776842,0.0621196830804117,0.993406461473462
2018-05,0.0539659391010571,0.0559807030311705,0.961637713663424
2018-06,0.0531664338591353,0.0582998232190983,0.911430069571175
2018-07,0.0555815647341305,0.0610848345848285,0.909911893062242
2018-08,0.0563774080884655,0.0614876139066597,0.916888460232483
2018-09,0.0492189114500895,0.0541985510287627,0.907531905067528
2018-10,0.0542305912148966,0.0600494745831551,0.90252921514077
2018-11,0.0569971227572138,0.0621426312359934,0.917155610123714
2018-12,0.058870392611473,0.0646599199920198,0.910466993935258
2019-01,0.0477866948407389,0.0537769840230048,0.886588608086189
2019-02,0.0431499978673228,0.0502356820626887,0.858890921922883
2019-03,0.0437614069827603,0.0507674599891466,0.860281560438712
2019-04,0.0509505322645567,0.0559371417181314,0.910287895244163
2019-05,0.0668461590896865,0.0718678059725936,0.930127362422321
2019-06,0.0646753517864087,0.0706484289566668,0.915307872356156
2019-07,0.0612049612910056,0.0674441287745281,0.90737813025206
2019-08,0.0438841442463676,0.0484290466314421,0.906226100897831
2019-09,0.0398263134293203,0.0441794792791083,0.90191493763019
2019-10,0.0378767350180815,0.0451999534190327,0.837748659254609
2019-11,0.0351332552150245,0.0441969780109553,0.794763658422226
2019-12,0.0345993191935002,0.0430846135655299,0.803275564660108
2020-01,0.0334293905920306,0.0387006404147446,0.863740070391571
2020-02,0.0557078298033753,0.0606817668878467,0.918840259618665
2020-03,0.0640421860857909,0.0766691523987523,0.83611268601986
2020-04,0.0663076090651078,0.0814356291664659,0.814228030805145
2020-05,0.0511142197753336,0.0704240177827784,0.725811856001642
2020-06,0.0431501732654776,0.0586453426705956,0.737011673866963
2020-07,0.0411524407830831,0.0497482364292098,0.826360278769651
2020-08,0.0456119672456625,0.0541939802755814,0.841494526302467
2020-09,0.0500387404191114,0.0592031946454305,0.845528606805993
2020-10,0.049047430750314,0.0587417109069905,0.834996176250316
2020-11,0.0447242823523161,0.0544115403436306,0.821953052838241
2020-12,0.043787544837058,0.0507080328523864,0.864792174820782
2021-01,0.0492616341982144,0.0523257999892629,0.941152196563878
2021-02,0.0534130631923515,0.0563634240193061,0.947594197246664
2021-03,0.0573382839164385,0.0574361164341905,0.998288234048949
2021-04,0.0571671833492985,0.0546010951710644,1.04707876218651
2021-05,0.0545705136241422,0.0485340582885234,1.12580079192947
2021-06,0.0509938803612201,0.0448176652217158,1.13780611311312
2021-07,0.0477776919623584,0.0460979939711432,1.03726578500444
2021-08,0.0511648926616178,0.0517036061331581,0.990213046664914
2021-09,0.0582151265531462,0.0559281472711604,1.03974610129699
2021-10,0.0711051582760634,0.0582173872616986,1.22135319752614
2021-11,0.071123243846021,0.054625698058405,1.30259063921784
2021-12,0.0674262964183511,0.0515440377417526,1.3076606363657
2022-01,0.0533308867082527,0.0503592330695613,1.06048329275378
2022-02,0.0492357595067887,0.053943181630567,0.912728627353011
2022-03,0.0561765967841496,0.0572782323134782,0.979097575785059
2022-04,0.0639455181424144,0.0615801194702571,1.03794029923125
2022-05,0.0723884384938868,0.0677561580140014,1.06841820598589
2022-06,0.0695290645944037,0.0661834869728453,1.05010766481741
2022-07,0.0636979475529502,0.0633720112807086,1.00410388741597
2022-08,0.0506178246848116,0.0529434442484155,0.956218366069639
2022-09,0.0516630897983574,0.0560498737126725,0.921735353111514
2022-10,0.0519689872799176,0.0560754877746409,0.92669141344381
2022-11,0.0516448658113664,0.0551138779103341,0.937066687732482
2022-12,0.0477981536637247,0.049331305521055,0.96883133058809
2023-01,0.0413133450749822,0.0433769145198472,0.9524996405199
2023-02,0.0335223757016436,0.0375484266854927,0.892483667097371
2023-03,0.0328321448788637,0.0371390416147152,0.883941337905585
2023-04,0.0314918847032384,0.0382474706666167,0.824264215417019
2023-05,0.0353362660452512,0.0436865062303493,0.808853142779982
2023-06,0.0362636306964849,0.0444653946705151,0.815566275603828
2023-07,0.0347149535226219,0.043750475393403,0.79343546981623
2023-08,0.0307463295153525,0.0395609431135451,0.777278910751212
2023-09,0.0298916354100796,0.0385944351292218,0.774691705149371
2023-10,0.0315718036646306,0.0388118676667647,0.813250302949137
2023-11,0.0322705036312235,0.0393460214881435,0.820121033034292
2023-12,0.0312772496694925,0.0390109499147609,0.801809908973795
2024-01,0.0347929248234581,0.0425054264226536,0.816180600953544
2024-02,0.0566611736094922,0.0654474200525785,0.865454478219338
2024-03,0.0602820386417088,0.0699077474910185,0.862317106964849
2024-04,0.0640139008063729,0.0728120412211036,0.878805000270799
2024-05,0.0590312126798609,0.0661185904317297,0.893334975286886
2024-06,0.0550425625634274,0.0578624885710099,0.951330669792185
2024-07,0.050955111224097,0.0531552536589144,0.958167427532067
2024-08,0.0444588214496778,0.0495420750779811,0.897586138753854
2024-09,0.0400835411981774,0.0477205868760079,0.839808353041399
2024-10,0.0526771402418636,0.0602537219546887,0.873717615441738
2024-11,0.0570403634176336,0.0667781535374054,0.854141664122289
2024-12,0.0602607624761134,0.0702340368879682,0.857973659877518
2025-01,0.0524612984062894,0.0655763501738704,0.798591028453694
